Workbook

Sheet X-1
AE1: ZONASI | AF1: 0097062522 | AG1: 20527197 | AH1: ACHMAD RIZQON JANUAR | AI1: L
AE2: ZONASI | AF2: 0093351007 | AG2: 20583363 | AH2: Adintya Djasmine Aulia | AI2: P
AE3: ZONASI | AF3: 0065403876 | AG3: 20527197 | AH3: AMIEN FIRDAUS | AI3: L
A4: Tahun Pelajaran 2026 / 2027 | AE4: RAPORT | AF4: 0099607321 | AG4: 20527180 | AH4: AUFA FIKRI FIRDAUS | AI4: L
AE5: ZONASI | AF5: 0087421628 | AG5: 20527202 | AH5: Bagas Mahardika Putra | AI5: L
AE6: ZONASI | AF6: 0088629626 | AG6: 20527180 | AH6: BELVA PRATISARA DIYAS | AI6: P
A7: No | B7: NIS | C7: NISN | D7: Nama Siswa | E7: L/P | F7: Wali Kelas : | I7: SUFIANATUL NINGSIH, S.Pd | T7: NIP : | V7: 198901172023212000 | AE7: RAPORT | AF7: 0092639463 | AG7: 20527197 | AH7: DAFFA MAULIDAN PUTRA LAKSONO | AI7: L
F8: Tanggal | AE8: KIP | AF8: 0085034059 | AG8: 20566545 | AH8: Desvita Anggraini | AI8: P
AE9: RAPORT | AF9: 0082864028 | AG9: 20527193 | AH9: Dirgantara Fairuz Iftikhori | AI9: L
A10: 1 | B10: 15325 | C10: 0108174028 | D10: AFIFAH | E10: P | AE10: RAPORT | AF10: 0082847597 | AG10: 20527180 | AH10: FIYHIMA AINANI TAJRIYAN | AI10: P | AJ10: =UPPER(D10) -> AFIFAH | AZ10: 0108174028 | BA10: AFIFAH | BB10: P | BC10: SMP negeri 8 pamekasan | BD10: 90.49 | BE10: 63.34 | BF10: 79.63 | BG10: A | BH10: - | BJ10: 15325 | BK10: 0108174028 | BL10: AFIFAH | BM10: A01
A11: 2 | B11: 15337 | C11: 0107626584 | D11: AISYAH FAYYAD MAHIRA EFFENDI | E11: P | AE11: AKDMK | AF11: 0093695374 | AG11: 20528609 | AH11: GILANG ALFAHRIZI | AI11: L | AJ11: =UPPER(D11) -> AISYAH FAYYAD MAHIRA EFFENDI | AZ11: 0107626584 | BA11: AISYAH FAYYAD MAHIRA EFFENDI | BB11: P | BC11: SMP NEGERI 2 PAMEKASAN | BD11: 90.51 | BE11: 65.00 | BF11: 80.31 | BG11: A | BH11: - | BJ11: 15337 | BK11: 0107626584 | BL11: AISYAH FAYYAD MAHIRA EFFENDI | BM11: A02
A12: 3 | B12: 15342 | C12: 0113992796 | D12: ALFINA LAILY | E12: P | AE12: AKDMK | AF12: 0088601519 | AG12: 20583410 | AH12: HILMAN FUADI | AI12: L | AJ12: =UPPER(D12) -> ALFINA LAILY | AZ12: 0113992796 | BA12: ALFINA LAILY | BB12: P | BC12: SMPN 1 PAMEKASAN | BD12: 90.22 | BE12: 75 | BF12: 84.14 | BG12: A | BH12: (-) | BJ12: 15342 | BK12: 0113992796 | BL12: ALFINA LAILY | BM12: A03
A13: 4 | B13: 15348 | C13: 3106424990 | D13: ALVINO DWI ANDIKA | E13: L | AE13: KIP | AF13: 0092932213 | AG13: 20527185 | AH13: ISWAHYUDI ARIF SETIAWAN | AI13: L | AJ13: =UPPER(D13) -> ALVINO DWI ANDIKA | AZ13: 3106424990 | BA13: ALVINO DWI ANDIKA | BB13: L | BC13: SMP Negeri 5 Pamekasan | BD13: 86.54 | BE13: 80.00 | BF13: 83.92 | BG13: A | BH13: -Mendali perunggu pada lomba KMSI se kabupaten tahun 2023 -Mendali perak pada lomba KMSI se provinsi tahun 2023 -Mendali perunggu pada lomba KMSI se kabupaten tahun 2024 | BJ13: 15348 | BK13: 3106424990 | BL13: ALVINO DWI ANDIKA | BM13: A04
A14: 5 | B14: 15349 | C14: 0112191144 | D14: ALYA AZZAHRA HIDAYAT | E14: P | AE14: ZONASI | AF14: 0083224313 | AG14: 20527197 | AH14: LATIFA SALMA | AI14: P | AJ14: =UPPER(D14) -> ALYA AZZAHRA HIDAYAT | AZ14: 0112191144 | BA14: ALYA AZZAHRA HIDAYAT | BB14: P | BC14: SMPN 2 PAMEKASAN | BD14: 86.89 | BE14: 60 | BF14: 76.13 | BG14: A | BH14: - | BJ14: 15349 | BK14: 0112191144 | BL14: ALYA AZZAHRA HIDAYAT | BM14: A05
A15: 6 | B15: 15350 | C15: 0114950171 | D15: ALYSA PUTRI PUSTIKA | E15: P | AE15: RAPORT | AF15: 0098566431 | AG15: 20527197 | AH15: MARSYANAIRA VANESA CELIA | AI15: P | AJ15: =UPPER(D15) -> ALYSA PUTRI PUSTIKA | AZ15: 0114950171 | BA15: ALYSA PUTRI PUSTIKA | BB15: P | BC15: SMPN 1 PADEMAWU | BD15: 83.31 | BE15: 65 | BF15: 75.99 | BG15: A | BH15: - | BJ15: 15350 | BK15: 0114950171 | BL15: ALYSA PUTRI PUSTIKA | BM15: A06
A16: 7 | B16: 15374 | C16: 0114388600 | D16: AYEM SULISTYONING TYAS | E16: P | AE16: RAPORT | AF16: 0099315210 | AG16: 20528625 | AH16: MIFTAHUL FADLI DANIAR | AI16: L | AJ16: =UPPER(D16) -> AYEM SULISTYONING TYAS | AZ16: 0114388600 | BA16: AYEM SULISTYONING TYAS | BB16: P | BC16: SMP NEGERI 2 PADEMAWU | BD16: 91.00 | BE16: 60.00 | BF16: 78.60 | BG16: A | BH16: Juara 1 dari kelas 7-9 Penghargaan tahfidz juz 30 dan juz 1 | BJ16: 15374 | BK16: 0114388600 | BL16: AYEM SULISTYONING TYAS | BM16: A07
A17: 8 | B17: 15375 | C17: 0116997238 | D17: AZALIA MAHARATU SANTOSO | E17: P | AE17: ZONASI | AF17: 0099559196 | AG17: 20527180 | AH17: MOH FIKI ALAN FAJRI | AI17: L | AJ17: =UPPER(D17) -> AZALIA MAHARATU SANTOSO | AZ17: 0116997238 | BA17: AZALIA MAHARATU SANTOSO | BB17: P | BC17: SMPN 1 PAMEKASAN | BD17: 83.03 | BE17: 51.67 | BF17: 70.49 | BG17: A | BH17: - | BJ17: 15375 | BK17: 0116997238 | BL17: AZALIA MAHARATU SANTOSO | BM17: A08
A18: 9 | B18: 15378 | C18: 0119050789 | D18: AZZAHRA MUDANINGRUM WIBOWO | E18: P | AE18: ZONASI | AF18: 0087638152 | AG18: 20527197 | AH18: MOH RAFLI AMIRUL IMAN | AI18: L | AJ18: =UPPER(D18) -> AZZAHRA MUDANINGRUM WIBOWO | AZ18: 0119050789 | BA18: AZZAHRA MUDANINGRUM WIBOWO | BB18: P | BC18: SLTP Negeri 1 Pamekasan | BD18: 82.89 | BE18: 55.00 | BF18: 71.73 | BG18: A | BH18: - | BJ18: 15378 | BK18: 0119050789 | BL18: AZZAHRA MUDANINGRUM WIBOWO | BM18: A09
A19: 10 | B19: 15385 | C19: 0117465252 | D19: BERLIANA ARANIYAH SUBAIRI | E19: P | AE19: ZONASI | AF19: 0087990908 | AG19: 20527197 | AH19: MOH RISHAL HIDAYAT | AI19: L | AJ19: =UPPER(D19) -> BERLIANA ARANIYAH SUBAIRI | AZ19: 0117465252 | BA19: BERLIANA ARANIYAH SUBAIRI | BB19: P | BC19: SMP NEGERI 2 PAMEKASAN | BD19: 85.00 | BE19: 63.33 | BF19: 76.33 | BG19: A | BH19: - | BJ19: 15385 | BK19: 0117465252 | BL19: BERLIANA ARANIYAH SUBAIRI | BM19: A10
A20: 11 | B20: 15398 | C20: 0102397601 | D20: DAFA KANA SUWANDI | E20: L | AE20: ZONASI | AF20: 0096039518 | AG20: 20527197 | AH20: MOHMASYRUR | AI20: L | AJ20: =UPPER(D20) -> DAFA KANA SUWANDI | AZ20: 0102397601 | BA20: DAFA KANA SUWANDI | BB20: L | BC20: MTsN 2 PAMEKASAN | BD20: 82.37 | BE20: 40.00 | BF20: 65.42 | BG20: A | BH20: tidak ada | BJ20: 15398 | BK20: 0102397601 | BL20: DAFA KANA SUWANDI | BM20: A11
A21: 12 | B21: 15425 | C21: 0116574266 | D21: FATHARANI RAJBI WARDANA | E21: L | AE21: ZONASI | AF21: 0095615344 | AG21: 69816340 | AH21: MUHAMMAD FAKHRY HIDAYAT | AI21: L | AJ21: =UPPER(D21) -> FATHARANI RAJBI WARDANA | AZ21: 0116574266 | BA21: FATHARANI RAJBI WARDANA | BB21: L | BC21: MTSN 3 PAMEKASAN | BD21: 86.41 | BE21: 88.33 | BF21: 87.18 | BG21: A | BH21: KIAI juara 2(MA SUMBER BUNGUR PAKONG) | BJ21: 15425 | BK21: 0116574266 | BL21: FATHARANI RAJBI WARDANA | BM21: A12
A22: 13 | B22: 15442 | C22: 0101196604 | D22: GENDIS RAMADHANI PUTRI H | E22: P | AE22: ZONASI | AF22: 0083566346 | AG22: 20527197 | AH22: NADYA AZMI KHAIRUNNISA | AI22: P | AJ22: =UPPER(D22) -> GENDIS RAMADHANI PUTRI H | AZ22: 0101196604 | BA22: GENDIS RAMADHANI PUTRI H | BB22: P | BC22: SMPN 2 PAMEKASAN | BD22: 86.51 | BE22: 63.34 | BF22: 77.24 | BG22: A | BH22: - | BJ22: 15442 | BK22: 0101196604 | BL22: GENDIS RAMADHANI PUTRI H | BM22: A13
A23: 14 | B23: 15457 | C23: 0101218950 | D23: IKROM ALI | E23: L | AE23: NON AKD | AF23: 0081216364 | AG23: 69991338 | AH23: NAUFAL ALWAN HAKIM | AI23: L | AJ23: =UPPER(D23) -> IKROM ALI | AZ23: 0101218950 | BA23: IKROM ALI | BB23: L | BC23: SMPN 2 PAMEKASAN | BD23: 89.06 | BE23: 76.67 | BF23: 84.10 | BG23: A | BH23: - Juara Harapan 1 Pythagoras+22 (2026) Bhs. inggris - Juara Harapan 2 Amfibi+ (2026) Bhs. Inggris - Juara 2 AKSI (2026) Bhs. Inggris | BJ23: 15457 | BK23: 0101218950 | BL23: IKROM ALI | BM23: A14
A24: 15 | B24: 15460 | C24: 0105381495 | D24: ISNA ALVARETA DAMAYANTI | E24: P | AE24: T.ORTU | AF24: 0097690860 | AG24: 20364507 | AH24: NAZWA AULIA NUR ROSIDAH | AI24: P | AJ24: =UPPER(D24) -> ISNA ALVARETA DAMAYANTI | AZ24: 0105381495 | BA24: ISNA ALVARETA DAMAYANTI | BB24: P | BC24: SMP NEGERI 2 PAMEKASAN | BD24: 89.4 | BE24: 65 | BF24: 79.64 | BG24: A | BH24: Juara 1 Olimpiade Bahasa Inggris Catalyst 2026 | BJ24: 15460 | BK24: 0105381495 | BL24: ISNA ALVARETA DAMAYANTI | BM24: A15
A25: 16 | B25: 15471 | C25: 0102404656 | D25: KARIM MUSTHOFA BENZEMA RAHMAN | E25: L | AE25: ZONASI | AF25: 0087802844 | AG25: 20527180 | AH25: NUR IKHLAS ARIFIN | AI25: L | AJ25: =UPPER(D25) -> KARIM MUSTHOFA BENZEMA RAHMAN | AZ25: 0102404656 | BA25: KARIM MUSTHOFA BENZEMA RAHMAN | BB25: L | BC25: SMPN 1 Pamekasan | BD25: 84.34 | BE25: 66.67 | BF25: 77.27 | BG25: A | BH25: - | BJ25: 15471 | BK25: 0102404656 | BL25: KARIM MUSTHOFA BENZEMA RAHMAN | BM25: A16
A26: 17 | B26: 15478 | C26: 0118050569 | D26: KHOIRINI AULIANA SODIK | E26: P | AE26: ZONASI | AF26: 0089202875 | AG26: 20527193 | AH26: NURISCHA AHDANIA | AI26: P | AJ26: =UPPER(D26) -> KHOIRINI AULIANA SODIK | AZ26: 0118050569 | BA26: KHOIRINI AULIANA SODIK | BB26: P | BC26: SMPN 2 Pamekasan | BD26: 88.26 | BE26: 66.67 | BF26: 79.62 | BG26: A | BH26: - | BJ26: 15478 | BK26: 0118050569 | BL26: KHOIRINI AULIANA SODIK | BM26: A17
A27: 18 | B27: 15491 | C27: 0102293794 | D27: MAGHFIRATUL HAQIQIYAH | E27: P | AE27: KIP | AF27: 0086615669 | AG27: 20527202 | AH27: Oktarina Syawla Putri | AI27: P | AJ27: =UPPER(D27) -> MAGHFIRATUL HAQIQIYAH | AZ27: 0102293794 | BA27: MAGHFIRATUL HAQIQIYAH | BB27: P | BC27: SMP Negeri 2 Pamekasan | BD27: 88.54 | BE27: 71.67 | BF27: 81.79 | BG27: A | BH27: - | BJ27: 15491 | BK27: 0102293794 | BL27: MAGHFIRATUL HAQIQIYAH | BM27: A18
A28: 19 | B28: 15496 | C28: 0119102326 | D28: MAISHITA ZALFA ZAHIRA | E28: P | AE28: RAPORT | AF28: 3081834782 | AG28: 20528625 | AH28: RARA QONITA ROYHANI | AI28: P | AJ28: =UPPER(D28) -> MAISHITA ZALFA ZAHIRA | AZ28: 0119102326 | BA28: MAISHITA ZALFA ZAHIRA | BB28: P | BC28: SMP NEGERI 2 PAMEKASAN | BD28: 83.17 | BE28: 61.67 | BF28: 74.57 | BG28: A | BH28: - | BJ28: 15496 | BK28: 0119102326 | BL28: MAISHITA ZALFA ZAHIRA | BM28: A19
A29: 20 | B29: 15508 | C29: 0103517899 | D29: MEISYA MELINDA PUTRI | E29: P | AE29: ZONASI | AF29: 0086255643 | AG29: 20527180 | AH29: REVIANA ZAHRA | AI29: P | AJ29: =UPPER(D29) -> MEISYA MELINDA PUTRI | AZ29: 0103517899 | BA29: MEISYA MELINDA PUTRI | BB29: P | BC29: MTSs MATSARATUL HUDA | BD29: 86.66 | BE29: 45 | BF29: 70 | BG29: A | BH29: - | BJ29: 15508 | BK29: 0103517899 | BL29: MEISYA MELINDA PUTRI | BM29: A20
A30: 21 | B30: 15509 | C30: 0111386102 | D30: MEISYA PURNOMO | E30: P | AE30: NON AKD | AF30: 0095745897 | AG30: 20527193 | AH30: RIZKIANA INTANSARI | AI30: P | AJ30: =UPPER(D30) -> MEISYA PURNOMO | AZ30: 0111386102 | BA30: MEISYA PURNOMO | BB30: P | BC30: SMPN 4 TANJUNG | BD30: 86.46 | BE30: 66.66 | BF30: 87.77 | BG30: A | BH30: - | BJ30: 15509 | BK30: 0111386102 | BL30: MEISYA PURNOMO | BM30: A21
A31: 22 | B31: 15532 | C31: 0104258466 | D31: MOHAMMAD AZZAM FAKHRULLAH | E31: L | AE31: AKDMK | AF31: 0083907588 | AG31: 20527180 | AH31: RUH SYAFIRA CAHYANING PAWASA | AI31: P | AJ31: =UPPER(D31) -> MOHAMMAD AZZAM FAKHRULLAH | AZ31: 0104258466 | BA31: MOHAMMAD AZZAM FAKHRULLAH | BB31: L | BC31: SMPN 1 PAMEKASAN | BD31: 87.69 | BE31: 78.34 | BF31: 83.95 | BG31: A | BH31: 1. Medali perak matematika Final provinsi KMSI 2. Medali perunggu matematika OSI 15 Nasional 3. Medali perunggu IPA OSI 15 Nasional 4 Juara 2 matematika SMASCOM Se-Jawa timur | BJ31: 15532 | BK31: 0104258466 | BL31: MOHAMMAD AZZAM FAKHRULLAH | BM31: A22
A32: 23 | B32: 15536 | C32: 0111595573 | D32: MOHAMMAD IBRAN NAWAFIL | E32: L | AE32: ZONASI | AF32: 0083041624 | AG32: 20527197 | AH32: SALSABILA PUTRI HIDAYAT | AI32: P | AJ32: =UPPER(D32) -> MOHAMMAD IBRAN NAWAFIL | AZ32: 0111595573 | BA32: MOHAMMAD IBRAN NAWAFIL | BB32: L | BC32: MTS NEGERI 1 PAMEKASAN | BD32: 86.11 | BE32: 61.67 | BF32: 76.33 | BG32: A | BH32: - | BJ32: 15536 | BK32: 0111595573 | BL32: MOHAMMAD IBRAN NAWAFIL | BM32: A23
A33: 24 | B33: 15540 | C33: 0107873733 | D33: MOREYNO ISWAHYUDI | E33: L | AE33: RAPORT | AF33: 0109424194 | AG33: 20583367 | AH33: SARAH SALSABILA | AI33: P | AJ33: =UPPER(D33) -> MOREYNO ISWAHYUDI | AZ33: 0107873733 | BA33: MOREYNO ISWAHYUDI | BB33: L | BC33: SMP NEGERI 2 PAMEKASAN | BD33: 86.63 | BE33: 75.00 | BF33: 81.98 | BG33: A | BH33: - | BJ33: 15540 | BK33: 0107873733 | BL33: MOREYNO ISWAHYUDI | BM33: A24
A34: 25 | B34: 15554 | C34: 0106853256 | D34: MUTIARA NOER ISLAMI | E34: P | AE34: RAPORT | AF34: 0081315442 | AG34: 20527197 | AH34: SEPTI RAHMADIYANTI | AI34: P | AJ34: =UPPER(D34) -> MUTIARA NOER ISLAMI | AZ34: 0106853256 | BA34: MUTIARA NOER ISLAMI | BB34: P | BC34: MTs.Mftahul Qulub Polagan | BD34: 89.43 | BE34: 65 | BF34: 79.66 | BG34: A | BH34: - | BJ34: 15554 | BK34: 0106853256 | BL34: MUTIARA NOER ISLAMI | BM34: A25
A35: 26 | B35: 15565 | C35: 0113084419 | D35: NAJWA ZAHRA RAYHANA | E35: P | AE35: ZONASI | AF35: 0085713874 | AG35: 20527180 | AH35: TANIA KHANZA FIRNANDA RAMADHANI | AI35: P | AJ35: =UPPER(D35) -> NAJWA ZAHRA RAYHANA | AZ35: 0113084419 | BA35: NAJWA ZAHRA RAYHANA | BB35: P | BC35: SMPN 2 PAMEKASAN | BD35: 88.69 | BE35: 61.67 | BF35: 77.88 | BG35: A | BH35: - | BJ35: 15565 | BK35: 0113084419 | BL35: NAJWA ZAHRA RAYHANA | BM35: A26
A36: 27 | B36: 15599 | C36: 0104676748 | D36: RAISYA AURELIA JAKSANTO | E36: P | AE36: NON AKD | AF36: 0099637523 | AG36: 20527197 | AH36: Tulus Firmansyah | AI36: L | AJ36: =UPPER(D36) -> RAISYA AURELIA JAKSANTO | AZ36: 0104676748 | BA36: RAISYA AURELIA JAKSANTO | BB36: P | BC36: MTs. Ummul Quro Putri | BD36: 89.11 | BE36: 66.67 | BF36: 77.89 | BG36: A | BH36: Tidak ada | BJ36: 15599 | BK36: 0104676748 | BL36: RAISYA AURELIA JAKSANTO | BM36: A27
A37: 28 | B37: 15600 | C37: 31092433519 | D37: RAISYA TRI YUNIAR HERMITA SARI | E37: P | AJ37: =UPPER(D37) -> RAISYA TRI YUNIAR HERMITA SARI | AZ37: 31092433519 | BA37: RAISYA TRI YUNIAR HERMITA SARI | BB37: P | BC37: SMPN 3 Pamekasan | BD37: 81.43 | BE37: 41.67 | BF37: 65.53 | BG37: A | BH37: - | BJ37: 15600 | BK37: 31092433519 | BL37: RAISYA TRI YUNIAR HERMITA SARI | BM37: A28
A38: 29 | B38: 15614 | C38: 0113258602 | D38: RIZKY FEBRIYAN MAULANA | E38: L | AJ38: =UPPER(D38) -> RIZKY FEBRIYAN MAULANA | AZ38: 0113258602 | BA38: RIZKY FEBRIYAN MAULANA | BB38: L | BC38: MTsN 1 PAMEKASAN | BD38: 86.80 | BE38: 71.67 | BF38: 88.75 | BG38: A | BH38: - | BJ38: 15614 | BK38: 0113258602 | BL38: RIZKY FEBRIYAN MAULANA | BM38: A29
A39: 30 | B39: 15629 | C39: 0102482013 | D39: SAMARA MAJDA WACHDIN | E39: P | AJ39: =UPPER(D39) -> SAMARA MAJDA WACHDIN | AZ39: 0102482013 | BA39: SAMARA MAJDA WACHDIN | BB39: P | BC39: SMP NEGERI 1 PAMEKASAN | BD39: 88.00 | BE39: 73.34 | BF39: 82.14 | BG39: A | BH39: - | BJ39: 15629 | BK39: 0102482013 | BL39: SAMARA MAJDA WACHDIN | BM39: A30
A40: 31 | B40: 15631 | C40: 0118303142 | D40: SATRIA NOVAN PERWIRA | E40: L | AJ40: =UPPER(D40) -> SATRIA NOVAN PERWIRA | AZ40: 0118303142 | BA40: SATRIA NOVAN PERWIRA | BB40: L | BC40: smpn 1 pamekasan | BD40: 82.29 | BE40: 55.00 | BF40: 71.37 | BG40: A | BH40: tidak ada | BJ40: 15631 | BK40: 0118303142 | BL40: SATRIA NOVAN PERWIRA | BM40: A31
A41: 32 | B41: 15634 | C41: 0116008886 | D41: SHABRINA HANDAYANI | E41: P | AJ41: =UPPER(D41) -> SHABRINA HANDAYANI | AZ41: 0116008886 | BA41: SHABRINA HANDAYANI | BB41: P | BC41: SMPN2 PAMEKASAN | BD41: 87.69 | BE41: 55.00 | BF41: 74.61 | BG41: A | BH41: - | BJ41: 15634 | BK41: 0116008886 | BL41: SHABRINA HANDAYANI | BM41: A32
A42: 33 | B42: 15644 | C42: 0111519445 | D42: TALITHA SHAFIYYAH ARGIYANTI | E42: P | AJ42: =UPPER(D42) -> TALITHA SHAFIYYAH ARGIYANTI | AZ42: 0111519445 | BA42: TALITHA SHAFIYYAH ARGIYANTI | BB42: P | BC42: SMPN 2 PAMEKASAN | BD42: 86.63 | BE42: 66.67 | BF42: 78.65 | BG42: A | BH42: - | BJ42: 15644 | BK42: 0111519445 | BL42: TALITHA SHAFIYYAH ARGIYANTI | BM42: A33
A43: 34 | B43: 15659 | C43: 0106057468 | D43: YARIS SULISTIO | E43: L | AJ43: =UPPER(D43) -> YARIS SULISTIO | AZ43: 0106057468 | BA43: YARIS SULISTIO | BB43: L | BC43: SMPN1PADEMAWU | BD43: 88.43 | BE43: 63.34 | BF43: 80.39 | BG43: A | BH43: JUARA HARAPAN 3 IPS SEMADURA YANG DI SELENGARAKAN OLEH MGP IPS KABUPATEN PAMEKASAN PADA TANGGAL 12 NOVEMBER 2023, ,JUARA 3 PADA LOMBA CERDAS CERMAT TINGKAT SMP SEDERAJAT SE KABUPATEN PAMEKASAN DALAM APRESI2 YANG DISELENGGARAKAN OLEH REMAS AGUNG ASY-SYUHADA PAMEKASAN TANGGAL 12 OKTOBER 2025 | BJ43: 15659 | BK43: 0106057468 | BL43: YARIS SULISTIO | BM43: A34
A44: 35 | B44: 15670 | C44: 0102023406 | D44: ZAIDANE ASADIL RAFIE ALFAZARI | E44: L | AJ44: =UPPER(D44) -> ZAIDANE ASADIL RAFIE ALFAZARI | AZ44: 0102023406 | BA44: ZAIDANE ASADIL RAFIE ALFAZARI | BB44: L | BC44: SMP NEGERI 2 PAMEKASAN | BD44: 87.11 | BE44: 66.67 | BF44: 78.93 | BG44: A | BH44: -medali perunggu dan emas sains nasional (puskanas) | BJ44: 15670 | BK44: 0102023406 | BL44: ZAIDANE ASADIL RAFIE ALFAZARI | BM44: A35
A45: 36 | B45: 15675 | C45: 0128146346 | D45: ZULFA NURIL MAWADDAH | E45: P | AJ45: =UPPER(D45) -> ZULFA NURIL MAWADDAH | AZ45: 0128146346 | BA45: ZULFA NURIL MAWADDAH | BB45: P | BC45: MTsN 3 Pamekasan | BD45: 92.90 | BE45: 83.34 | BF45: 89.08 | BG45: A | BH45: Top 100 Terbaik – TKA Competition 1.0 Tingkat SMP/MTs se-Jawa Timur – Lembaga Pendidikan Unggulan Amanatul Ummah Surabaya – 8 Februari 2026 Medali Emas – Nusantara Academic Championship Tingkat Nasional Bidang Matematika – Asosiasi Olimpiade Nusantara & LKP Pakar Akademi – 7 September 2025 Medali Emas – Smart Generation Competition Tingkat Nasional Bidang Pendidikan Agama Islam – Lembaga Satu Prestasi & BEM FTIRS ITS – 7 September 2025 Juara Harapan II – Mafikibisa Plus'25 Bidang PAI Tingkat SMP/MTs se-Madura – OSIS MAN 2 Pamekasan – 6 Desember 2025 | BJ45: 15675 | BK45: 0128146346 | BL45: ZULFA NURIL MAWADDAH | BM45: A36
A46: Paraf | D46: L : | E46: =COUNTIFS($E$10:$E$45,"L") -> 12 | AJ46: =UPPER(D46) -> L :
A47: Guru | D47: P : | E47: =COUNTIFS($E$10:$E$45,"P") -> 24 | AJ47: =UPPER(D47) -> P :
E48: =E46+E47 -> 36

Sheet X-2
AF1: AKDMK | AG1: 0091162442 | AH1: 20566545 | AI1: ADELIA ZAHRA WIEGUNANDA | AJ1: P
AF2: RAPORT | AG2: 0098516635 | AH2: 20583363 | AI2: Ahmad Faiz Rahmatillah | AJ2: L
AF3: KIP | AG3: 0095865130 | AH3: 20537422 | AI3: AHMAD FARHAN HAKIKI | AJ3: L
A4: Tahun Pelajaran 2026 / 2027 | AF4: ZONASI | AG4: 0085516582 | AH4: 20527180 | AI4: AIZZA RAHMATIN NUR NADIN | AJ4: P
AF5: ZONASI | AG5: 0095986339 | AH5: 20527197 | AI5: ALDO SUKMA MAULIDZI | AJ5: L
AF6: NON AKD | AG6: 0082440195 | AH6: 20527180 | AI6: ARIF RAHMAN ALFATHIR | AJ6: L
A7: No | B7: NISN | C7: NISN | D7: Nama Siswa | E7: L/P | F7: Wali Kelas : | I7: JUWAIRIYAH, S.Pd | T7: NIP : | V7: 19770106 2006042013 | AF7: NON AKD | AG7: 0095153508 | AH7: 20527180 | AI7: ARSYIL CAHYA WIBISONO | AJ7: P
F8: Tanggal | AF8: RAPORT | AG8: 0083079329 | AH8: 20566545 | AI8: BUNGA EL SABRINA | AJ8: P
AF9: RAPORT | AG9: 0088600933 | AH9: 20527197 | AI9: CANDRA ADITIYA NURMANSAH | AJ9: L
A10: 1 | B10: 15322 | C10: 3104177826 | D10: ADINDA R NISYRIN AZZAHRA | E10: P | AF10: ZONASI | AG10: 0085720766 | AH10: 20527180 | AI10: CHIKO HARDELIO TAHER | AJ10: L | AL10: =UPPER(D10) -> ADINDA R NISYRIN AZZAHRA | AV10: 3104177826 | AW10: ADINDA R NISYRIN AZZAHRA | AX10: P | AY10: SMP Nurul Jadid | AZ10: 80.66 | BA10: 61.67 | BB10: 73.06 | BC10: B | BD10: Tahfidz | BF10: 15322 | BG10: 3104177826 | BH10: ADINDA R NISYRIN AZZAHRA
A11: 2 | B11: 15372 | C11: 0101969578 | D11: AVISQI SYAFIRULAH FIRMANSYAH | E11: L | AF11: ZONASI | AG11: 0082153282 | AH11: 20527197 | AI11: ELMAS SULTHON SALIM | AJ11: L | AL11: =UPPER(D11) -> AVISQI SYAFIRULAH FIRMANSYAH | AV11: 0101969578 | AW11: AVISQI SYAFIRULAH FIRMANSYAH | AX11: L | AY11: SMP NEGERI 2 PAMEKASAN | AZ11: 82.23 | BA11: 65.00 | BB11: 75.34 | BC11: B | BD11: (-) | BF11: 15372 | BG11: 0101969578 | BH11: AVISQI SYAFIRULAH FIRMANSYAH
A12: 3 | B12: 15373 | C12: 0117318632 | D12: AWLIDYA DINDA NABILA | E12: P | AF12: ZONASI | AG12: 0081076234 | AH12: 20527197 | AI12: FAGHIRA CAYLA PUTRI | AJ12: P | AL12: =UPPER(D12) -> AWLIDYA DINDA NABILA | AV12: ‘0117318632 | AW12: AWLIDYA DINDA NABILA | AX12: P | AY12: SMP Plus Nurul Hikmah Pamekasan | AZ12: 88.17 | BA12: 43.33 | BB12: 70.23 | BC12: B | BD12: - | BF12: 15373 | BG12: 0117318632 | BH12: AWLIDYA DINDA NABILA
A13: 4 | B13: 15403 | C13: 0106318464 | D13: DESI AISYAH ALIFA | E13: P | AF13: RAPORT | AG13: 0085164886 | AH13: 20527197 | AI13: FATHIMAH AZ ZAHRA | AJ13: P | AL13: =UPPER(D13) -> DESI AISYAH ALIFA | AV13: 0106318464 | AW13: DESI AISYAH ALIFA | AX13: P | AY13: SMP NEGERI 1 PAMEKASAN | AZ13: 88.31 | BA13: 71.67 | BB13: 81.65 | BC13: B | BD13: - | BF13: 15403 | BG13: 0106318464 | BH13: DESI AISYAH ALIFA
A14: 5 | B14: 15406 | C14: 0119634502 | D14: DIRA KARTIKA SARI | E14: P | AF14: ZONASI | AG14: 0093543547 | AH14: 20527197 | AI14: FENI ISTIGHFARINI | AJ14: P | AL14: =UPPER(D14) -> DIRA KARTIKA SARI | AV14: 0119634502 | AW14: DIRA KARTIKA SARI | AX14: P | AY14: SMP NEGERI 1 PAMEKASAN | AZ14: 86.46 | BA14: 78.33 | BB14: 83.21 | BC14: B | BD14: - | BF14: 15406 | BG14: 0119634502 | BH14: DIRA KARTIKA SARI
A15: 6 | B15: 15407 | C15: 0102200609 | D15: DZAKIA VANIA AUBERTA JAYADI | E15: P | AF15: ZONASI | AG15: 0087610741 | AH15: 20527197 | AI15: GUNTUR PRASTYO WIBOWO | AJ15: L | AL15: =UPPER(D15) -> DZAKIA VANIA AUBERTA JAYADI | AV15: 0102200609 | AW15: DZAKIA VANIA AUBERTA JAYADI | AX15: P | AY15: SMP NEGERI 2 PAMEKASAN | AZ15: 88.17 | BA15: 65.00 | BB15: 78.90 | BC15: B | BD15: - | BF15: 15407 | BG15: 0102200609 | BH15: DZAKIA VANIA AUBERTA JAYADI
A16: 7 | B16: 15422 | C16: 0111355772 | D16: FARDA AULIA KURNIA | E16: P | AF16: RAPORT | AG16: 0086660138 | AH16: 20527197 | AI16: Juwita Riski Amalia | AJ16: P | AL16: =UPPER(D16) -> FARDA AULIA KURNIA | AV16: 0111355772 | AW16: FARDA AULIA KURNIA | AX16: P | AY16: SMPN 1 LARANGAN | AZ16: 92.03 | BA16: 76.67 | BB16: 85.89 | BC16: B | BD16: 1. Meraih juara harapan 1 (4) dalam lomba PHYTAGORAS+22 yang diselenggarakan oleh SMAN 1 Pamekasan 2. Meraih medali emas tingkat provinsi, medali emas tingkat Kabupaten dan best mapel sejarah tingkat Kabupaten dalam lomba OLIPS ke 2 yang diselenggarakan oleh MGMP IPS Kabupaten Probolinggo 3. Meraih Juara 1 dalam lomba Olimpiade IPS yang diselenggarakan oleh MGMP IPS Pamekasan 4. Meraih Juara 1 dalam lomba MAFIKIBISA PLUS 25 bidang IPS yang diselenggarakan oleh OSIS MAN 2 Pamekasan (27 april) 5. Meraih Juara 2 dalam lomba MAFIKIBISA PLUS 25 bidang IPS yang diselenggarakan oleh OSIS MAN 2 Pamekasan (6 desember) 6. Meraih Juara 2 dalam lomba GOMA PLUS X 2025 bidang IPS yang diselenggarakan oleh OSIS MA ALFALAH 7. Meraih Juara 3 dalam lomba AKSI 2026 bidang IPS yang diselenggarakan oleh MAN 1 PAMEKASAN 8. Meraih Juara 3 dalam lomba AKSI 2025 bidang IPS yang diselenggarakan oleh MAN 1 PAMEKASAN 9. Meraih Juara harapan 1 (4) dalam lomba GOMA PLUS IX 2025 bidang IPS yang diselenggarakan oleh OSIS MA ALFALAH | BF16: 15422 | BG16: 0111355772 | BH16: FARDA AULIA KURNIA
A17: 8 | B17: 15424 | C17: 0116260978 | D17: FARHATUS SHOLIHAH | E17: P | AF17: ZONASI | AG17: 0089337623 | AH17: 20527197 | AI17: KEA APRILIA MEDIANA PUTRI | AJ17: P | AL17: =UPPER(D17) -> FARHATUS SHOLIHAH | AV17: 0116260978 | AW17: FARHATUS SHOLIHAH | AX17: P | AY17: SMP NEGERI 2 PENGANTENAN | AZ17: 88.71 | BA17: 70.00 | BB17: 81.23 | BC17: B | BD17: - | BF17: 15424 | BG17: 0116260978 | BH17: FARHATUS SHOLIHAH
A18: 9 | B18: 15427 | C18: 0109242753 | D18: FAYZA FITRI RAMADHANI | E18: P | AF18: KIP | AG18: 0082984202 | AH18: 20583410 | AI18: MALIKA APRILIA SYAFIUN | AJ18: P | AL18: =UPPER(D18) -> FAYZA FITRI RAMADHANI | AV18: 0109242753 | AW18: FAYZA FITRI RAMADHANI | AX18: P | AY18: SMP NEGERI 2 PAMEKASAN | AZ18: 89.54 | BA18: 83.33 | BB18: 87.06 | BC18: B | BD18: - | BF18: 15427 | BG18: 0109242753 | BH18: FAYZA FITRI RAMADHANI
A19: 10 | B19: 15429 | C19: 0113824295 | D19: FEBRIAN TRISNO PUTRA | E19: L | AF19: ZONASI | AG19: 0099057804 | AH19: 20527197 | AI19: MOH RIZKY ADITIANSYAH | AJ19: L | AL19: =UPPER(D19) -> FEBRIAN TRISNO PUTRA | AV19: 0113824295 | AW19: FEBRIAN TRISNO PUTRA | AX19: L | AY19: SMPN 3 PMK | AZ19: 81.14 | BA19: 78.34 | BB19: 80.02 | BC19: B | BD19: - | BF19: 15429 | BG19: 0113824295 | BH19: FEBRIAN TRISNO PUTRA
A20: 11 | B20: 15431 | C20: 0118805990 | D20: FELICIA LENITA JONATHAN | E20: P | AF20: ZONASI | AG20: 0093162650 | AH20: 20527180 | AI20: MOHAMMAD DHORIF AFLAH FAISAL | AJ20: L | AL20: =UPPER(D20) -> FELICIA LENITA JONATHAN | AV20: 0118805990 | AW20: FELICIA LENITA JONATHAN | AX20: P | AY20: MTSN 3 PAMEKASAN | AZ20: 90.3 | BA20: 61.67 | BB20: 78.85 | BC20: B | BD20: (-) | BF20: 15431 | BG20: 0118805990 | BH20: FELICIA LENITA JONATHAN
A21: 12 | B21: 15470 | C21: 0114204433 | D21: KAIRA BRIANA AQILLA SYUA | E21: P | AF21: ZONASI | AG21: 0086354265 | AH21: 20527197 | AI21: MUHAMMAD IQBAL RAIHANUN | AJ21: L | AL21: =UPPER(D21) -> KAIRA BRIANA AQILLA SYUA | AV21: 0114204433 | AW21: KAIRA BRIANA AQILLA SYUA | AX21: P | AY21: SMP Negeri 1 Pamekasan | AZ21: 89.46 | BA21: 58.34 | BB21: 77.01 | BC21: B | BD21: 1. Juara 3 Olimpiade Sastra Tingkat SMP/MTS/Sederajat Se Madura yang Diselenggarakan oleh Dinas Pendidikan dan Kebudayaan Kabupaten Pamekasan Pada Tanggal 04 Mei 2025 2. Medali Perunggu Level 4 Square Root Olympiad yang diselenggarakan oleh Omag Sinau Semar pada tanggal 23 Februari 2025 | BF21: 15470 | BG21: 0114204433 | BH21: KAIRA BRIANA AQILLA SYUA
A22: 13 | B22: 15479 | C22: 0113992432 | D22: KHOIRUL BARIYAH | E22: P | AF22: AKDMK | AG22: 0083243040 | AH22: 20566545 | AI22: MUHAMMAD RAMZY GUNAWAN | AJ22: L | AL22: =UPPER(D22) -> KHOIRUL BARIYAH | AV22: 0113992432 | AW22: KHOIRUL BARIYAH | AX22: P | AY22: MTS AL-MUZAKKi | AZ22: 84.06 | BA22: 0.00 | BB22: 50.44 | BC22: B | BD22: (-) | BF22: 15479 | BG22: 0113992432 | BH22: KHOIRUL BARIYAH
A23: 14 | B23: 15481 | C23: 0106604350 | D23: KRISNA ARKARNA | E23: L | AF23: RAPORT | AG23: 0091755500 | AH23: 20527197 | AI23: NAILA AZARINE RADHIA IRDIAWAN | AJ23: P | AL23: =UPPER(D23) -> KRISNA ARKARNA | AV23: 0106604350 | AW23: KRISNA ARKARNA | AX23: L | AY23: SMPN 2 PAMEKASAN | AZ23: 82.83 | BA23: 65.00 | BB23: 75.70 | BC23: B | BD23: - | BF23: 15481 | BG23: 0106604350 | BH23: KRISNA ARKARNA
A24: 15 | B24: 15484 | C24: 0115833274 | D24: LEISTYVIA MURZIDHA HAZIS | E24: P | AF24: AKDMK | AG24: 0092355423 | AH24: 20527197 | AI24: NASHIFATUL LAYAL | AJ24: L | AL24: =UPPER(D24) -> LEISTYVIA MURZIDHA HAZIS | AV24: 0115833274 | AW24: LEISTYVIA MURZIDHA HAZIS | AX24: P | AY24: SMP NEGERI 1 PAMEKASAN | AZ24: 84.97 | BA24: 58.33 | BB24: 74.31 | BC24: B | BD24: - | BF24: 15484 | BG24: 0115833274 | BH24: LEISTYVIA MURZIDHA HAZIS
A25: 16 | B25: 15500 | C25: 0117515615 | D25: MAULANA DZAKY ALMER | E25: L | AF25: ZONASI | AG25: 0084036504 | AH25: 20527180 | AI25: NAUFAL PUTRA HARDIANSYAH | AJ25: L | AL25: =UPPER(D25) -> MAULANA DZAKY ALMER | AV25: 0117515615 | AW25: MAULANA DZAKY ALMER | AX25: L | AY25: SMP Negeri 1 Pamekasan | AZ25: 89.74 | BA25: 66.67 | BB25: 80.51 | BC25: B | BD25: 1. Juara 1 IPS (COSMIS) tahun 2023 2. Juara 2 IPS (COSMIS) tahun 2024 3. Juara 2 IPS (Bisco) tahun 2025 4. Juara 2 IPS (SMASCOM) tahun 2025 5. Harapan 3 IPS (AKSI) tahun 2026 | BF25: 15500 | BG25: 0117515615 | BH25: MAULANA DZAKY ALMER
A26: 17 | B26: 15512 | C26: 0107323638 | D26: MERIZA NAILA ROHMAH | E26: P | AF26: ZONASI | AG26: 0089619651 | AH26: 20527197 | AI26: NOER RISQI RAMADHANI | AJ26: L | AL26: =UPPER(D26) -> MERIZA NAILA ROHMAH | AV26: 0107323638 | AW26: MERIZA NAILA ROHMAH | AX26: P | AY26: SMP NEGERI 1 PAMEKASAN | AZ26: 85.65 | BA26: 61.67 | BB26: 73.37 | BC26: B | BD26: - | BF26: 15512 | BG26: 0107323638 | BH26: MERIZA NAILA ROHMAH
A27: 18 | B27: 15513 | C27: 0109610550 | D27: MERY INDRIYANI | E27: P | AF27: ZONASI | AG27: 0092301710 | AH27: 20527180 | AI27: OLIVIA DAMAYANTI LUQMAN | AJ27: P | AL27: =UPPER(D27) -> MERY INDRIYANI | AV27: 0109610550 | AW27: MERY INDRIYANI | AX27: P | AY27: SMPN 1 PAMEKASAN | AZ27: 84.60 | BA27: 56.67 | BB27: 73.43 | BC27: B | BD27: - | BF27: 15513 | BG27: 0109610550 | BH27: MERY INDRIYANI
A28: 19 | B28: 15520 | C28: 0113580736 | D28: MOH DZILDJAN ARUNAKAFA DJ | E28: L | AF28: RAPORT | AG28: 0092111132 | AH28: 20527197 | AI28: R NEVAN BASWARA DAUD | AJ28: L | AL28: =UPPER(D28) -> MOH DZILDJAN ARUNAKAFA DJ | AV28: 0113580736 | AW28: MOH DZILDJAN ARUNAKAFA DJ | AX28: L | AY28: SMPN 2 PAMEKASAN | AZ28: 87.14 | BA28: 66.67 | BB28: 78.95 | BC28: B | BD28: - | BF28: 15520 | BG28: 0113580736 | BH28: MOH DZILDJAN ARUNAKAFA DJ
A29: 20 | B29: 15523 | C29: 0117692097 | D29: MOH ILHAM UBAIDILAH | E29: L | AF29: ZONASI | AG29: 0096209388 | AH29: 20583410 | AI29: RAFIKA PUTRI YUNIAR | AJ29: P | AL29: =UPPER(D29) -> MOH ILHAM UBAIDILAH | AV29: 0117692097 | AW29: MOH ILHAM UBAIDILAH | AX29: L | AY29: SMPN 1 Sampang | AZ29: 92.17 | BA29: 93.34 | BB29: 92.64 | BC29: B | BD29: Juara 3 lomba Phytagoras+22 bidang Matematika | BF29: 15523 | BG29: 0117692097 | BH29: MOH ILHAM UBAIDILAH
A30: 21 | B30: 15527 | C30: 3105710667 | D30: MOH YERIK HARSHA | E30: L | AF30: ZONASI | AG30: 0097120243 | AH30: 20527180 | AI30: SHEBIA KINANTI AURELLUNA | AJ30: P | AL30: =UPPER(D30) -> MOH YERIK HARSHA | AV30: 3105710667 | AW30: MOH YERIK HARSHA | AX30: L | AY30: smpn 1 galis | AZ30: 79.89 | BA30: 48.34 | BB30: 64.12 | BC30: B | BD30: - | BF30: 15527 | BG30: 3105710667 | BH30: MOH YERIK HARSHA
A31: 22 | B31: 15582 | C31: 0104392842 | D31: PRASEPTYAN PUTERA ABSULISTYAWAN | E31: L | AF31: ZONASI | AG31: 0083330053 | AH31: 20527197 | AI31: SHELFIA PUTRI RAMADHANI | AJ31: P | AL31: =UPPER(D31) -> PRASEPTYAN PUTERA ABSULISTYAWAN | AV31: 0104392842 | AW31: PRASEPTYAN PUTERA ABSULISTYAWAN | AX31: L | AY31: SMP NEGERI 2 PAMEKASAN | AZ31: 87.54 | BA31: 61.67 | BB31: 77.19 | BC31: B | BD31: (-) | BF31: 15582 | BG31: 0104392842 | BH31: PRASEPTYAN PUTERA ABSULISTYAWAN
A32: 23 | B32: 15596 | C32: 0114927577 | D32: RAFLI WAHYU SETYAWAN | E32: L | AF32: KIP | AG32: 0093513951 | AH32: 20527166 | AI32: Sitti Uswatun Hasanah | AJ32: P | AL32: =UPPER(D32) -> RAFLI WAHYU SETYAWAN | AV32: 0114927577 | AW32: RAFLI WAHYU SETYAWAN | AX32: L | AY32: SMPN 2 PAMEKASAN | AZ32: 84.23 | BA32: 68.34 | BB32: 77.87 | BC32: B | BD32: - | BF32: 15596 | BG32: 0114927577 | BH32: RAFLI WAHYU SETYAWAN
A33: 24 | B33: 15598 | C33: 0122446477 | D33: RAISHA PUTRI AYUNINDITA | E33: P | AF33: NON AKD | AG33: 0089793791 | AH33: 20527195 | AI33: SULTAN FARAS AS SIDIK | AJ33: L | AL33: =UPPER('X-8'!D21) -> FEBRINA KAYLILA RAHMAWATI | AV33: 0122446477 | AW33: RAISHA PUTRI AYUNINDITA | AX33: P | AY33: SMPN 2 PAMEKASAN | AZ33: 89.37 | BA33: 80 | BB33: 85.62 | BC33: B | BD33: 1. Olimpiade Omni Sains Indonesia ( OSI 2) thn 2025 ( Mapel Bahasa Inggris - Tingkat SMP ) 2. Olimpiade matematika, sains, bahasa inggris tahun 2026 (Mapel Bahasa Inggris - Level 4) | BF33: 15598 | BG33: 0122446477 | BH33: RAISHA PUTRI AYUNINDITA
A34: 25 | B34: 15611 | C34: 0103803597 | D34: RIFQI ALFAIRUS ALHAMDANI | E34: L | AF34: RAPORT | AG34: 0094292897 | AH34: 20527197 | AI34: TASNIM KHAIRULLAH HIDAYAT | AJ34: L | AL34: =UPPER(D34) -> RIFQI ALFAIRUS ALHAMDANI | AV34: 0103803597 | AW34: RIFQI ALFAIRUS ALHAMDANI | AX34: L | AY34: SMP NEGERI 1 Pamekasan | AZ34: 92.40 | BA34: 68.34 | BB34: 82.78 | BC34: B | BD34: - Juara 2 Phytagoras +21 Bidang IPS (SMAN 1 PAMEKASAN). - Juara 3 OLIPS tingkat SLTP/SMP/MTS Se-derajat se Jawa Bali tahun 2025 (HMPS Tadris Ilmu Pengetahuan Sosial Universitas islam Negeri Madura). - Juara 2 SMASCOM & SSO Bidang IPS tahun jenjang SMP/MTs sederajat se-Jawa-Bali tahun 2025 (SMAN 1 Trenggalek). - Juara 3 Olimpiade IPS tingkat SMP/MTS se-Madura tahun 2024 (MGMP IPS Kabupaten Pamekasan). - Juara 2 MAFIKIBISA PLUS'25 Bidang IPS tingkat SMP/MTs sederajat se-Madura tahun 2025 (MAN 2 PAMEKASAN). - Juara 2 KOMPAS +15 tahun 2024 (SMAN 1 Pamekasan). - Juara 2 GOMA PLUS IX 2025 Mapel Agama (MA AL-FALAH Sumber Gayam Kadur Pamekasan). | BF34: 15611 | BG34: 0103803597 | BH34: RIFQI ALFAIRUS ALHAMDANI
A35: 26 | B35: 15619 | C35: 0111790640 | D35: S QONITA HAMDY R | E35: P | AF35: RAPORT | AG35: 0093897835 | AH35: 20527197 | AI35: Vina Istiana | AJ35: P | AL35: =UPPER(D35) -> S QONITA HAMDY R | AV35: 0111790640 | AW35: S QONITA HAMDY R | AX35: P | AY35: SMP Plus Nurul Hikmah | AZ35: 86.77 | BA35: 70.00 | BB35: 80.05 | BC35: B | BD35: - | BF35: 15619 | BG35: 0111790640 | BH35: S QONITA HAMDY R
A36: 27 | B36: 15625 | C36: 0108237820 | D36: SAFRA HUBBY ELHAKIM | E36: P | AF36: T.ORTU | AG36: 0085106484 | AH36: 20527197 | AI36: VIRGI AZMI YUSSININGTYAS | AJ36: P | AL36: =UPPER(D36) -> SAFRA HUBBY ELHAKIM | AV36: 0108237820 | AW36: SAFRA HUBBY ELHAKIM | AX36: P | AY36: MTS Multazam | AZ36: 87.40 | BA36: 63.34 | BB36: 77.78 | BC36: B | BD36: - | BF36: 15625 | BG36: 0108237820 | BH36: SAFRA HUBBY ELHAKIM
A37: 28 | B37: 15628 | C37: 0117202197 | D37: SAKINATIN NUR LAILA HANAFI | E37: P | AL37: =UPPER(D37) -> SAKINATIN NUR LAILA HANAFI | AV37: 0117202197 | AW37: SAKINATIN NUR LAILA HANAFI | AX37: P | AY37: MTSn 3 Pamekasan | AZ37: 90.84 | BA37: 71.67 | BB37: 83.17 | BC37: B | BD37: juara 2 lomba IPA se-Kabupaten Pamekasan dalam rangka Hari Guru Nasional | BF37: 15628 | BG37: 0117202197 | BH37: SAKINATIN NUR LAILA HANAFI
A38: 29 | B38: 15633 | C38: 0111744586 | D38: SHABRINA AZKA IMANA | E38: P | AL38: =UPPER(D38) -> SHABRINA AZKA IMANA | AV38: 0111744586 | AW38: SHABRINA AZKA IMANA | AX38: P | AY38: SMP NEGERI 2 PAMEKASAN | AZ38: 83.20 | BA38: 51.67 | BB38: 70.59 | BC38: B | BD38: - | BF38: 15633 | BG38: 0111744586 | BH38: SHABRINA AZKA IMANA
A39: 30 | B39: 15647 | C39: 0101368280 | D39: ULFA RAUDHATUS SOLEHAH E | E39: P | AL39: =UPPER(D39) -> ULFA RAUDHATUS SOLEHAH E | AV39: 0101368280 | AW39: ULFA RAUDHATUS SOLEHAH E | AX39: P | AY39: SMPN 2 PAMEKASAN | AZ39: 90.11 | BA39: 71.67 | BB39: 82.73 | BC39: B | BD39: (-) | BF39: 15647 | BG39: 0101368280 | BH39: ULFA RAUDHATUS SOLEHAH E
A40: 31 | B40: 15651 | C40: 0108312959 | D40: VIDYRA ANNAJWA SYAFITRI | E40: P | AL40: =UPPER(D40) -> VIDYRA ANNAJWA SYAFITRI | AV40: 0108312959 | AW40: VIDYRA ANNAJWA SYAFITRI | AX40: P | AY40: SMP NEGERI 2 PAMEKASAN | AZ40: 89.91 | BA40: 65.00 | BB40: 79.95 | BC40: B | BD40: - | BF40: 15651 | BG40: 0108312959 | BH40: VIDYRA ANNAJWA SYAFITRI
A41: 32 | B41: 15654 | C41: 0105034607 | D41: WIDAD RAJEV KENZIE | E41: L | AL41: =UPPER(D41) -> WIDAD RAJEV KENZIE | AV41: 0105034607 | AW41: WIDAD RAJEV KENZIE | AX41: L | AY41: SMPN 2 LARANGAN | AZ41: 89.17 | BA41: 68.34 | BB41: 80.84 | BC41: B | BD41: - | BF41: 15654 | BG41: 0105034607 | BH41: WIDAD RAJEV KENZIE
A42: 33 | B42: 15656 | C42: 0119440535 | D42: WILYARDI DWIKI AZKARIANSYAH | E42: L | AL42: =UPPER(D42) -> WILYARDI DWIKI AZKARIANSYAH | AV42: 0119440535 | AW42: WILYARDI DWIKI AZKARIANSYAH | AX42: L | AY42: SMPN 2 PAMEKASAN | AZ42: 83.4 | BA42: 68.34 | BB42: 77.37 | BC42: B | BD42: - | BF42: 15656 | BG42: 0119440535 | BH42: WILYARDI DWIKI AZKARIANSYAH
A43: 34 | B43: 15662 | C43: 0112087908 | D43: YASMIN RAISA SHABRINA | E43: P | AL43: =UPPER(D43) -> YASMIN RAISA SHABRINA | AV43: 0112087908 | AW43: YASMIN RAISA SHABRINA | AX43: P | AY43: SMP NEGERI 2 PAMEKASAN | AZ43: 88.14 | BA43: 60.00 | BB43: 76.88 | BC43: B | BD43: - | BF43: 15662 | BG43: 0112087908 | BH43: YASMIN RAISA SHABRINA
A44: 35 | B44: 15672 | C44: 0101673941 | D44: ZHANDY IEYANK MAHESA | E44: L | AL44: =UPPER(D44) -> ZHANDY IEYANK MAHESA | AV44: 0101673941 | AW44: ZHANDY IEYANK MAHESA | AX44: L | AY44: SMP NEGERI 1 PAMEKASAN | AZ44: 82.94 | BA44: 28.33 | BB44: 59.47 | BC44: B | BD44: - | BF44: 15672 | BG44: 0101673941 | BH44: ZHANDY IEYANK MAHESA
A45: 36 | B45: 15673 | C45: 0113313365 | D45: ZIBAR RABBANY YASIR | E45: L | AL45: =UPPER(D45) -> ZIBAR RABBANY YASIR | AV45: 0113313365 | AW45: ZIBAR RABBANY YASIR | AX45: L | AY45: MTS DARISSALAM | AZ45: 87.86 | BA45: 65 | BB45: 78.72 | BC45: B | BD45: - | BF45: 15673 | BG45: 0113313365 | BH45: ZIBAR RABBANY YASIR
A46: Paraf | D46: L : | E46: =COUNTIFS($E$10:$E$45,"L") -> 14
A47: Guru | D47: P : | E47: =COUNTIFS($E$10:$E$45,"P") -> 22
E48: =E46+E47 -> 36

Sheet X-3
AF1: ZONASI | AG1: 0099987267 | AH1: 20527180 | AI1: ABD HAMID MANAF | AJ1: L
AF2: ZONASI | AG2: 0082986450 | AH2: 20527197 | AI2: ACH IMAM MURTADHO | AJ2: L
AF3: RAPORT | AG3: 0093908702 | AH3: 20527197 | AI3: ADLYANSYAH BUDIMAN | AJ3: L
A4: Tahun Pelajaran 2026 / 2027 | AF4: ZONASI | AG4: 0095256057 | AH4: 60729406 | AI4: AKBAR RAHMATULLAH RAMADHAN | AJ4: L
AF5: ZONASI | AG5: 0093440845 | AH5: 20527169 | AI5: ALLENA GIOVANNY SUGIARTO | AJ5: P
AF6: RAPORT | AG6: 0089803534 | AH6: 20527180 | AI6: ALYSSA RISMA PARAMITHA | AJ6: P
A7: No | B7: NIS | C7: NISN | D7: Nama Siswa | E7: L/P | F7: Wali Kelas : | I7: ERLY NOER AISYAH, S.Si. | T7: NIP : | V7: 198407302024212000 | AF7: ZONASI | AG7: 0082607776 | AH7: 20527197 | AI7: ANDI ZAKY DANISH FIRMANSYAH | AJ7: L
F8: Tanggal | AF8: RAPORT | AG8: 0095437804 | AH8: 20531242 | AI8: Asyra Mardhodillah Shafa | AJ8: P
AF9: AKDMK | AG9: 0081651505 | AH9: 20527197 | AI9: AURIGA SYAFHA FAIRUZ SYAHREZA | AJ9: P
A10: 1 | B10: 15320 | C10: 0116875613 | D10: ADIENDA CANTIKA YUDHISTIRA | E10: P | AF10: RAPORT | AG10: 3094339612 | AH10: 20566545 | AI10: BUMI SUKMAWATI | AJ10: P | AM10: =UPPER(D10) -> ADIENDA CANTIKA YUDHISTIRA | AT10: 0116875613 | AU10: ADIENDA CANTIKA YUDHISTIRA | AV10: P | AW10: SMP Negeri 2 Pamekasan | AX10: 85.37 | AY10: 60.00 | AZ10: 75.22 | BA10: C | BB10: - | BD10: 15320 | BE10: 0116875613 | BF10: ADIENDA CANTIKA YUDHISTIRA | BG10: C01
A11: 2 | B11: 15324 | C11: 0109084702 | D11: AFFAN MAULANA ISHAQ | E11: L | AF11: ZONASI | AG11: 0089501886 | AH11: 20527193 | AI11: DHIMAS ADHA TRI SUSANTO | AJ11: L | AM11: =UPPER(D11) -> AFFAN MAULANA ISHAQ | AT11: 0109084702 | AU11: AFFAN MAULANA ISHAQ | AV11: L | AW11: SMP NEGRI 1 PAMEKASAN | AX11: 82.17 | AY11: 53.34 | AZ11: 70.64 | BA11: C | BB11: (-) | BD11: 15324 | BE11: 0109084702 | BF11: AFFAN MAULANA ISHAQ | BG11: C02
A12: 3 | B12: 15326 | C12: 0105523137 | D12: AFINA FILZAH KHAIRANA RACHMAN | E12: P | AF12: RAPORT | AG12: 0089987994 | AH12: 20527197 | AI12: FARDAN ABDILLAH NUR FIRDAUS | AJ12: L | AM12: =UPPER(D12) -> AFINA FILZAH KHAIRANA RACHMAN | AT12: 0105523137 | AU12: AFINA FILZAH KHAIRANA RACHMAN | AV12: P | AW12: SMPN 2 PAMEKASAN | AX12: 89.2 | AY12: 68.34 | AZ12: 80.86 | BA12: C | BB12: - | BD12: 15326 | BE12: 0105523137 | BF12: AFINA FILZAH KHAIRANA RACHMAN | BG12: C03
A13: 4 | B13: 15327 | C13: 0109145031 | D13: AFUZA GHANIAH KHAIRINA RACHMAN | E13: P | AF13: ZONASI | AG13: 0083785128 | AH13: 69980589 | AI13: HANIK AWALIYATUN NANDINI | AJ13: P | AM13: =UPPER(D13) -> AFUZA GHANIAH KHAIRINA RACHMAN | AT13: 0109145031 | AU13: AFUZA GHANIAH KHAIRINA RACHMAN | AV13: P | AW13: SMPN 2 PAMEKASAN | AX13: 89.34 | AY13: 63.34 | AZ13: 78.94 | BA13: C | BB13: (-) | BD13: 15327 | BE13: 0109145031 | BF13: AFUZA GHANIAH KHAIRINA RACHMAN | BG13: C04
A14: 5 | B14: 15331 | C14: 0102511323 | D14: AHMAD GHAISAN NAVIZ RAMADANI | E14: L | AF14: KIP | AG14: 0096593970 | AH14: 20527197 | AI14: HASNAH AL AFIYAH | AJ14: L | AM14: =UPPER(D14) -> AHMAD GHAISAN NAVIZ RAMADANI | AT14: 0102511323 | AU14: AHMAD GHAISAN NAVIZ RAMADANI | AV14: L | AW14: IIS SMP PROGRESSIVE BUMI SHALAWAT | AX14: 88.31 | AY14: 71.67 | AZ14: 81.65 | BA14: C | BB14: JUARA 1 OLIMPIADE BAHASA INDONESIA OLIMPIADE RIHAND CREATIVE BY UNIVERSITAS NEGERI MALANG | BD14: 15331 | BE14: 0102511323 | BF14: AHMAD GHAISAN NAVIZ RAMADANI | BG14: C05
A15: 6 | B15: 15362 | C15: 0114675356 | D15: ARIQOH SALSABILA RAMADHANI | E15: P | AF15: RAPORT | AG15: 0104564202 | AH15: 20583367 | AI15: KAYLA AIKO MARITZA | AJ15: P | AM15: =UPPER(D15) -> ARIQOH SALSABILA RAMADHANI | AT15: 0114675356 | AU15: ARIQOH SALSABILA RAMADHANI | AV15: P | AW15: SMP negeri 5 Pamekasan | AX15: 84.52 | AY15: 70 | AZ15: 78.71 | BA15: C | BB15: - | BD15: 15362 | BE15: 0114675356 | BF15: ARIQOH SALSABILA RAMADHANI | BG15: C06
A16: 7 | B16: 15386 | C16: 0114593863 | D16: BEZALEEL KEZIO BUDIJONO | E16: L | AF16: RAPORT | AG16: 0091869182 | AH16: 20527197 | AI16: MAJENDRA FAREL RIZKY HARIYANTO | AJ16: L | AM16: =UPPER(D16) -> BEZALEEL KEZIO BUDIJONO | AT16: 0114593863 | AU16: BEZALEEL KEZIO BUDIJONO | AV16: L | AW16: SMP NEGERI 2 PAMEKASAN | AX16: 89.37 | AY16: 58.34 | AZ16: 76.96 | BA16: C | BB16: - | BD16: 15386 | BE16: 0114593863 | BF16: BEZALEEL KEZIO BUDIJONO | BG16: C07
A17: 8 | B17: 15390 | C17: 0109772634 | D17: BINANDA SABRINA PUTRI KASYAFANI | E17: P | AF17: A.GURU | AG17: 0091835952 | AH17: 20527197 | AI17: Merisa Anggi Yulia Putri | AJ17: P | AM17: =UPPER(D17) -> BINANDA SABRINA PUTRI KASYAFANI | AT17: 0109772634 | AU17: BINANDA SABRINA PUTRI KASYAFANI | AV17: P | AW17: SMPN 2 Pamekasan | AX17: 91.89 | AY17: 76.67 | AZ17: 85.80 | BA17: C | BB17: - | BD17: 15390 | BE17: 0109772634 | BF17: BINANDA SABRINA PUTRI KASYAFANI | BG17: C08
A18: 9 | B18: 15413 | C18: 0106741833 | D18: FAIDAH ZALIMAR FUATUNSAKINAH | E18: P | AF18: ZONASI | AG18: 0093197545 | AH18: 20527180 | AI18: MILZI ALIFIA MAULIDA | AJ18: P | AM18: =UPPER(D18) -> FAIDAH ZALIMAR FUATUNSAKINAH | AT18: 0106741833 | AU18: FAIDAH ZALIMAR FUATUNSAKINAH | AV18: P | AW18: SMPN 1 Pamekasan | AX18: 93.20 | AY18: 91.67 | AZ18: 92.59 | BA18: C | BB18: juara 2 MCR dan LRP 2023, juara 1 Leo X Limit Tahun 2023, juara 2 The Competition'9 Mepel Matematika Tahun 2024, juara 3 "COMPASS VII" Tahun 2024, juara 1 OSN-K Mapel Matematika Tahun 2024, juara 3 Kompetisi Sains Madrasah Tahun 2024, juara 3 APOTEMA Tahun 2024, juara 1 Olimpiade Matematika Vektor Nasional 2025, juara 1 Olimpika Exploration V Tingkat SMP/MTS Sederajat Tahun 2024, juara 3 AMFIBI Mapel Matematika Tahun 2025, juara 1 Olimpiade Matematika (Khawarizm Competition) Tahun 2025, juara 1 MAFIKIBISA plus'25 Bidang Matematika Tahun 2025, juara 2 Kegiatan AL Uswah Treasure Hunt (AUSTERN) 2.0 Tahun 2025, juara 1 optima tahun 2026 dan juara 1 sigma unira tahun 2026 | BD18: 15413 | BE18: 0106741833 | BF18: FAIDAH ZALIMAR FUATUNSAKINAH | BG18: C09
A19: 10 | B19: 15415 | C19: 0115578774 | D19: FAIRUS HIDAYAH PRAWIDA | E19: P | AF19: AKDMK | AG19: 0082501965 | AH19: 20527166 | AI19: MOH GILANG MAULANA | AJ19: L | AM19: =UPPER(D19) -> FAIRUS HIDAYAH PRAWIDA | AT19: 0115578774 | AU19: FAIRUS HIDAYAH PRAWIDA | AV19: P | AW19: SMPN 2 Pamekasan | AX19: 91.2 | AY19: 76.67 | AZ19: 85.39 | BA19: C | BB19: (-) | BD19: 15415 | BE19: 0115578774 | BF19: FAIRUS HIDAYAH PRAWIDA | BG19: C10
A20: 11 | B20: 15416 | C20: 0106635170 | D20: FAISHAL BISRI ANSHORY | E20: L | AF20: RAPORT | AG20: 0087858823 | AH20: 20527197 | AI20: MOH SAHRUL MAULIDI | AJ20: L | AM20: =UPPER(D20) -> FAISHAL BISRI ANSHORY | AT20: 0106635170 | AU20: FAISHAL BISRI ANSHORY | AV20: L | AW20: SMP PUNCAK DARUS SALAM | AX20: 87.03 | AY20: 63.33 | AZ20: 77.55 | BA20: C | BB20: - | BD20: 15416 | BE20: 0106635170 | BF20: FAISHAL BISRI ANSHORY | BG20: C11
A21: 12 | B21: 15426 | C21: 0115830566 | D21: FATHIR PRATAMA ARIEF | E21: L | AF21: ZONASI | AG21: 0098382897 | AH21: 20527180 | AI21: MOHAMMAD IQBAL RISTRIANTO | AJ21: L | AM21: =UPPER(D21) -> FATHIR PRATAMA ARIEF | AT21: 0115830566 | AU21: FATHIR PRATAMA ARIEF | AV21: L | AW21: SMPN 1 PAMEKASAN | AX21: 82.03 | AY21: 60.00 | AZ21: 73.22 | BA21: C | BB21: - | BD21: 15426 | BE21: 0115830566 | BF21: FATHIR PRATAMA ARIEF | BG21: C12
A22: 13 | B22: 15445 | C22: 0107041594 | D22: GHAYDA AURYNA AZZARIA | E22: P | AF22: ZONASI | AG22: 0084713270 | AH22: 20527197 | AI22: MUHAMMAD YUSUF ADI PRATAMA | AJ22: L | AM22: =UPPER(D22) -> GHAYDA AURYNA AZZARIA | AT22: 0107041594 | AU22: GHAYDA AURYNA AZZARIA | AV22: P | AW22: SMP NEGERI 2 PAMEKASAN | AX22: 88.09 | AY22: 70 | AZ22: 80.85 | BA22: C | BB22: (-) | BD22: 15445 | BE22: 0107041594 | BF22: GHAYDA AURYNA AZZARIA | BG22: C13
A23: 14 | B23: 15449 | C23: 0113441591 | D23: GIOVANNI AURELIA FIDI FRONDEDY | E23: P | AF23: ZONASI | AG23: 0091521750 | AH23: 20527180 | AI23: NAFIL BERYL FAIRUZ | AJ23: L | AM23: =UPPER(D23) -> GIOVANNI AURELIA FIDI FRONDEDY | AT23: 0113441591 | AU23: GIOVANNI AURELIA FIDI FRONDEDY | AV23: P | AW23: SMPN 1 Sumenep | AX23: 91.20 | AY23: 63.34 | AZ23: 80.06 | BA23: C | BB23: - | BD23: 15449 | BE23: 0113441591 | BF23: GIOVANNI AURELIA FIDI FRONDEDY | BG23: C14
A24: 15 | B24: 15456 | C24: 0113481013 | D24: HUMAIRA A TAUFANI | E24: P | AF24: RAPORT | AG24: 3082973214 | AH24: 20528625 | AI24: NAUFAL RAHMATULLOH N A | AJ24: L | AM24: =UPPER(D24) -> HUMAIRA A TAUFANI | AT24: 0113481013 | AU24: HUMAIRA A TAUFANI | AV24: P | AW24: SMP plus Nurul Hikmah | AX24: 85.94 | AY24: 68.33 | AZ24: 78.90 | BA24: C | BB24: - | BD24: 15456 | BE24: 0113481013 | BF24: HUMAIRA A TAUFANI | BG24: C15
A25: 16 | B25: 15498 | C25: 0114940252 | D25: MARETA DWI MELANDRI | E25: P | AF25: KIP | AG25: 0091667325 | AH25: 20527202 | AI25: Naura Wilda Safitri | AJ25: P | AM25: =UPPER(D25) -> MARETA DWI MELANDRI | AT25: 0114940252 | AU25: MARETA DWI MELANDRI | AV25: P | AW25: Smpn 1 pademawu | AX25: 83.14 | AY25: 50.00 | AZ25: 69.88 | BA25: C | BB25: Ipa | BD25: 15498 | BE25: 0114940252 | BF25: MARETA DWI MELANDRI | BG25: C16
A26: 17 | B26: 15503 | C26: 0106532271 | D26: MAULIDIA NABILA SAFITRI | E26: P | AF26: RAPORT | AG26: 0097064727 | AH26: 20527197 | AI26: NAYLA SHAFA AZZAHRA | AJ26: P | AM26: =UPPER(D26) -> MAULIDIA NABILA SAFITRI | AT26: 0106532271 | AU26: MAULIDIA NABILA SAFITRI | AV26: P | AW26: SMP NEGERI 2 PAMEKASAN | AX26: 89.00 | AY26: 66.67 | AZ26: 80.07 | BA26: D | BB26: - | BD26: 15503 | BE26: 0106532271 | BF26: MAULIDIA NABILA SAFITRI | BG26: C17
A27: 18 | B27: 15506 | C27: 0105246267 | D27: MEGA PANGESTU | E27: P | AF27: ZONASI | AG27: 0093422775 | AH27: 20527197 | AI27: RAFEYFA ZALFA ZAHIRA | AJ27: P | AM27: =UPPER(#REF!) -> #REF! | AT27: 0105246267 | AU27: MEGA PANGESTU | AV27: P | AW27: SMP NEGERI 2 PAMEKASAN | AX27: 88.09 | AY27: 60.00 | AZ27: 76.85 | BA27: C | BB27: - | BD27: 15506 | BE27: 0105246267 | BF27: MEGA PANGESTU | BG27: C18
A28: 19 | B28: 15515 | C28: 0116019188 | D28: MOH AINUR ROFIQI | E28: L | AF28: NON AKD | AG28: 3080968608 | AH28: 70027854 | AI28: RAFIF KEMAL AZIZI | AJ28: L | AM28: =UPPER(D28) -> MOH AINUR ROFIQI | AT28: 0116019188 | AU28: MOH AINUR ROFIQI | AV28: L | AW28: MTs Nahdliyatul Islamiyah | AX28: 81.37 | AY28: 58.34 | AZ28: - | BA28: C | BB28: Juara 1 Kompetisi PAI dan Sains (KOMPAS) se-Madura Juara 2 HGN MAN 2 Pamekasan Juara 3 Pidato Bahasa Inggris PORSENI | BD28: 15515 | BE28: 0116019188 | BF28: MOH AINUR ROFIQI | BG28: C19
A29: 20 | B29: 15525 | C29: 0109107539 | D29: MOH JULIANTO ALFARIZI | E29: L | AF29: ZONASI | AG29: 0099672333 | AH29: 20527197 | AI29: RAHMI HUMAIRA | AJ29: P | AM29: =UPPER(D29) -> MOH JULIANTO ALFARIZI | AT29: 0109107539 | AU29: MOH JULIANTO ALFARIZI | AV29: L | AW29: SMPN 8 PAMEKASAN | AX29: 85.40 | AY29: 66.67 | AZ29: 77.91 | BA29: C | BB29: - | BD29: 15525 | BE29: 0109107539 | BF29: MOH JULIANTO ALFARIZI | BG29: C20
A30: 21 | B30: 15526 | C30: 3106372563 | D30: MOH RIZKI RADITYA UMAM | E30: L | AF30: NON AKD | AG30: 0096094178 | AH30: 20527180 | AI30: RAIS AULIA ATTAMIMY WIJAYA | AJ30: L | AM30: =UPPER(D30) -> MOH RIZKI RADITYA UMAM | AT30: 3106372563 | AU30: MOH RIZKI RADITYA UMAM | AV30: L | AW30: SMPN 1 PAMEKASAN | AX30: 90.86 | AY30: 78.34 | AZ30: 85.85 | BA30: C | BB30: JUARA 1 matematika PHYTAGORAS 2026, JUARA 1 matematika beregu leo×limit 2023, JUARA 1 matematika beregu 2024 ,juara 1 matematika beregu leo×limit 2025, juara harapan 1 metematika beregu omvn 2025, juara 2 matematika khawarizm competition 2024, Juara 3 matematika khawarizm competition 2025, juara 1 matematika beregu iof, juara 3 matematika SSO 2024, juara 3 matematika SSO 2024, juara 2 matematika sso 2026 Juara 1 Matematika Samed Plus 2025 Juara 2 Matematika Cosmos VII 2023 Juara Harapan 1 Mafikibisa Plus 2025 Juara IV Matematika MACINTOS 2025 Juara Harapan 1 Matematika Khawarizm competition 2026 Juara Harapan 2 Matematika Sigma Units 2024 | BD30: 15526 | BE30: 3106372563 | BF30: MOH RIZKI RADITYA UMAM | BG30: C21
A31: 22 | B31: 15560 | C31: 0116941093 | D31: NAILA ISTNAINI ZAHRA | E31: P | AF31: AKDMK | AG31: 0093455270 | AH31: 20527185 | AI31: REFATIA MIRZA VALENSI | AJ31: P | AM31: =UPPER(D31) -> NAILA ISTNAINI ZAHRA | AT31: 0116941093 | AU31: NAILA ISTNAINI ZAHRA | AV31: P | AW31: SMP NEGERI 2 PAMEKASAN | AX31: 85.51 | AY31: 61.67 | AZ31: 75.97 | BA31: C | BB31: tidak ada | BD31: 15560 | BE31: 0116941093 | BF31: NAILA ISTNAINI ZAHRA | BG31: C22
A32: 23 | B32: 15564 | C32: 3116785893 | D32: NAJWA AISSYATI ISMAN | E32: P | AF32: ZONASI | AG32: 0089426877 | AH32: 20527197 | AI32: SABRINA KIRANA AYU SUPRIYADI | AJ32: P | AM32: =UPPER(D32) -> NAJWA AISSYATI ISMAN | AT32: 3116785893 | AU32: NAJWA AISSYATI ISMAN | AV32: P | AW32: MTS DDI Masakambing | AX32: 81.93 | AY32: 38.33 | AZ32: 64.49 | BA32: C | BB32: Tidak ada | BD32: 15564 | BE32: 3116785893 | BF32: NAJWA AISSYATI ISMAN | BG32: C23
A33: 24 | B33: 15566 | C33: 0102399771 | D33: NASTAMA TRI ADITYA FASHA | E33: L | AF33: ZONASI | AG33: 0086479528 | AH33: 20583411 | AI33: SELVIA RAMADHANI | AJ33: P | AM33: =UPPER(D33) -> NASTAMA TRI ADITYA FASHA | AT33: 0102399771 | AU33: NASTAMA TRI ADITYA FASHA | AV33: L | AW33: SMPN 1 PAMEKASAN | AX33: 80.31 | AY33: 30.00 | AZ33: 60.19 | BA33: C | BB33: - | BD33: 15566 | BE33: 0102399771 | BF33: NASTAMA TRI ADITYA FASHA | BG33: C24
A34: 25 | B34: 15571 | C34: 0113204752 | D34: NAZLATUR RAHMAH | E34: P | AF34: ZONASI | AG34: 0087393847 | AH34: 20527185 | AI34: SHAHIBUL KAMALI RAHMAT HIDAYAT | AJ34: L | AM34: =UPPER(D34) -> NAZLATUR RAHMAH | AT34: 0113204752 | AU34: NAZLATUR RAHMAH | AV34: P | AW34: SMP PLUS NURUL HIKMAH | AX34: 86.57 | AY34: 70.00 | AZ34: 79.94 | BA34: C | BB34: - | BD34: 15571 | BE34: 0113204752 | BF34: NAZLATUR RAHMAH | BG34: C25
A35: 26 | B35: 15573 | C35: 0118414476 | D35: NIZAR AHZA ALAZZAM | E35: L | AF35: ZONASI | AG35: 0097102519 | AH35: 20527180 | AI35: SHIVA MAULIDYA PRASETIYO | AJ35: P | AM35: =UPPER(D35) -> NIZAR AHZA ALAZZAM | AT35: 0118414476 | AU35: NIZAR AHZA ALAZZAM | AV35: L | AW35: SMPN 1 Pamekasan | AX35: 91.14 | AY35: 80.00 | AZ35: 86.68 | BA35: C | BB35: Tidak ada | BD35: 15573 | BE35: 0118414476 | BF35: NIZAR AHZA ALAZZAM | BG35: C26
A36: 27 | B36: 15583 | C36: 0103189746 | D36: PURI AYU PUTRI BILQIS | E36: P | AF36: NON AKD | AG36: 0093962965 | AH36: 20583363 | AI36: SITI MAISHUROH ASSYIFA | AJ36: P | AM36: =UPPER(D36) -> PURI AYU PUTRI BILQIS | AT36: 0103189746 | AU36: PURI AYU PUTRI BILQIS | AV36: P | AW36: SMPN 1 PAMEKASAN | AX36: 90.89 | AY36: 71.67 | AZ36: 83.2 | BA36: C | BB36: - juara harapan 1 mapel ips, cosmis-viii - juara harapan 1 mapel ips, gamis competition'5 | BD36: 15583 | BE36: 0103189746 | BF36: PURI AYU PUTRI BILQIS | BG36: C27
A37: 28 | B37: 15588 | C37: 0104950261 | D37: PUTRY DESWIETA LADY AWALIA | E37: P | AM37: =UPPER(D37) -> PUTRY DESWIETA LADY AWALIA | AT37: 0104950261 | AU37: PUTRY DESWIETA LADY AWALIA | AV37: P | AW37: SMPN 2 PAMEKASAN | AX37: 84.80 | AY37: 56.67 | AZ37: 73.55 | BA37: C | BB37: - | BD37: 15588 | BE37: 0104950261 | BF37: PUTRY DESWIETA LADY AWALIA | BG37: C28
A38: 29 | B38: 15592 | C38: 0117957178 | D38: R FAKHRI ADLI NASHSHAR | E38: L | AM38: =UPPER(D38) -> R FAKHRI ADLI NASHSHAR | AT38: 0117957178 | AU38: R FAKHRI ADLI NASHSHAR | AV38: L | AW38: SMPN 2 PAMEKASAN | AX38: 86.75 | AY38: 56..67 | AZ38: 72.50 | BA38: C | BB38: tidak ada | BD38: 15592 | BE38: 0117957178 | BF38: R FAKHRI ADLI NASHSHAR | BG38: C29
A39: 30 | B39: 15593 | C39: 0105301606 | D39: RA SAFARAZ AUFA AZALIA | E39: P | AM39: =UPPER(D39) -> RA SAFARAZ AUFA AZALIA | AT39: 0105301606 | AU39: RA SAFARAZ AUFA AZALIA | AV39: P | AW39: SMPN 1 PAMEKASAN | AX39: 88.37 | AY39: 60.00 | AZ39: 77.02 | BA39: C | BB39: - | BD39: 15593 | BE39: 0105301606 | BF39: RA SAFARAZ AUFA AZALIA | BG39: C30
A40: 31 | B40: 15594 | C40: 0109047528 | D40: RAFI AGUNG PRAMANA | E40: L | AM40: =UPPER(D40) -> RAFI AGUNG PRAMANA | AT40: 0109047528 | AU40: RAFI AGUNG PRAMANA | AV40: L | AW40: SMPN 2 PAMEKASAN | AX40: 90.8 | AY40: 65 | AZ40: 80.48 | BA40: C | BB40: - | BD40: 15594 | BE40: 0109047528 | BF40: RAFI AGUNG PRAMANA | BG40: C31
A41: 32 | B41: 15622 | C41: 0118197876 | D41: SABRINA ATHIFA KESUMA | E41: P | AM41: =UPPER(D41) -> SABRINA ATHIFA KESUMA | AT41: 0118197876 | AU41: SABRINA ATHIFA KESUMA | AV41: P | AW41: SMP PLUS NURUL HIKMAH | AX41: 88.63 | AY41: 66.67 | AZ41: 79,85 | BA41: C | BB41: - | BD41: 15622 | BE41: 0118197876 | BF41: SABRINA ATHIFA KESUMA | BG41: C32
A42: 33 | B42: 15636 | C42: 0115265208 | D42: SHERLY NATASYA NURIMAN | E42: P | AM42: =UPPER(D42) -> SHERLY NATASYA NURIMAN | AT42: 0115265208 | AU42: SHERLY NATASYA NURIMAN | AV42: P | AW42: SMP Plus Nurul Hikmah | AX42: 88.40 | AY42: 61.67 | AZ42: 77.71 | BA42: C | BB42: - | BD42: 15636 | BE42: 0115265208 | BF42: SHERLY NATASYA NURIMAN | BG42: C33
A43: 34 | B43: 15639 | C43: 0103105963 | D43: SITI ICHA MIFTAHUL JENNAH | E43: P | AM43: =UPPER(D43) -> SITI ICHA MIFTAHUL JENNAH | AT43: 0103105963 | AU43: SITI ICHA MIFTAHUL JENNAH | AV43: P | AW43: SMP negeri 8 Pamekasan | AX43: 90.66 | AY43: 66.67 | AZ43: 81.06 | BA43: C | BB43: - | BD43: 15639 | BE43: 0103105963 | BF43: SITI ICHA MIFTAHUL JENNAH | BG43: C34
A44: 35 | B44: 15645 | C44: 0104330293 | D44: TRI MEYSILA ATMANEGARA | E44: P | AM44: =UPPER(D44) -> TRI MEYSILA ATMANEGARA | AT44: 0104330293 | AU44: TRI MEYSILA ATMANEGARA | AV44: P | AW44: SMP NEGERI 3 PAMEKASAN | AX44: 87.66 | AY44: 76.67 | AZ44: 83.26 | BA44: C | BB44: - | BD44: 15645 | BE44: 0104330293 | BF44: TRI MEYSILA ATMANEGARA | BG44: C35
A45: 36 | B45: 15666 | C45: 0108212780 | D45: YUNITA CAMELA DEWI | E45: P | AM45: =UPPER(D45) -> YUNITA CAMELA DEWI | AT45: 0108212780 | AU45: YUNITA CAMELA DEWI | AV45: P | AW45: SMP Negeri 5 Pamekasan | AX45: 84.09 | AY45: 60 | AZ45: 74.45 | BA45: C | BB45: juara 2 ilmu pengetahuan sosial | BD45: 15666 | BE45: 0108212780 | BF45: YUNITA CAMELA DEWI | BG45: C36
A46: Paraf | D46: L : | E46: =COUNTIFS($E$10:$E$45,"L") -> 12
A47: Guru | D47: P : | E47: =COUNTIFS($E$10:$E$45,"P") -> 24
E48: =E46+E47 -> 36

Sheet X-4
AE1: RAPORT | AF1: 0096776269 | AG1: 20527197 | AH1: AISYAH ANA HARIYANTO | AI1: P
AE2: ZONASI | AF2: 0084641835 | AG2: 20566545 | AH2: AKRAM ARKANANTA FIRDAUS | AI2: L
AE3: ZONASI | AF3: 0083172664 | AG3: 20527180 | AH3: AL FATIH WAHYU BASALAMAH | AI3: L
A4: Tahun Pelajaran 2026 / 2027 | AE4: KIP | AF4: 0089933258 | AG4: 20527166 | AH4: ANDREA NAUFAL SETIAWAN | AI4: L
AE5: AKDMK | AF5: 0095415650 | AG5: 20527197 | AH5: APRILIA NURIL QOMARI | AI5: P
AE6: ZONASI | AF6: 0094693693 | AG6: 20566545 | AH6: AURA NADHIF HENDRA SYAHPUTRA | AI6: P
A7: No | B7: NIS | C7: NISN | D7: Nama Siswa | E7: L/P | F7: Wali Kelas : | I7: MOH. LUTFI KARIM, S.Si | T7: NIP : | V7: 199105032024211000 | AE7: ZONASI | AF7: 0098143816 | AG7: 20527180 | AH7: AZIMU NASYWA YATRIN | AI7: P
F8: Tanggal | AE8: RAPORT | AF8: 0082558863 | AG8: 20527185 | AH8: Bambang Fariaji | AI8: L
AE9: RAPORT | AF9: 0083494373 | AG9: 20527197 | AH9: CARISSA DWI PUTRI LARASATI | AI9: P
A10: 1 | B10: 15318 | C10: 0115900723 | D10: ABDULLAH HAKAM AL GHIFARI | E10: L | AE10: AKDMK | AF10: 0098040950 | AG10: 20527180 | AH10: CHRISTOFFER CONSTANTINE SANTOSO | AI10: L | AM10: =UPPER('X-7'!D10) -> AIDA DESTIYANA PUTRI | AV10: 0115900723 | AW10: ABDULLAH HAKAM AL GHIFARI | AX10: L | AY10: SMPN 2 PAMEKASAN | AZ10: 81.26 | BA10: 45 | BB10: 66.76 | BC10: D | BD10: tidak ada | BG10: 15318 | BH10: 0115900723 | BI10: ABDULLAH HAKAM AL GHIFARI | BJ10: D01
A11: 2 | B11: 15351 | C11: 0116058220 | D11: AMELIA PUTRI SRI RAHAYU | E11: P | AE11: ZONASI | AF11: 0091164419 | AG11: 20527197 | AH11: FATIMAH KASYAF FANIE WAHAB | AI11: P | AM11: =UPPER('X-10'!D14) -> ANDINI UTAMI ARYPUTRI | AV11: 0116058220 | AW11: AMELIA PUTRI SRI RAHAYU | AX11: P | AY11: SMPN 8 Pamekasan | AZ11: 91.86 | BA11: 63.34 | BB11: 80.45 | BC11: D | BD11: Juara 2 FTBI Carakan Madura | BG11: 15351 | BH11: 0116058220 | BI11: AMELIA PUTRI SRI RAHAYU | BJ11: D02
A12: 3 | B12: 15356 | C12: 0108111782 | D12: ANISA MARATUS SHOLEHAH | E12: P | AE12: ZONASI | AF12: 0086888062 | AG12: 20527197 | AH12: HUMAIR DZIKRI SYAHLANA | AI12: L | AM12: =UPPER('X-7'!D12) -> ALMIRA BASHITA KURNIAWAN | AV12: 0108111782 | AW12: ANISA MARATUS SHOLEHAH | AX12: P | AY12: MtsN 1 Pamekasan | AZ12: 88.48 | BA12: 55.00 | BB12: 75.09 | BC12: D | BD12: - | BG12: 15356 | BH12: 0108111782 | BI12: ANISA MARATUS SHOLEHAH | BJ12: D03
A13: 4 | B13: 15367 | C13: 0113664330 | D13: AUDRIA CALYA PUTRI SANTOSO | E13: P | AE13: ZONASI | AF13: 3089324280 | AG13: 20566545 | AH13: Keyzha Lucyana Adhia Rinda | AI13: P | AM13: =UPPER('X-7'!D13) -> BAGAS DWI BUSRI YAQIN | AV13: 0113664330 | AW13: AUDRIA CALYA PUTRI SANTOSO | AX13: P | AY13: SMPN 2 PAMEKASAN | AZ13: 90.86 | BA13: 63.33 | BB13: 79.85 | BC13: D | BD13: - | BG13: 15367 | BH13: 0113664330 | BI13: AUDRIA CALYA PUTRI SANTOSO | BJ13: D04
A14: 5 | B14: 15380 | C14: 0111948346 | D14: BAGAS DHELTA SABILA | E14: L | AE14: ZONASI | AF14: 0084247358 | AG14: 20527197 | AH14: LINDHA SYAFITRI | AI14: P | AM14: =UPPER('X-7'!D14) -> CARISA DAFITRI EFFENDI | AV14: 0111948346 | AW14: BAGAS DHELTA SABILA | AX14: L | AY14: SMP NEGERI 1 PAMEKASAN | AZ14: 90.09 | BA14: 71.67 | BB14: 82.72 | BC14: D | BD14: - | BG14: 15380 | BH14: 0111948346 | BI14: BAGAS DHELTA SABILA | BJ14: D05
A15: 6 | B15: 15393 | C15: 0119037165 | D15: CHARADINA FALIH UTAMI | E15: P | AE15: RAPORT | AF15: 0098583778 | AG15: 20583367 | AH15: LIVIA AURATUS ORYZA SATIVA | AI15: P | AM15: =UPPER('X-7'!D15) -> DAANISH RAFFI ALFARISI | AV15: 0119037165 | AW15: CHARADINA FALIH UTAMI | AX15: P | AY15: SMP NEGERI 1 PAMEKASAN | AZ15: 87.49 | BA15: 75 | BB15: 82.49 | BC15: D | BD15: (-) | BG15: 15393 | BH15: 0119037165 | BI15: CHARADINA FALIH UTAMI | BJ15: D06
A16: 7 | B16: 15400 | C16: 0106704469 | D16: DANIEL DWI PRASETYO ARIFIN | E16: L | AE16: RAPORT | AF16: 0084705460 | AG16: 20583367 | AH16: M ABYAN FAITH FAWAZEE | AI16: L | AM16: =UPPER('X-10'!D38) -> PUTERA IRJAYANI RAHMAN | AV16: 0106704469 | AW16: DANIEL DWI PRASETYO ARIFIN | AX16: L | AY16: SMPN 1 PAMEKASAN | AZ16: 86.29 | BA16: 51.67 | BB16: 72.44 | BC16: D | BD16: - | BG16: 15400 | BH16: 0106704469 | BI16: DANIEL DWI PRASETYO ARIFIN | BJ16: D07
A17: 8 | B17: 15405 | C17: 0106291799 | D17: DHIMAS AHMAD SULTHONI | E17: L | AE17: RAPORT | AF17: 0085989808 | AG17: 20527197 | AH17: MEIDY ARYANTO WIGUNA | AI17: L | AM17: =UPPER('X-7'!D17) -> DELISHA SABRINA PUTRI SURYA | AV17: 0106291799 | AW17: DHIMAS AHMAD SULTHONI | AX17: L | AY17: SMP Plus Nurul Hikmah | AZ17: 87.26 | BA17: 61.67 | BB17: 77.02 | BC17: D | BD17: (-) | BG17: 15405 | BH17: 0106291799 | BI17: DHIMAS AHMAD SULTHONI | BJ17: D08
A18: 9 | B18: 15408 | C18: 0108696856 | D18: ELLISA HABIBAH | E18: P | AE18: ZONASI | AF18: 0092567020 | AG18: 20579418 | AH18: MOH ADITYA MAULANA PUTRA | AI18: L | AM18: =UPPER('X-7'!D18) -> FAIHA NADA ZALFA | AV18: 0108696856 | AW18: ELLISA HABIBAH | AX18: P | AY18: SMP NEGERI 7 PAMEKASAN | AZ18: 83.51 | BA18: 65.00 | BB18: 76.11 | BC18: D | BD18: - | BG18: 15408 | BH18: 0108696856 | BI18: ELLISA HABIBAH | BJ18: D09
A19: 10 | B19: 15418 | C19: 0114428936 | D19: FAIZA AQILA MECCA | E19: P | AE19: ZONASI | AF19: 0089276032 | AG19: 20527197 | AH19: MOH AFGAN BARLIYANTO | AI19: L | AM19: =UPPER('X-7'!D19) -> FITRIA ASIFATUS ZAHRO | AV19: 0114428936 | AW19: FAIZA AQILA MECCA | AX19: P | AY19: SMP Negeri 2 Pamekasan | AZ19: 91.2 | BA19: 76.67 | BB19: 85.39 | BC19: D | BD19: - Juara 1 Olimpiade Bahasa Indonesia (OBI) Se-Madura yang diselenggarakan oleh Himaba FKIP UNIRA. | BG19: 15418 | BH19: 0114428936 | BI19: FAIZA AQILA MECCA | BJ19: D10
A20: 11 | B20: 15420 | C20: 0104596735 | D20: FARADIBA CARISSA PUTRI | E20: P | AE20: NON AKD | AF20: 0085784500 | AG20: 20527195 | AH20: MOH ALFAN KURNIAWAN | AI20: L | AM20: =UPPER('X-7'!D20) -> FITRIYAH | AV20: 0104596735 | AW20: FARADIBA CARISSA PUTRI | AX20: P | AY20: SMPN 2 Pamekasan | AZ20: 86.11 | BA20: 65.00 | BB20: 77.67 | BC20: D | BD20: - | BG20: 15420 | BH20: 0104596735 | BI20: FARADIBA CARISSA PUTRI | BJ20: D11
A21: 12 | B21: 15435 | C21: 0114795074 | D21: FIJRI MEIDY ROZITA | E21: P | AE21: ZONASI | AF21: 0092307512 | AG21: 20527180 | AH21: MOH ARAFA DWI PURWANTO | AI21: L | AM21: =UPPER('X-7'!D21) -> GIBRAN ABDILLAH DHOVAIRY | AV21: 0114795074 | AW21: FIJRI MEIDY ROZITA | AX21: P | AY21: SMPN 8 Pamekasan | AZ21: 91.03 | BA21: 71.67 | BB21: 83.29 | BC21: D | BD21: - | BG21: 15435 | BH21: 0114795074 | BI21: FIJRI MEIDY ROZITA | BJ21: D12
A22: 13 | B22: 15437 | C22: 0119559729 | D22: FITRI ANNISA SOLIHAH | E22: P | AE22: RAPORT | AF22: 0095526227 | AG22: 20528625 | AH22: MOH REZA FEBRILIYANTO | AI22: L | AM22: =UPPER('X-7'!D22) -> IZZA SAYRA QIRANI | AV22: 0119559729 | AW22: FITRI ANNISA SOLIHAH | AX22: P | AY22: MTS NAHDLIYATUL ISLAMIYAH | AZ22: 76.03 | BA22: 40.00 | BB22: 61.62 | BC22: D | BD22: (-) | BG22: 15437 | BH22: 0119559729 | BI22: FITRI ANNISA SOLIHAH | BJ22: D13
A23: 14 | B23: 15440 | C23: 0118922095 | D23: FRANDA DIVINA CARISSA TAN | E23: P | AE23: ZONASI | AF23: 0093901388 | AG23: 20527180 | AH23: MOHAMMAD GHAVIN AZZARYA TAMRIN | AI23: L | AM23: =UPPER('X-7'!D23) -> JUNDIYULHAQ ALMUJADID | AV23: 0118922095 | AW23: FRANDA DIVINA CARISSA TAN | AX23: P | AY23: SMPN 2 PAMEKASAN | AZ23: 88.40 | BA23: 65 | BB23: 79.04 | BC23: D | BD23: - | BG23: 15440 | BH23: 0118922095 | BI23: FRANDA DIVINA CARISSA TAN | BJ23: D14
A24: 15 | B24: 15452 | C24: 0105498999 | D24: HAFIIZH NURBILLA | E24: L | AE24: ZONASI | AF24: 0094661980 | AG24: 20527180 | AH24: MOHAMMAD RIZQI FADILAH | AI24: L | AM24: =UPPER('X-7'!D24) -> KARINA ULYA HARYADI | AV24: 0105498999 | AW24: HAFIIZH NURBILLA | AX24: L | AY24: SMP NEGERI 2 PAMEKASAN | AZ24: 85.69 | BA24: 58.33 | BB24: 74.75 | BC24: D | BD24: TIDAK ADA | BG24: 15452 | BH24: 0105498999 | BI24: HAFIIZH NURBILLA | BJ24: D15
A25: 16 | B25: 15473 | C25: 0111772899 | D25: KAYLA ANUGERAH RAMADHANI | E25: P | AE25: ZONASI | AF25: 0088261483 | AG25: 20566545 | AH25: MUHAMMAD IQBAL LISMARTA | AI25: L | AM25: =UPPER('X-7'!D25) -> KHAIZURAN RABBANI AHNAF | AV25: 0111772899 | AW25: KAYLA ANUGERAH RAMADHANI | AX25: P | AY25: SMPN 2 PAMEKASAN | AZ25: 90.97 | BA25: 80.00 | BB25: 86.58 | BC25: D | BD25: 1. Juara 3 OSN IPS tingkat Kabupaten 2. Peringkat 7 OSN IPS tingkat kabupaten 3. Peringkat 2 Pelatihan Pra- OSN-P 2025 tingkat Provinsi(Erick institut) 4. Semi-Finalis Phytagoras +21 (IPS) se-Madura(smansa) 5. Semi-Finalis Phytagoras +22 (Bahasa Inggris) se-Madura (smansa) | BG25: 15473 | BH25: 0111772899 | BI25: KAYLA ANUGERAH RAMADHANI | BJ25: D16
A26: 17 | B26: 15475 | C26: 0101928629 | D26: KEIZA ALMIRA RAMADHANI ROFAN | E26: P | AE26: RAPORT | AF26: 3099461393 | AG26: 20528625 | AH26: MULIA ANNISA SETYA WARDANI | AI26: P | AM26: =UPPER('X-7'!#REF!) -> #REF! | AV26: 0101928629 | AW26: KEIZA ALMIRA RAMADHANI ROFAN | AX26: P | AY26: SMP NEGERI 2 PAMEKASAN | AZ26: 89.34 | BA26: 50.00 | BB26: 73.60 | BC26: D | BD26: Juara 2 Story Telling Competition, Finalis Provinsi Jawa Timur Matematika LEVEL 4. | BG26: 15475 | BH26: 0101928629 | BI26: KEIZA ALMIRA RAMADHANI ROFAN | BJ26: D17
A27: 18 | B27: 15480 | C27: 0119485437 | D27: KINARA SEPTRI FITRIA | E27: P | AE27: NON AKD | AF27: 0081535841 | AG27: 20527197 | AH27: NADHIFA SUCIANI HUWAIDA | AI27: P | AM27: =UPPER('X-10'!D45) -> ZAKI AGATHA | AV27: 0119485437 | AW27: KINARA SEPTRI FITRIA | AX27: P | AY27: SMP PLUS NURUL HIKMAH | AZ27: 88.06 | BA27: 60.00 | BB27: 76.84 | BC27: D | BD27: - | BG27: 15480 | BH27: 0119485437 | BI27: KINARA SEPTRI FITRIA | BJ27: D18
A28: 19 | B28: 15485 | C28: 0101304244 | D28: LIVIANA ZAHROTUL AMALIYAH | E28: P | AE28: RAPORT | AF28: 0083375001 | AG28: 20527197 | AH28: NAZIFA SALSABILA | AI28: P | AM28: =UPPER('X-7'!D28) -> LYNA ELZA RAMADANI | AV28: 0101304244 | AW28: LIVIANA ZAHROTUL AMALIYAH | AX28: P | AY28: SMP NEGERI 1 PAMEKASAN | AZ28: 92.06 | BA28: 70.00 | BB28: 83.24 | BC28: D | BD28: 1. JUARA 1 MAPEL FISIKA DALAM AJANG “PEKAN RAYA ILMIAH (PRI)” UIN SYARIF HIDAYATULLAH TK.NASIONAL 2025 2. JUARA 1 MAPEL IPA DALAM AJANG “SCIENCE SALATIGA OLYMPIAD (SSO)” UIN SALATIGA TK.NASIONAL 2025 3. JUARA 3 MAPEL IPA DALAM AJANG “OLIENCE” UIN SUNAN AMPEL SURABAYA TK.PROVINSI 2024 4. JUARA HARAPAN 1 MAPEL IPA DALAM AJANG “CHROMOSOM” UNIVERSITAS TRUNOJOYO MADURA SE-SURABAYA DAN MADURA 2025 5. JUARA HARAPAN 2 IPA DALAM AJANG “CHROMOSOM” UNIVERSITAS TRUNOJOYO MADURA SE-SURABAYA DAN MADURA 2024 6. MEDALI PERAK IPA DALAM AJANG “OSIRIS” SMAUBP AMANATUL UMMAH TK.NASIONAL 2025 7. JUARA 2 BIOLOGI DALAM AJANG “S2LC”SMALA SE-JAWA DAN BALI 2024 8. JUARA 1 IPA DALAM AJANG “SAMED PLUS” SE-MADURA 2025 9. JUARA 2 IPA DALAM AJANG “SAMED PLUS”SE-MADURA 2024 10. JUARA 2 ESAI TK.KABUPATEN 2024 11. JUARA 2 CERPEN DALAM AJANG FTBI TK.KABUPATEN 2025 12. PERINGKAT 7 OLIMPIADE SAINS NASIONAL (OSN) MAPEL IPA 2024 13. PERINGKAT 7 LOMBA MENULIS ESAI TK.KABUPATEN 2025 14. JUARA HARAPAN 2 MATHEMATICS AND SCIENCE ON SMADA (MACINTOS) TK.PROVINSI 2025 | BG28: 15485 | BH28: 0101304244 | BI28: LIVIANA ZAHROTUL AMALIYAH | BJ28: D19
A29: 20 | B29: 15495 | C29: 0106943785 | D29: MAHSYARIS ALVERRO RIZQI SYAHDIANRA | E29: L | AE29: ZONASI | AF29: 0087193172 | AG29: 20527197 | AH29: NUR SYARIF | AI29: L | AM29: =UPPER('X-7'!D29) -> M FAUZUL RAHMAN IRDIANSYAH | AV29: 0106943785 | AW29: MAHSYARIS ALVERRO RIZQI SYAHDIANRA | AX29: L | AY29: SMPN 1 Pamekasan | AZ29: 93.03 | BA29: 90.00 | BB29: 91.82 | BC29: D | BD29: Juara 2 PHYTA Bahasa Inggris | BG29: 15495 | BH29: 0106943785 | BI29: MAHSYARIS ALVERRO RIZQI SYAHDIANRA | BJ29: D20
A30: 21 | B30: 15507 | C30: 0109027972 | D30: MEILINDA PUTRI WIDIANITA | E30: P | AE30: A.GURU | AF30: 0088070697 | AG30: 20527197 | AH30: R AYU NOURA AZKIA | AI30: P | AM30: =UPPER('X-5'!D13) -> AISAH SABRINA SALSABIYLA | AV30: 0109027972 | AW30: MEILINDA PUTRI WIDIANITA | AX30: P | AY30: smpn 2 pamekasan | AZ30: 87.11 | BA30: 52 | BB30: 72.93 | BC30: D | BD30: - | BG30: 15507 | BH30: 0109027972 | BI30: MEILINDA PUTRI WIDIANITA | BJ30: D21
A31: 22 | B31: 15519 | C31: 0103443988 | D31: MOH CHOKY AHZANUR KUSNADI | E31: L | AE31: ZONASI | AF31: 0098997217 | AG31: 20527197 | AH31: R RAIHANUN FEBRIYANA SUGIHARTO | AI31: P | AM31: =UPPER('X-9'!D19) -> BELLY WIJAYA PRATAMA | AV31: 0103443988 | AW31: MOH CHOKY AHZANUR KUSNADI | AX31: L | AY31: SMPN 1 PAMEKASAN | AZ31: 82.51 | BA31: 50.00 | BB31: 69.51 | BC31: D | BD31: - | BG31: 15519 | BH31: 0103443988 | BI31: MOH CHOKY AHZANUR KUSNADI | BJ31: D22
A32: 23 | B32: 15531 | C32: 0104091877 | D32: MOHAMMAD ANAS AMRULLAH | E32: L | AE32: AKDMK | AF32: 0083012066 | AG32: 20529915 | AH32: REISYA SATYA AYU PRAMESWARI | AI32: P | AM32: =UPPER('X-7'!D33) -> MUHAMMAD RAFI ABDULLAH | AV32: 0104091877 | AW32: MOHAMMAD ANAS AMRULLAH | AX32: L | AY32: SMPN 1 PAMEKASAN | AZ32: 83.86 | BA32: 76.67 | BB32: 80.98 | BC32: D | BD32: - | BG32: 15531 | BH32: 0104091877 | BI32: MOHAMMAD ANAS AMRULLAH | BJ32: D23
A33: 24 | B33: 15543 | C33: 0127097427 | D33: MUHAMMAD ARIQ ULWAN | E33: L | AE33: ZONASI | AF33: 0088888355 | AG33: 20583367 | AH33: SAVIRA ELDIANA | AI33: P | AM33: =UPPER('X-7'!D34) -> MUHAMMAD RIZQI ZAMZAMI | AV33: 0127097427 | AW33: MUHAMMAD ARIQ ULWAN | AX33: L | AY33: MTsN 3 PAMEKASAN | AZ33: 90.58 | BA33: 68.33 | BB33: 81.68 | BC33: D | BD33: (-) | BG33: 15543 | BH33: 0127097427 | BI33: MUHAMMAD ARIQ ULWAN | BJ33: D24
A34: 25 | B34: 15567 | C34: 0118621306 | D34: NAYLA FITRIYATUL JANNAH | E34: P | AE34: KIP | AF34: 0099249982 | AG34: 20527202 | AH34: Selviana Febiyanti | AI34: P | AM34: =UPPER('X-7'!D35) -> NADIA PUTRI RENATA | AV34: 0118621306 | AW34: NAYLA FITRIYATUL JANNAH | AX34: P | AY34: SMPN 2 PAMEKASAN | AZ34: 83.09 | BA34: 75.00 | BB34: 79.85 | BC34: E | BD34: - | BG34: 15567 | BH34: 0118621306 | BI34: NAYLA FITRIYATUL JANNAH | BJ34: D25
A35: 26 | B35: 15591 | C35: 0122129700 | D35: QONITATILLAH MARDIYA BAHITA | E35: P | AE35: NON AKD | AF35: 0084473234 | AG35: 20527169 | AH35: Vincentius Samuel Candra | AI35: L | AM35: =UPPER('X-7'!D36) -> NADITA CITRA PRATIWI | AV35: 0118637597 | AW35: NAZIL QYNAN ALHASAN | AX35: P | AY35: SMPN 1 PAMEKASAN | AZ35: 89.46 | BA35: 78.33 | BB35: 85.01 | BC35: D | BD35: -juara 3 lomba Olimpiade matematika squareRoot 2024 -juara 2 lomba Olimpiade matematika SMASCOM 2024 -juara harapan 3 lomba Olimpiade matematika COSMIS VIII 2024 -juara medali perak lomba Olimpiade matematika squareRoot 2025 -juara 2 lomba Olimpiade matematika LEO X LIMIT 2025 -juara harapan 1 lomba Olimpiade matematika COSMIS IX 2025 -juara 1 lomba Olimpiade matematika CATALYST+ 2026 | BG35: 15591 | BH35: 0122129700 | BI35: QONITATILLAH MARDIYA BAHITA | BJ35: D26
A36: 27 | B36: 15602 | C36: 0113425330 | D36: RANANDIKA ARFANSYAH PUTRA YUAN | E36: L | AE36: ZONASI | AF36: 0081529684 | AG36: 20527180 | AH36: YULIATUL QOMARIYAH | AI36: P | AM36: =UPPER('X-7'!D37) -> NAYLA RACHMATUL AZZA | AV36: 0122129700 | AW36: QONITATILLAH MARDIYA BAHITA | AX36: P | AY36: MTsN 3 Pamekasan | AZ36: 93.37 | BA36: 75 | BB36: 86.02 | BC36: D | BD36: •Siswa 2 tahun di MTsN 3 Pamekasan •juara 3 OMI dibidang sains/ipa tingkat kabupaten/kota •juara 1 HGN (hari guru nasional se kabupaten pamekasan) di bidang sains •juara 2 obor langit di bidang sains level 4 •juara harapan 2 lomba chromosom di bidang sains •Peraih medali perak dalam ajang Final Nasional OMNAS 14 tahun 2025 •Peraih medali emas di bidang PKN dalam ajang kompetisi tingkat nasional (OAN KP) •Peraih medali perak di bidang biologi terpadu dalam ajang kompetisi tingkat nasional(IASC) • Peraih medali perak di bidang sains dalam ajang kompetisi tingkat nasional(FOSNAS) • Peraih medali perak di bidang `biologi terpadu'dalam ajang kompetisi tingkat nasional(OAN KP) •Peraih medali perak di bidang IPA dalam ajang kompetisi tingkat nasional(OAN KP) | BG36: 15602 | BH36: 0113425330 | BI36: RANANDIKA ARFANSYAH PUTRA YUAN | BJ36: D27
A37: 28 | B37: 15621 | C37: 0112266212 | D37: SABRINA ALEESYA NOERDIANSYAH | E37: P | AM37: =UPPER('X-7'!#REF!) -> #REF! | AV37: 0113425330 | AW37: RANANDIKA ARFANSYAH PUTRA YUAN | AX37: L | AY37: SMPN 1 SUMENEP | AZ37: 88.4 | BA37: 65 | BB37: 79.04 | BC37: D | BD37: - | BG37: 15621 | BH37: 0112266212 | BI37: SABRINA ALEESYA NOERDIANSYAH | BJ37: D28
A38: 29 | B38: 15632 | C38: 0118925369 | D38: SHABRIANSYAH KHANSA MAULIDI | E38: L | AM38: =UPPER('X-8'!D34) -> OFELIA NUR AROFAH | AV38: 0112266212 | AW38: SABRINA ALEESYA NOERDIANSYAH | AX38: P | AY38: MTSN 3 PAMEKASAN | AZ38: 91.13 | BA38: 70.00 | BB38: 82.68 | BC38: C | BD38: 2nd place - News Anchor se kabupaten di Universitas Negeri malang Medali Perunggu Biologi Nasional NSSO (National Smart Student Olympiad) | BG38: 15632 | BH38: 0118925369 | BI38: SHABRIANSYAH KHANSA MAULIDI | BJ38: D29
A39: 30 | B39: 15638 | C39: 0107268936 | D39: SITI FAIQOTURROHMAH | E39: P | AM39: =UPPER('X-7'!D39) -> NURRIYAH BELQIS | AV39: 0118925369 | AW39: SHABRIANSYAH KHANSA MAULIDI | AX39: L | AY39: SMP PUNCAK DARUSSALAM | AZ39: 88.17 | BA39: 60 | BB39: 76.9 | BC39: D | BD39: - | BG39: 15638 | BH39: 0107268936 | BI39: SITI FAIQOTURROHMAH | BJ39: D30
A40: 31 | B40: 15646 | C40: 0103514504 | D40: TRI RAJAB JULIANTA | E40: L | AM40: =UPPER('X-7'!D40) -> RIFA NAYSHA QONITA MUSTOFA | AV40: 0107268936 | AW40: SITI FAIQOTURROHMAH | AX40: P | AY40: SMP Negeri 2 Pamekasan | AZ40: 93.51 | BA40: 66.67 | BB40: 82.77 | BC40: C | BD40: Juara 2 Olimpiade IPS tingkat SMP/MTs se-Madura yang diselenggarakan oleh MGMP IPS SMP Kabupaten Pamekasan | BG40: 15646 | BH40: 0103514504 | BI40: TRI RAJAB JULIANTA | BJ40: D31
A41: 32 | B41: 15648 | C41: 0094707991 | D41: ULIE BAQIYYATIN | E41: P | AM41: =UPPER('X-7'!D41) -> RIVALINA MULYASARI | AV41: 0103514504 | AW41: TRI RAJAB JULIANTA | AX41: L | AY41: SMP DAARUL UKHUWWH | AZ41: 93.83 | BA41: 53.34 | BB41: 77.63 | BC41: D | BD41: (-) | BG41: 15648 | BH41: 0094707991 | BI41: ULIE BAQIYYATIN | BJ41: D32
A42: 33 | B42: 15655 | C42: 0109432852 | D42: WILDAN HAFIZ ZAKY | E42: L | AM42: =UPPER('X-7'!D42) -> SAHIRA AMIRA SUBHANI | AV42: 0094707991 | AW42: ULIE BAQIYYATIN | AX42: P | AY42: MTS SABIILAL HAQ | AZ42: 88.51 | BA42: - | BB42: - | BC42: D | BD42: - | BG42: 15655 | BH42: 0109432852 | BI42: WILDAN HAFIZ ZAKY | BJ42: D33
A43: 34 | B43: 15665 | C43: 0105100313 | D43: YUDHA PRADITIYA | E43: L | AM43: =UPPER('X-8'!D43) -> WITRANA GALIH TARMIDI NUR | AV43: 0109432852 | AW43: WILDAN HAFIZ ZAKY | AX43: L | AY43: SMPN 1 PAMEKASAN | AZ43: 85.34 | BA43: 68.34 | BB43: 78.54 | BC43: D | BD43: - | BG43: 15665 | BH43: 0105100313 | BI43: YUDHA PRADITIYA | BJ43: D34
A44: 35 | B44: 15674 | C44: 0117826484 | D44: ZULFA IZZATUDDAINA | E44: P | AM44: =UPPER('X-7'!D44) -> VIKA NOVIYANTI ARIEF | AV44: 0105100313 | AW44: YUDHA PRADITIYA | AX44: L | AY44: SMP NEGERI 1 PAMEKASAN | AZ44: 81.20 | BA44: 55.00 | BB44: 70.72 | BC44: D | BD44: (-) | BG44: 15674 | BH44: 0117826484 | BI44: ZULFA IZZATUDDAINA | BJ44: D35
A45: 36 | AM45: =UPPER('X-7'!D45) -> YANUAR WISHNU PRATAMA | AV45: 0117826484 | AW45: ZULFA IZZATUDDAINA | AX45: P | AY45: SMP Negeri 1 tlanakan | AZ45: 87.06 | BA45: 65.00 | BB45: 78.24 | BC45: D | BD45: (-)
A46: Paraf | D46: L : | E46: =COUNTIFS($E$10:$E$44,"L") -> 14 | AM46: =UPPER('X-7'!D46) -> L :
A47: Guru | D47: P : | E47: =COUNTIFS($E$10:$E$44,"P") -> 21 | AM47: =UPPER('X-7'!D47) -> P :
E48: =E46+E47 -> 35

Sheet X-5
AF1: RAPORT | AG1: 0091238339 | AH1: 20527197 | AI1: AISYAH ANI HARIYANTO | AJ1: P
AF2: RAPORT | AG2: 0092554098 | AH2: 20529909 | AI2: AKH RASYA EFENDI PUTRA | AJ2: L
AF3: RAPORT | AG3: 0083060697 | AH3: 20527197 | AI3: ALLAFA ALYYUS SULTANSYAH WIDJAYA | AJ3: L
A4: Tahun Pelajaran 2026 / 2027 | AF4: ZONASI | AG4: 0096438872 | AH4: 20527180 | AI4: AMELIA HERIYANTO | AJ4: P
AF5: KIP | AG5: 0098143746 | AH5: 20527166 | AI5: ANDINI PUTRI SUGIONO | AJ5: P
AF6: ZONASI | AG6: 0098573401 | AH6: 20566545 | AI6: ARKAN QUVI RAHAGIS | AJ6: L
A7: No | B7: NIS | C7: NISN | D7: Nama Siswa | E7: L/P | F7: Wali Kelas : | I7: FATIMATUS ZAHRAH, S.Pd | T7: NIP : | V7: 196811301996032003 | AF7: RAPORT | AG7: 0088166851 | AH7: 20500505 | AI7: AULIA FAIZAH | AJ7: P
F8: Tanggal | AF8: RAPORT | AG8: 0093826254 | AH8: 20527197 | AI8: AULIA RAHMAWATI | AJ8: P
AF9: ZONASI | AG9: 0095752316 | AH9: 20566545 | AI9: AURA NAVIS HENDRA SYAHPUTRA | AJ9: P
A10: 1 | B10: 15321 | C10: 0112970532 | D10: ADILAH ALTHAFUNNISA | E10: P | AF10: ZONASI | AG10: 0089056135 | AH10: 20527180 | AI10: AURIEL DWIVANI PUTERA | AJ10: L | AL10: =UPPER(D10) -> ADILAH ALTHAFUNNISA | AS10: 0112970532 | AT10: ADILAH ALTHAFUNNISA | AU10: P | AV10: SMP PLUS NURUL HIKMAH | AW10: 92.37 | AX10: 61.67 | AY10: 80.09 | AZ10: E | BA10: - | BD10: 15321 | BE10: 0112970532 | BF10: ADILAH ALTHAFUNNISA | BG10: E01
A11: 2 | B11: 15328 | C11: 0112798863 | D11: AFZAAL HENDYA ATHA FADHILA | E11: L | AF11: NON AKD | AG11: 0087658356 | AH11: 20527180 | AI11: BIMA SATRIA PUTRA RISMAWAN | AJ11: L | AL11: =UPPER(D11) -> AFZAAL HENDYA ATHA FADHILA | AS11: 0112798863 | AT11: AFZAAL HENDYA ATHA FADHILA | AU11: L | AV11: SMPN 2 PAMEKASAN | AW11: 86.77 | AX11: 85 | AY11: 86.06 | AZ11: E | BA11: 1. OLIMPIADE FUTSAL, ATLETIK, TIK, DAN VOLI 2025. Juara 2 CODING SPEED CHALLENGE. 2. OLIMPIADE FUTSAL, ATLETIK, TIK, DAN VOLI 2026. Juara Harapan 1 CODING SPEED CHALLENGE. | BD11: 15328 | BE11: 0112798863 | BF11: AFZAAL HENDYA ATHA FADHILA | BG11: E02
A12: 3 | B12: 15330 | C12: 0108080753 | D12: AGYTA KHANSA NAURA | E12: P | AF12: ZONASI | AG12: 0082665512 | AH12: 20527197 | AI12: BRILLIANT BRAMARGANTARA PM | AJ12: L | AL12: =UPPER(D12) -> AGYTA KHANSA NAURA | AS12: 0108080753 | AT12: AGYTA KHANSA NAURA | AU12: P | AV12: SMP NEGERI 2 PAMEKASAN | AW12: 89.43 | AX12: 71.67 | AY12: 82.33 | AZ12: E | BA12: - | BD12: 15330 | BE12: 0108080753 | BF12: AGYTA KHANSA NAURA | BG12: E03
A13: 4 | B13: 15334 | C13: 117925402 | D13: AISAH SABRINA SALSABIYLA | E13: P | AF13: NON AKD | AG13: 0086730733 | AH13: 20527197 | AI13: DYAH AYU RAMADHANI | AJ13: P | AL13: =UPPER(#REF!) -> #REF! | AS13: 117925402 | AT13: AISAH SABRINA SALSABIYLA | AU13: P | AV13: SMP TAHFIDZ AL-MANSHURIN | AW13: 90.6 | AX13: 70 | AY13: 80.15 | AZ13: E | BD13: 15334 | BE13: 117925402 | BF13: AISAH SABRINA SALSABIYLA | BG13: E04
A14: 5 | B14: 15346 | C14: 0107344672 | D14: ALVIAN AL GHAZALI | E14: L | AF14: ZONASI | AG14: 0088529897 | AH14: 20527180 | AI14: GILANG AKBAR SYAHPUTRA NASSO | AJ14: L | AL14: =UPPER(D14) -> ALVIAN AL GHAZALI | AS14: 0107344672 | AT14: ALVIAN AL GHAZALI | AU14: L | AV14: SMPN 2 PAMEKASAN | AW14: 89.63 | AX14: 68.33 | AY14: 81.11 | AZ14: E | BA14: OMNAS 15 PERAIH (MEDALI PERUNGGU) TINGKAT PROVINSI PENYELENGGARA EMERAD EDUCATION CENTRE TANGGAL SURABAYA, 13-14 DESEMBER 2025 | BD14: 15346 | BE14: 0107344672 | BF14: ALVIAN AL GHAZALI | BG14: E05
A15: 6 | B15: 15370 | C15: 0101327436 | D15: AURELIA MASHURATUL KAMILAH PURWADI | E15: P | AF15: ZONASI | AG15: 0084346315 | AH15: 20527197 | AI15: GILANG AKMAL HIDAYAT | AJ15: L | AL15: =UPPER('X-9'!D16) -> ARKAN ABDURRAHMAN RITONGA | AS15: 0112799560 | AT15: ARKAN ABDURRAHMAN RITONGA | AU15: L | AV15: SMP PLUS NURUL HIKMAH PAMEKASAN | AW15: 86.97 | AX15: 66.67 | AY15: 78.85 | AZ15: E | BA15: - | BD15: 15370 | BE15: 0101327436 | BF15: AURELIA MASHURATUL KAMILAH PURWADI | BG15: E06
A16: 7 | B16: 15379 | C16: 0108494705 | D16: AZZAM RAMA ABABIL | E16: L | AF16: A.GURU | AG16: 0094952897 | AH16: 20527180 | AI16: Khazwa Farih Imtiyaz Mindas | AJ16: P | AL16: =UPPER(D15) -> AURELIA MASHURATUL KAMILAH PURWADI | AS16: 0101327436 | AT16: AURELIA MASHURATUL KAMILAH PURWADI | AU16: P | AV16: MTS.DARUL ULUM BANYUANYAR | AW16: 77.96 | AX16: 50 | AY16: 66.78 | AZ16: E | BD16: 15379 | BE16: 0108494705 | BF16: AZZAM RAMA ABABIL | BG16: E07
A17: 8 | B17: 15388 | C17: 0117515310 | D17: BILQIS AZKAYRA MUMTAZ | E17: P | AF17: ZONASI | AG17: 0087377583 | AH17: 20527197 | AI17: LALA HERMANDA | AJ17: P | AL17: =UPPER(D17) -> BILQIS AZKAYRA MUMTAZ | AS17: 0117515310 | AT17: BILQIS AZKAYRA MUMTAZ | AU17: P | AV17: MTsN 3 PAMEKASAN | AW17: 91.39 | AX17: 76.67 | AY17: 85.50 | AZ17: E | BA17: Lulus 2 Tahun Satuan Kredit Semester (SKS), Terbaik 1 Nilai Madrasah | BD17: 15388 | BE17: 0117515310 | BF17: BILQIS AZKAYRA MUMTAZ | BG17: E08
A18: 9 | B18: 15394 | C18: 0112194037 | D18: CHRISTOPHER MATTHEW PRAYITNO | E18: L | AF18: RAPORT | AG18: 0099059716 | AH18: 20527197 | AI18: MAISYAR MAULI NABILA FP | AJ18: L | AL18: =UPPER(D18) -> CHRISTOPHER MATTHEW PRAYITNO | AS18: 0112194037 | AT18: CHRISTOPHER MATTHEW PRAYITNO | AU18: L | AV18: SMPN 2 PAMEKASAN | AW18: 85.89 | AX18: 68.34 | AY18: 78.87 | AZ18: E | BA18: - | BD18: 15394 | BE18: 0112194037 | BF18: CHRISTOPHER MATTHEW PRAYITNO | BG18: E09
A19: 10 | B19: 15402 | C19: 0119008076 | D19: DELTA UNZILA LISFADILAH | E19: P | AF19: RAPORT | AG19: 0085428877 | AH19: 20583367 | AI19: MALIKA ALFATIA PUTRI | AJ19: P | AL19: =UPPER(D19) -> DELTA UNZILA LISFADILAH | AS19: 0119008076 | AT19: DELTA UNZILA LISFADILAH | AU19: P | AV19: SMP NEGERI 2 PAMEKASAN | AW19: 95.51 | AX19: 93.33 | AY19: 94.64 | AZ19: E | BA19: 1. Juara 3 Phytagoras matematika tahun 2024 2. Juara 2 OSN-K matematika tahun 2025 3. Juara 3 OSN-K matematika tahun 2024 4. Juara 1 Amfibi matematika tahun 2024 5. Juara 1 Amfibi matematika tahun 2025 6. Juara 1 Amfibi matematika tahun 2026 7. Juara 1 Goma Plus matematika tahun 2026 8. Juara 1 Aksi matematika tahun 2026 9. Juara 1 Mafikibisa matematika tahun 2025 10. Juara 1 Mafikibisa matematika tahun 2024 11. Juara 1 KOSABA matematika tahun 2025 12. Juara 1 KOSABA matematika tahun 2024 13. Juara 1 Khawarizm competition matematika tahun 2025 14. Juara 3 MCR UNESA matematika tahun 2024 15. Juara 3 OMI matematika tahun 2025 16. Juara 1 OLMUS matematika tahun 2024 17. Juara 2 Aksi matematika tahun 2025 18. Juara 2 Aksara matematika tahun 2024 19. Juara 2 Goma Plus matematika tahun 2024 20. Juara 2 Catalyst matematika tahun 2026 21. Juara 3 Khawarizm competition matematika tahun 2026 22. Juara 3 BIOSMATIKA COMPETITION tahun 2026 23. Juara 3 SIGMA UNIRA matematika tahun 2025 24. Harapan 1 SIGMA UNIRA matematika tahun 2024 25. Medali perak PHI UNISMA matematika tahun 2024 26. Medali perak MCR UNESA matematika tahun 2023 | BD19: 15402 | BE19: 0119008076 | BF19: DELTA UNZILA LISFADILAH | BG19: E10
A20: 11 | B20: 15411 | C20: 0115259023 | D20: ERSYAFIA KHANSA NUR YULIANA SALIM | E20: P | AF20: ZONASI | AG20: 0081404380 | AH20: 20583410 | AI20: MAULIDATUL KOFIFAH | AJ20: P | AL20: =UPPER(D20) -> ERSYAFIA KHANSA NUR YULIANA SALIM | AS20: 0115259023 | AT20: ERSYAFIA KHANSA NUR YULIANA SALIM | AU20: P | AV20: MTsN 1 PAMEKASAN | AW20: 90.05 | AX20: 71.67 | AY20: 82.70 | AZ20: E | BA20: (-) | BD20: 15411 | BE20: 0115259023 | BF20: ERSYAFIA KHANSA NUR YULIANA SALIM | BG20: E11
A21: 12 | B21: 15419 | C21: 0119236030 | D21: FAIZAH AMIRA BATRISYIA | E21: P | AF21: AKDMK | AG21: 0087953706 | AH21: 20583367 | AI21: MELDA MASTUFIL FADILA | AJ21: P | AL21: =UPPER(D21) -> FAIZAH AMIRA BATRISYIA | AS21: 0119236030 | AT21: FAIZAH AMIRA BATRISYIA | AU21: P | AV21: SMPN 1 Pamekasan | AW21: 86.94 | AX21: 61.67 | AY21: 76.83 | AZ21: E | BA21: - | BD21: 15419 | BE21: 0119236030 | BF21: FAIZAH AMIRA BATRISYIA | BG21: E12
A22: 13 | B22: 15428 | C22: 0118025465 | D22: FEBRI AGUSTI MAULIDIYA | E22: P | AF22: ZONASI | AG22: 0094896372 | AH22: 20527197 | AI22: MIRANDA KUSUMA ATMAJA | AJ22: P | AL22: =UPPER(D22) -> FEBRI AGUSTI MAULIDIYA | AS22: 0118025465 | AT22: FEBRI AGUSTI MAULIDIYA | AU22: P | AV22: SMP Negeri 2 pamekasan | AW22: 88.60 | AX22: 85 | AY22: 87.16 | AZ22: E | BA22: - | BD22: 15428 | BE22: 0118025465 | BF22: FEBRI AGUSTI MAULIDIYA | BG22: E13
A23: 14 | B23: 15463 | C23: 0114982909 | D23: IZZAH MAHA PUTRA EARLY | E23: L | AF23: AKDMK | AG23: 0081411031 | AH23: 20527180 | AI23: MOHAMMAD ALVI SYAHRIN | AJ23: L | AL23: =UPPER('X-8'!D22) -> FIFIN | AS23: 0111273676 | AT23: FIFIN | AU23: P | AV23: MTsN 2 Pamekasan | AW23: 87.09 | AX23: 65.00 | AY23: 78.25 | AZ23: E | BA23: Peraih Medali Emas B.Indonesia (FOTON) Peraih Medali Emas Akidah Akhlak (ISO) Peraih Medali Perak Fikih (ISO) | BD23: 15463 | BE23: 0114982909 | BF23: IZZAH MAHA PUTRA EARLY | BG23: E14
A24: 15 | B24: 15465 | C24: 0101465622 | D24: JABRAN MUBAROK | E24: L | AF24: ZONASI | AG24: 0084462888 | AH24: 20527180 | AI24: MOHAMMAD IBRA PRATAMA | AJ24: L | AL24: =UPPER(D23) -> IZZAH MAHA PUTRA EARLY | AS24: 0114982909 | AT24: IZZAH MAHA PUTRA EARLY | AU24: L | AV24: SMPN 1 PAMEKASAN | AW24: 90.43 | AX24: 66.67 | AY24: 80.93 | AZ24: E | BA24: -JUARA 2 IPS DALAM AJANG OSN TINGKAT KABUPATEN 2025 -JUARA 1 IPS DALAM AJANG OMI TINGKAT KABUPATEN 2025 -JUARA 1 IPS DALAM AJANG ARTERI TINGKAT NASIONAL 2026 DI IIBS AL-HIKMAH BATU -MEDALI EMAS IPS DALAM AJANG BISCO TINGKAT NASIONAL DI BLITAR -JUARA 1 IPS DALAM AJANG SMASCOM TINGKAT PROVINSI 2025 DI SMAN 1 TRENGGALEK -JUARA 1 IPS DALAM AJANG SSO TINGKAT PROVINSI 2025 DI SMAN 1 TRENGGALEK -JUARA 1 IPS DALAM AJANG COSMIS SEMADURA 2025 DI MA AL-FALAH DEMPO BARAT | BD24: 15465 | BE24: 0101465622 | BF24: JABRAN MUBAROK | BG24: E15
A25: 16 | B25: 15474 | C25: 0109938939 | D25: KAYSA WAHYU WIRATNA PUTRI | E25: P | AF25: NON AKD | AG25: 0085551439 | AH25: 20527193 | AI25: MUHAMMAD DAVID RIYADI | AJ25: L | AL25: =UPPER(D24) -> JABRAN MUBAROK | AS25: 0101465622 | AT25: JABRAN MUBAROK | AU25: L | AV25: MTsS Sumber Payung | AW25: 83 | AX25: 61 | AY25: 75.02 | AZ25: E | BA25: - | BD25: 15474 | BE25: 0109938939 | BF25: KAYSA WAHYU WIRATNA PUTRI | BG25: E16
A26: 17 | B26: 15482 | C26: 0112535120 | D26: KURROTUL AINI | E26: P | AF26: ZONASI | AG26: 0082776507 | AH26: 20527197 | AI26: MUHAMMAD IKHLASUL AMAL RUKHUS | AJ26: L | AL26: =UPPER(D25) -> KAYSA WAHYU WIRATNA PUTRI | AS26: 0109938939 | AT26: KAYSA WAHYU WIRATNA PUTRI | AU26: P | AV26: SMP NEGERI 1 PAMEKASAN | AW26: 85.60 | AX26: 63.34 | AY26: 76.70 | AZ26: E | BA26: - | BD26: 15482 | BE26: 0112535120 | BF26: KURROTUL AINI | BG26: E17
A27: 18 | B27: 15490 | C27: 0111513365 | D27: M ZAHWAN PUTRA PRATAMA | E27: L | AF27: ZONASI | AG27: 0094289783 | AH27: 20527203 | AI27: Muhammad Nadhif Azaria Putra | AJ27: L | AL27: =UPPER(D26) -> KURROTUL AINI | AS27: 0112535120 | AT27: KURROTUL AINI | AU27: P | AV27: MTsN 2 PAMEKASAN | AW27: 86.17 | AX27: 68.34 | AY27: 79.04 | AZ27: E | BA27: peraih medali emas b.indo KAIS peraih medali perak b.indo KSBN peraih medali emas akilaq ISO 1 | BD27: 15490 | BE27: 0111513365 | BF27: M ZAHWAN PUTRA PRATAMA | BG27: E18
A28: 19 | B28: 15493 | C28: 0118011200 | D28: MAHESA PUTRA MAHENDRA | E28: L | AF28: ZONASI | AG28: 0087918586 | AH28: 20527197 | AI28: NABILA DAVID | AJ28: P | AL28: =UPPER(D27) -> M ZAHWAN PUTRA PRATAMA | AS28: 0111513365 | AT28: M ZAHWAN PUTRA PRATAMA | AU28: L | AV28: SMPN 2 Pamekasan | AW28: 80.09 | AX28: 38.34 | AY28: 63.39 | AZ28: E | BA28: - | BD28: 15493 | BE28: 0118011200 | BF28: MAHESA PUTRA MAHENDRA | BG28: E19
A29: 20 | B29: 15514 | C29: 0118151183 | D29: MEYZA PUTRI AULIA | E29: P | AF29: RAPORT | AG29: 0098950100 | AH29: 20527197 | AI29: NADIYAH ARINDA ALFIYANI | AJ29: P | AL29: =UPPER(D28) -> MAHESA PUTRA MAHENDRA | AS29: 0118011200 | AT29: MAHESA PUTRA MAHENDRA | AU29: L | AV29: SMP NEGERI 2 PAMEKASAN | AW29: 90.09 | AX29: 73.33 | AY29: 83.39 | AZ29: E | BA29: - | BD29: 15514 | BE29: 0118151183 | BF29: MEYZA PUTRI AULIA | BG29: E20
A30: 21 | B30: 15524 | C30: 0106451868 | D30: MOH JEFRI HIFDHON ASSAHI | E30: L | AF30: KIP | AG30: 0085927765 | AH30: 20527197 | AI30: NAFIIS DWI PUTRA DESTYAMIN | AJ30: L | AL30: =UPPER(D29) -> MEYZA PUTRI AULIA | AS30: 0118151183 | AT30: MEYZA PUTRI AULIA | AU30: P | AV30: SMP NEGERI 1 PAMEKASAN | AW30: 87.97 | AX30: 58.34 | AY30: 76.12 | AZ30: E | BA30: - | BD30: 15524 | BE30: 0106451868 | BF30: MOH JEFRI HIFDHON ASSAHI | BG30: E21
A31: 22 | B31: 15538 | C31: 0105796237 | D31: MOHAMMAD NASRULLAH | E31: L | AF31: ZONASI | AG31: 0084878097 | AH31: 20527180 | AI31: NAURA YASMITA DWI SEPTIANDINA | AJ31: P | AL31: =UPPER(D30) -> MOH JEFRI HIFDHON ASSAHI | AS31: 0106451868 | AT31: MOH JEFRI HIFDHON ASSAHI | AU31: L | AV31: SMP NEGERI 2 LARANGAN | AW31: 85.77 | AX31: 48.34 | AY31: 70.80 | AZ31: E | BA31: - | BD31: 15538 | BE31: 0105796237 | BF31: MOHAMMAD NASRULLAH | BG31: E22
A32: 23 | B32: 15546 | C32: 0111788450 | D32: MUHAMMAD GHAZY AL GHIFFARI | E32: L | AF32: RAPORT | AG32: 0083983673 | AH32: 20583367 | AI32: NAUVAL FARIZ RIZALDY AL ARIF | AJ32: L | AL32: =UPPER(D31) -> MOHAMMAD NASRULLAH | AS32: 0105796237 | AT32: MOHAMMAD NASRULLAH | AU32: L | AV32: SMP Plus Nurul Hikmah | AW32: 87.31 | AX32: 50.00 | AY32: 72.39 | AZ32: E | BA32: - | BD32: 15546 | BE32: 0111788450 | BF32: MUHAMMAD GHAZY AL GHIFFARI | BG32: E23
A33: 24 | B33: 15549 | C33: 0104276839 | D33: MUHAMMAD RAISHA NURIZZAMAN | E33: L | AF33: ZONASI | AG33: 0077777981 | AH33: 20527190 | AI33: RAMADANI | AJ33: L | AL33: =UPPER(D16) -> AZZAM RAMA ABABIL | AS33: 0108494705 | AT33: AZZAM RAMA ABABIL | AU33: L | AV33: SMPN 1 PAMEKASAN | AW33: 84.31 | AX33: 56.67 | AY33: 73.25 | AZ33: J | BA33: - | BD33: 15549 | BE33: 0104276839 | BF33: MUHAMMAD RAISHA NURIZZAMAN | BG33: E24
A34: 25 | B34: 15553 | C34: 0108625427 | D34: MUTHIA AN NADHIFA AZZAARINE | E34: P | AF34: ZONASI | AG34: 0087109610 | AH34: 20566545 | AI34: RASYA YUDHA ADHANDIKA | AJ34: L | AL34: =UPPER(D32) -> MUHAMMAD GHAZY AL GHIFFARI | AS34: 0111788450 | AT34: MUHAMMAD GHAZY AL GHIFFARI | AU34: L | AV34: SMP Puncak Darussalam | AW34: 89.54 | AX34: 63.34 | AY34: 79.06 | AZ34: E | BA34: 1. Juara I Speech Competition Tingkat Nasional (Aterval 2025) 2. Harapan II Lomba Speech Tingkat SLTP Nasional (LEMBARAN Madrasah Aliyah 1 Annuqayah) | BD34: 15553 | BE34: 0108625427 | BF34: MUTHIA AN NADHIFA AZZAARINE | BG34: E25
A35: 26 | B35: 15555 | C35: 0103394946 | D35: NADHIF ANANDA PUTRA | E35: L | AF35: ZONASI | AG35: 0099773502 | AH35: 20527180 | AI35: RIANA MAULIDIA | AJ35: P | AL35: =UPPER(D33) -> MUHAMMAD RAISHA NURIZZAMAN | AS35: 0104276839 | AT35: MUHAMMAD RAISHA NURIZZAMAN | AU35: L | AV35: SMP NURUL HIKMAH | AW35: 86.20 | AX35: 55.00 | AY35: 73.72 | AZ35: E | BA35: tidak ada | BD35: 15555 | BE35: 0103394946 | BF35: NADHIF ANANDA PUTRA | BG35: E26
A36: 27 | B36: 15559 | C36: 0113524320 | D36: NADIVA RAMADANTI ZAINI | E36: P | AF36: AKDMK | AG36: 0084754773 | AH36: 20527185 | AI36: SITTI ZAHRATUS SIETA | AJ36: P | AL36: =UPPER(D36) -> NADIVA RAMADANTI ZAINI | AS36: 0113524320 | AT36: NADIVA RAMADANTI ZAINI | AU36: P | AV36: SMPN 2 PAMEKASAN | AW36: 88.89 | AX36: 75 | AY36: 83.33 | AZ36: E | BA36: - | BD36: 15559 | BE36: 0113524320 | BF36: NADIVA RAMADANTI ZAINI | BG36: E27
A37: 28 | B37: 15562 | C37: 0101204340 | D37: NAILATUL NAJWA | E37: P | AL37: =UPPER(D37) -> NAILATUL NAJWA | AS37: 0101204340 | AT37: NAILATUL NAJWA | AU37: P | AV37: SMPN 2 PAMEKASAN | AW37: 90.69 | AX37: 68.33 | AY37: 81.75 | AZ37: E | BA37: - | BD37: 15562 | BE37: 0101204340 | BF37: NAILATUL NAJWA | BG37: E28
A38: 29 | B38: 15589 | C38: 0112027934 | D38: QIESYA MEILANI ALFARISI | E38: P | AL38: =UPPER(D38) -> QIESYA MEILANI ALFARISI | AS38: 0112027934 | AT38: QIESYA MEILANI ALFARISI | AU38: P | AV38: smps al-ittihad | AW38: 82.31 | AX38: 50.00 | AY38: 69.39 | AZ38: E | BA38: (-) | BD38: 15589 | BE38: 0112027934 | BF38: QIESYA MEILANI ALFARISI | BG38: E29
A39: 30 | B39: 15590 | C39: 0114837737 | D39: QIRANIA IZZATY | E39: P | AL39: =UPPER(D39) -> QIRANIA IZZATY | AS39: 0114837737 | AT39: QIRANIA IZZATY | AU39: P | AV39: SMPN 8 PAMEKASAN | AW39: 90.49 | AX39: 58.34 | AY39: 77.63 | AZ39: E | BA39: - | BD39: 15590 | BE39: 0114837737 | BF39: QIRANIA IZZATY | BG39: E30
A40: 31 | B40: 15606 | C40: 0105603774 | D40: REGINA PUTRI RAHADI | E40: P | AL40: =UPPER(D40) -> REGINA PUTRI RAHADI | AS40: 0105603774 | AT40: REGINA PUTRI RAHADI | AU40: P | AV40: SMP NEGERI 1 LARANGAN | AW40: 88.29 | AX40: 61.67 | AY40: 77.64 | AZ40: E | BA40: - | BD40: 15606 | BE40: 0105603774 | BF40: REGINA PUTRI RAHADI | BG40: E31
A41: 32 | B41: 15616 | C41: 0105934587 | D41: ROBBY ASROFUL IBAD | E41: L | AL41: =UPPER(D41) -> ROBBY ASROFUL IBAD | AS41: 0105934587 | AT41: ROBBY ASROFUL IBAD | AU41: L | AV41: SMPN 2 PAMEKASAN | AW41: 91.31 | AX41: 91.67 | AY41: 91.45 | AZ41: E | BA41: - | BD41: 15616 | BE41: 0105934587 | BF41: ROBBY ASROFUL IBAD | BG41: E32
A42: 33 | B42: 15620 | C42: 0119855405 | D42: SABITAH ANINDYA NEVLIN | E42: P | AL42: =UPPER(D42) -> SABITAH ANINDYA NEVLIN | AS42: 0119855405 | AT42: SABITAH ANINDYA NEVLIN | AU42: P | AV42: SMPN 1 PAMEKASAN | AW42: 87.29 | AX42: 61.67 | AY42: 77.04 | AZ42: E | BA42: - | BD42: 15620 | BE42: 0119855405 | BF42: SABITAH ANINDYA NEVLIN | BG42: E33
A43: 34 | B43: 15635 | C43: 0119965279 | D43: SHAFA HESTI AULIA PRATIWI | E43: P | AL43: =UPPER(D43) -> SHAFA HESTI AULIA PRATIWI | AS43: 0119965279 | AT43: SHAFA HESTI AULIA PRATIWI | AU43: P | AV43: SMPN 2 PAMEKASAN | AW43: 87.51 | AX43: 60 | AY43: 76.51 | AZ43: E | BD43: 15635 | BE43: 0119965279 | BF43: SHAFA HESTI AULIA PRATIWI | BG43: E34
A44: 35 | B44: 15641 | C44: 0108853555 | D44: SITTI HUMAIROTUS SYARIFAH | E44: P | AL44: =UPPER(D44) -> SITTI HUMAIROTUS SYARIFAH | AS44: 0108853555 | AT44: SITTI HUMAIROTUS SYARIFAH | AU44: P | AV44: SMP Negeri 2 Pamekasan | AW44: 87.77 | AX44: 81.67 | AY44: 85.33 | AZ44: E | BA44: - | BD44: 15641 | BE44: 0108853555 | BF44: SITTI HUMAIROTUS SYARIFAH | BG44: E35
A45: 36 | B45: 15668 | C45: 0107200229 | D45: ZAHIRA ULUL AZMI MULYANA | E45: P | AL45: =UPPER(D45) -> ZAHIRA ULUL AZMI MULYANA | AS45: 0107200229 | AT45: ZAHIRA ULUL AZMI MULYANA | AU45: P | AV45: Mts abfa plus IBS | AW45: 88.64 | AX45: 63.33 | AY45: 78.52 | AZ45: E | BD45: 15668 | BE45: 0107200229 | BF45: ZAHIRA ULUL AZMI MULYANA | BG45: E36
A46: Paraf | D46: L : | E46: =COUNTIFS($E$10:$E$45,"L") -> 14
A47: Guru | D47: P : | E47: =COUNTIFS($E$10:$E$45,"P") -> 22
E48: =E46+E47 -> 36

Sheet X-6
A4: Tahun Pelajaran 2026 / 2027
A7: No | B7: NIS | C7: NISN | D7: Nama Siswa | E7: L/P | F7: Wali Kelas : | I7: DAHNIAR FEBRIANSYAH, S.Pd | T7: NIP : | V7: 199002052025211021
F8: Tanggal
AH9: 0101796486 | AI9: ACH AGUNG PRIYONO | AJ9: L | AK9: Smpn 8 pamekasan | AL9: 83 | AM9: 33.34 | AN9: 63.39 | AO9: F | AS9: 15319 | AT9: 0101796486 | AU9: ACH AGUNG PRIYONO | AV9: F01
A10: 1 | B10: 15319 | C10: 0101796486 | D10: ACH AGUNG PRIYONO | E10: L | AH10: 0109032710 | AI10: AGUNG LAKSONO | AJ10: L | AK10: SMP NEGERI 1 PAMEKASAN | AL10: 85.69 | AM10: 43.34 | AN10: 68.75 | AO10: F | AP10: - | AS10: 15329 | AT10: 0109032710 | AU10: AGUNG LAKSONO | AV10: F02
A11: 2 | B11: 15329 | C11: 0109032710 | D11: AGUNG LAKSONO | E11: L | AH11: 0116877060 | AI11: ALMIRA DEWI MAULIANITA | AJ11: P | AK11: SMPN 2 PAMEKASAN | AL11: 91.63 | AM11: 78.33 | AN11: 86.31 | AO11: F | AP11: - | AS11: 15345 | AT11: 0116877060 | AU11: ALMIRA DEWI MAULIANITA | AV11: F03
A12: 3 | B12: 15345 | C12: 0116877060 | D12: ALMIRA DEWI MAULIANITA | E12: P | AH12: 0103364941 | AI12: ARTHA ANANTA MEDISTYO | AJ12: L | AK12: SMP negeri 2 Pamekasan | AL12: 90.66 | AM12: 95 | AN12: 92.4 | AO12: F | AP12: - | AS12: 15364 | AT12: 0103364941 | AU12: ARTHA ANANTA MEDISTYO | AV12: F04
A13: 4 | B13: 15364 | C13: 0103364941 | D13: ARTHA ANANTA MEDISTYO | E13: L | AH13: 0104405842 | AI13: AURORA ASHILIA DASALWA | AJ13: P | AK13: SMPN2 Pamekasan | AL13: 88.23 | AM13: 61.67 | AN13: 77.61 | AO13: F | AP13: - | AS13: 15371 | AT13: 0104405842 | AU13: AURORA ASHILIA DASALWA | AV13: F05
A14: 5 | B14: 15371 | C14: 0104405842 | D14: AURORA ASHILIA DASALWA | E14: P | AH14: 0111393017 | AI14: CITRA SEPTIANA SOFWAN | AJ14: P | AK14: SMP NEGERI 1 PAMEKASAN | AL14: 89.31 | AM14: 71.67 | AN14: 82.25 | AO14: F | AP14: - | AS14: 15395 | AT14: 0111393017 | AU14: CITRA SEPTIANA SOFWAN | AV14: F06
A15: 6 | B15: 15395 | C15: 0111393017 | D15: CITRA SEPTIANA SOFWAN | E15: P | AH15: 0115691957 | AI15: ERMA SABRINA ARKAZORA | AJ15: P | AK15: SMPN 2 PAMEKASAN | AL15: 88.63 | AM15: 71.67 | AN15: 81.85 | AO15: F | AP15: (-) | AS15: 15410 | AT15: 0115691957 | AU15: ERMA SABRINA ARKAZORA | AV15: F07
A16: 7 | B16: 15410 | C16: 0115691957 | D16: ERMA SABRINA ARKAZORA | E16: P | AH16: 0109166001 | AI16: FAEYZA OKTANURA | AJ16: L | AK16: SMPN 3 PAMEKASAN | AL16: 84.94 | AM16: 68.33 | AN16: 78.30 | AO16: F | AP16: 1. Juara 1 Bahasa Inggris Pada Olimpiade Sains Indonesia 2 (OSI 2) 2025-2026 Tingkat Kota/Kabupaten 2. Juara 2 Bahasa Inggris Level 4 Pada Kompetisi Matematika, Sains dan Inggris 2025 Tingkat Kota/Kabupaten 3. Peraih Medali Perak Bahasa Inggris Pada Kompetisi VENUS Ke-3 2025 Tingkat Nasional 4. Peraih 12 Besar Pada Olimpiade Bahasa Inggris Level 4 Obor Langit 2025 Tingkat Kota 5. Peraih Gold Award Bahasa Inggris Level 4 Pada Chaanakya Ekadanta Olympiad 2025 Tingkat Kabupaten 6. Peraih Medali Perunggu Bahasa Inggris Pada Kompetisi Venus-3 Tingkat Kabupaten 2025 | AS16: 15412 | AT16: 0109166001 | AU16: FAEYZA OKTANURA | AV16: F08
A17: 8 | B17: 15412 | C17: 0109166001 | D17: FAEYZA OKTANURA | E17: L | AH17: 0104911484 | AI17: GHAITSANAJWA NURULIKA | AJ17: P | AK17: SMPN 2 PAMEKASAN | AL17: 92.77 | AM17: 80.00 | AN17: 87.66 | AO17: F | AP17: Juara harapan 2 mapel bahasa Indonesia di AKSI 2026 Juara harapan 2 fisika di NEW AMFIBI PLUS 2025 | AS17: 15444 | AT17: 0104911484 | AU17: GHAITSANAJWA NURULIKA | AV17: F09
A18: 9 | B18: 15444 | C18: 0104911484 | D18: GHAITSANAJWA NURULIKA | E18: P | AH18: 0117521930 | AI18: GRISELDA ZAFIRA FAUSTINA | AJ18: P | AK18: SMP PLUS NURUL HIKMAH | AL18: 89.20 | AM18: 63.33 | AN18: 78.85 | AO18: F | AP18: - | AS18: 15451 | AT18: 0117521930 | AU18: GRISELDA ZAFIRA FAUSTINA | AV18: F10
A19: 10 | B19: 15451 | C19: 0117521930 | D19: GRISELDA ZAFIRA FAUSTINA | E19: P | AH19: 0115166119 | AI19: HAIQAL ATALLAH NARARYA WAHYUDI | AJ19: L | AK19: SMPN 2 PAMEKASAN | AL19: 86.34 | AM19: 66.67 | AN19: 78.47 | AO19: F | AP19: - | AS19: 15453 | AT19: 0115166119 | AU19: HAIQAL ATALLAH NARARYA WAHYUDI | AV19: F11
A20: 11 | B20: 15453 | C20: 0115166119 | D20: HAIQAL ATALLAH NARARYA WAHYUDI | E20: L | AH20: 0103640364 | AI20: HEIDIR ALI SAMUDRA | AJ20: L | AK20: SMP NEGERI 2 PAMEKASAN | AL20: 90.29 | AM20: 76.67 | AN20: 84.84 | AO20: F | AP20: - | AS20: 15455 | AT20: 0103640364 | AU20: HEIDIR ALI SAMUDRA | AV20: F12
A21: 12 | B21: 15455 | C21: 0103640364 | D21: HEIDIR ALI SAMUDRA | E21: L | AH21: 0108988118 | AI21: INGGIT YUNIAR RAMADANI | AJ21: P | AK21: Smp Plus Nurul Hikmah | AL21: 91.29 | AM21: 63.33 | AN21: 80.11 | AO21: F | AP21: - | AS21: 15458 | AT21: 0108988118 | AU21: INGGIT YUNIAR RAMADANI | AV21: F13
A22: 13 | B22: 15458 | C22: 0108988118 | D22: INGGIT YUNIAR RAMADANI | E22: P | AH22: 0109614843 | AI22: INNA ANA TAQIYA RAMADHAN | AJ22: P | AK22: SMPN 1 PAMEKASAN | AL22: 87.31 | AM22: 66.67 | AN22: 79.05 | AO22: F | AP22: - | AS22: 15459 | AT22: 0109614843 | AU22: INNA ANA TAQIYA RAMADHAN | AV22: F14
A23: 14 | B23: 15459 | C23: 0109614843 | D23: INNA ANA TAQIYA RAMADHAN | E23: P | AH23: 0114201878 | AI23: JIHAN AULIYA RAMADHANI | AJ23: P | AK23: SMPN 5 Pamekasan | AL23: 90.91 | AM23: 61.67 | AN23: 79.21 | AO23: F | AP23: - | AS23: 15467 | AT23: 0114201878 | AU23: JIHAN AULIYA RAMADHANI | AV23: F15
A24: 15 | B24: 15467 | C24: 0114201878 | D24: JIHAN AULIYA RAMADHANI | E24: P | AH24: 0111793725 | AI24: MAGHFIROTUN NAZILAH RAMADANI | AJ24: P | AK24: SMP Negeri 1 Pamekasan | AL24: 88.03 | AM24: 68.33 | AN24: 80.15 | AO24: F | AP24: - | AS24: 15492 | AT24: 0111793725 | AU24: MAGHFIROTUN NAZILAH RAMADANI | AV24: F16
A25: 16 | B25: 15492 | C25: 0111793725 | D25: MAGHFIROTUN NAZILAH RAMADANI | E25: P | AH25: 0106504596 | AI25: MOH ALFASYA AHZA | AJ25: L | AK25: SMPN 1 PAMEKASAN | AL25: 85.54 | AM25: 58.34 | AN25: 74.66 | AO25: F | AP25: - | AS25: 15516 | AT25: 0106504596 | AU25: MOH ALFASYA AHZA | AV25: F17
A26: 17 | B26: 15516 | C26: 0106504596 | D26: MOH ALFASYA AHZA | E26: L | AH26: 0106655767 | AI26: MOH AMIRIL MUKMININ | AJ26: L | AK26: SMP NEGERI 1 PAMEKASAN | AL26: 87.26 | AM26: 63.34 | AN26: 77.69 | AO26: F | AP26: (-) | AS26: 15517 | AT26: 0106655767 | AU26: MOH AMIRIL MUKMININ | AV26: F18
A27: 18 | B27: 15517 | C27: 0106655767 | D27: MOH AMIRIL MUKMININ | E27: L | AH27: 0114324103 | AI27: MOH FATAN WIRATAMA ABDULLAH | AJ27: L | AK27: SMP PLUS NURUL HIKMAH | AL27: 86.71 | AM27: 61.67 | AN27: 76.69 | AO27: F | AP27: (-) | AS27: 15522 | AT27: 0114324103 | AU27: MOH FATAN WIRATAMA ABDULLAH | AV27: F19
A28: 19 | B28: 15522 | C28: 0114324103 | D28: MOH FATAN WIRATAMA ABDULLAH | E28: L | AH28: 0103600168 | AI28: MOH ZARIER AMIEN ALAYUDHA | AJ28: L | AK28: SMP NEGERI 1 PAMEKASAN | AL28: 88.63 | AM28: 70 | AN28: 81.18 | AO28: F | AP28: ranking 3 | AS28: 15528 | AT28: 0103600168 | AU28: MOH ZARIER AMIEN ALAYUDHA | AV28: F20
A29: 20 | B29: 15528 | C29: 0103600168 | D29: MOH ZARIER AMIEN ALAYUDHA | E29: L | AH29: 0109141664 | AI29: MOHAMAD AGASHA ALIMUAFSAL | AJ29: L | AK29: SMP PLUS NURUL HIKMAH | AL29: 91.06 | AM29: 76.67 | AN29: 85.30 | AO29: F | AP29: Juara 1 dalam ajang FOSFAT kategori IMAGE GENERATION CONTEST 2025 SE-MADURA Juara 1 dalam ajang FOSFAT kategori AI VIDEO GENERATION CONTEST 2026 SE-MADURA Juara harapan 2 dalam ajang FOSFAT kategori CODING SPEED CHALLENGE 2026 SE-MADURA | AS29: 15529 | AT29: 0109141664 | AU29: MOHAMAD AGASHA ALIMUAFSAL | AV29: F21
A30: 21 | B30: 15529 | C30: 0109141664 | D30: MOHAMAD AGASHA ALIMUAFSAL | E30: L | AH30: 0118953884 | AI30: MUHAMMAD SILMI KAFFA | AJ30: L | AK30: SMP NEGERI 5 PAMEKASAN | AL30: 85.06 | AM30: 65.00 | AN30: 77.04 | AO30: F | AP30: - | AS30: 15551 | AT30: 0118953884 | AU30: MUHAMMAD SILMI KAFFA | AV30: F22
A31: 22 | B31: 15551 | C31: 0118953884 | D31: MUHAMMAD SILMI KAFFA | E31: L | AH31: 0115319375 | AI31: NADINE AULIA ARIYANTI | AJ31: P | AK31: SMPN 1 PAMEKASAN | AL31: 88.91 | AM31: 75 | AN31: 83.35 | AO31: F | AP31: - | AS31: 15557 | AT31: 0115319375 | AU31: NADINE AULIA ARIYANTI | AV31: F23
A32: 23 | B32: 15557 | C32: 0115319375 | D32: NADINE AULIA ARIYANTI | E32: P | AH32: 0112547539 | AI32: NAYLA PUTRI FAHRIESA | AJ32: P | AK32: SMPN 2 PAMEKASAN | AL32: 89.74 | AM32: 65.00 | AN32: 79.84 | AO32: F | AP32: - | AS32: 15568 | AT32: 0112547539 | AU32: NAYLA PUTRI FAHRIESA | AV32: F24
A33: 24 | B33: 15568 | C33: 0112547539 | D33: NAYLA PUTRI FAHRIESA | E33: P | AH33: 0106338896 | AI33: NAZWA NOVIANY SYAFITRI | AJ33: P | AK33: SMPN 1 PAMEKASAN | AL33: 86.97 | AM33: 71.67 | AN33: 80.85 | AO33: F | AP33: - | AS33: 15572 | AT33: 0106338896 | AU33: NAZWA NOVIANY SYAFITRI | AV33: F25
A34: 25 | B34: 15572 | C34: 0106338896 | D34: NAZWA NOVIANY SYAFITRI | E34: P | AH34: 0103096883 | AI34: PUTRI MAGHRIBI | AJ34: P | AK34: SMP NEGERI 1 SAMPANG | AL34: 93.11 | AM34: 88.34 | AN34: 91.20 | AO34: F | AP34: Olimpiade PAI FAIR 2025 Lulusan Terbaik Akademik Ke-3 Lulusan Terbaik Nilai TKA Tertinggi Ke-3 | AS34: 15587 | AT34: 0103096883 | AU34: PUTRI MAGHRIBI | AV34: F26
A35: 26 | B35: 15587 | C35: 0103096883 | D35: PUTRI MAGHRIBI | E35: P | AH35: 0112682194 | AI35: RAISHA NURHALIZA | AJ35: P | AK35: SMP Plus Nurul Hikmah | AL35: 91.11 | AM35: 70.00 | AN35: 82.67 | AO35: F | AP35: - | AS35: 15597 | AT35: 0112682194 | AU35: RAISHA NURHALIZA | AV35: F27
A36: 27 | B36: 15597 | C36: 0112682194 | D36: RAISHA NURHALIZA | E36: P | AH36: 3110166716 | AI36: RAJIL GHUFRON | AJ36: L | AK36: SMPN 1 LARANGAN | AL36: 85.77 | AM36: 61.67 | AN36: 76.13 | AO36: F | AP36: (-) | AS36: 15601 | AT36: 3110166716 | AU36: RAJIL GHUFRON | AV36: F28
A37: 28 | B37: 15601 | C37: 3110166716 | D37: RAJIL GHUFRON | E37: L | AH37: 0103500377 | AI37: REGINA INAYA PUTRI ARIFANDI | AJ37: P | AK37: smp negeri 1 pamekasan | AL37: 86.89 | AM37: 51.67 | AN37: 71.99 | AO37: F | AS37: 15605 | AT37: 0103500377 | AU37: REGINA INAYA PUTRI ARIFANDI | AV37: F29
A38: 29 | B38: 15605 | C38: 0103500377 | D38: REGINA INAYA PUTRI ARIFANDI | E38: P | AH38: 0104633155 | AI38: RENANDA DHESTA PRAMANA | AJ38: L | AK38: SMPN 2 PAMEKASAN | AL38: 86.66 | AM38: 50.00 | AN38: 72.00 | AO38: F | AS38: 15607 | AT38: 0104633155 | AU38: RENANDA DHESTA PRAMANA | AV38: F30
A39: 30 | B39: 15607 | C39: 0104633155 | D39: RENANDA DHESTA PRAMANA | E39: L | AH39: 0112264425 | AI39: RESTY AULYA SAFIRA | AJ39: P | AK39: SMP NEGERI 8 PAMEKASAN | AL39: 89.29 | AM39: 53.33 | AN39: 74.9 | AO39: F | AP39: - juara 1 OSN matematika tingkat kabupaten 2025 - juara harapan 3 SquareRoot Olympiad banyuangi tahun 2024 | AS39: 15608 | AT39: 0112264425 | AU39: RESTY AULYA SAFIRA | AV39: F31
A40: 31 | B40: 15608 | C40: 0112264425 | D40: RESTY AULYA SAFIRA | E40: P | AH40: 0116418519 | AI40: RORO ANINDYA ZAHIRA HIRAWAN | AJ40: P | AK40: MTsN 3 PAMEKASAN | AL40: 90.34 | AM40: 41.67 | AN40: 70.87 | AO40: F | AP40: - | AS40: 15618 | AT40: 0116418519 | AU40: RORO ANINDYA ZAHIRA HIRAWAN | AV40: F32
A41: 32 | B41: 15618 | C41: 0116418519 | D41: RORO ANINDYA ZAHIRA HIRAWAN | E41: P | AH41: 0117817402 | AI41: SISKA MAULA SAKINAH | AJ41: P | AK41: SMP NEGERI 1TLANAKAN | AL41: 83.49 | AM41: 43.34 | AN41: 67.43 | AO41: F | AP41: - | AS41: 15637 | AT41: 0117817402 | AU41: SISKA MAULA SAKINAH | AV41: F33
A42: 33 | B42: 15637 | C42: 0117817402 | D42: SISKA MAULA SAKINAH | E42: P | AH42: 0113366067 | AI42: SITI NAYLA ZAHRA MAULIDA | AJ42: P | AK42: SMP NEGERI 2 PAMEKASAN | AL42: 90.26 | AM42: 73.34 | AN42: 83.49 | AO42: F | AP42: - | AS42: 15640 | AT42: 0113366067 | AU42: SITI NAYLA ZAHRA MAULIDA | AV42: F34
A43: 34 | B43: 15640 | C43: 0113366067 | D43: SITI NAYLA ZAHRA MAULIDA | E43: P | AH43: 0106890725 | AI43: SYAFAATUS SHILMA | AJ43: P | AK43: MTsN 2 PAMEKASAN | AL43: 86.51 | AM43: 55.00 | AN43: 73.91 | AO43: F | AP43: tidak ada | AS43: 15642 | AT43: 0106890725 | AU43: SYAFAATUS SHILMA | AV43: F35
A44: 35 | B44: 15642 | C44: 0106890725 | D44: SYAFAATUS SHILMA | E44: P | AH44: 0101669426 | AI44: UZLIFATUL JANNAH | AJ44: P | AK44: SMPN 4 PAMEKASAN | AL44: 85 | AM44: 60 | AN44: 75 | AO44: F | AP44: - | AS44: 15649 | AT44: 0101669426 | AU44: UZLIFATUL JANNAH | AV44: F36
A45: 36 | B45: 15649 | C45: 0101669426 | D45: UZLIFATUL JANNAH | E45: P
A46: Paraf | D46: L : | E46: =COUNTIFS($E$10:$E$45,"L") -> 14
A47: Guru | D47: P : | E47: =COUNTIFS($E$10:$E$45,"P") -> 22
E48: =E46+E47 -> 36

Sheet X-7
AF2: ZONASI | AG2: 0096081695 | AH2: 20527197 | AI2: ACH NURUL HIDAYAT | AJ2: L
AF3: ZONASI | AG3: 0088648714 | AH3: 20583410 | AI3: ADINDA ZIFANNA OKTAFIA | AJ3: P
A4: Tahun Pelajaran 2026 / 2027 | AF4: RAPORT | AG4: 0096665378 | AH4: 20527197 | AI4: ANGGUN KARUNIA PUTRI SASIKIRANA | AJ4: P
AF5: ZONASI | AG5: 0086865210 | AH5: 20527197 | AI5: ANNISA ALMAQFIRA | AJ5: P
AF6: ZONASI | AG6: 0092449638 | AH6: 20527197 | AI6: AURA DINDA TRY ZALIANTY | AJ6: P
A7: No | B7: NIS | C7: NISN | D7: Nama Siswa | E7: L/P | F7: Wali Kelas : | I7: ST. ROKAYYAH, S.Pd. | T7: NIP : | V7: 1.9960106e+17 | AF7: ZONASI | AG7: 0093463371 | AH7: 20566545 | AI7: Bennett Wang | AJ7: L
F8: Tanggal | AF8: NON AKD | AG8: 0088109228 | AH8: 20527180 | AI8: BINTANG ACHMAD FAUZANI | AJ8: L
AF9: A.GURU | AG9: 0096931249 | AH9: 20527197 | AI9: DAVIN PRAMANA PUTRA YULIANTO | AJ9: L
A10: 1 | B10: 15332 | C10: 0108156817 | D10: AIDA DESTIYANA PUTRI | E10: P | AR10: 0108156817 | AS10: AIDA DESTIYANA PUTRI | AT10: P | AU10: Mts Negeri 1 Pamekasan | AV10: 86.14 | AW10: 66.67 | AX10: 78.35 | AY10: G | AZ10: - | BB10: 15332 | BC10: 0108156817 | BD10: AIDA DESTIYANA PUTRI | BE10: G01
A11: 2 | B11: 15338 | C11: 0119782271 | D11: AISYAH QOTHRUN NADA | E11: P | AR11: 0119782271 | AS11: AISYAH QOTHRUN NADA | AT11: P | AU11: SMP 3 Pamekasan | AV11: 87.26 | AW11: 63.34 | AX11: 77.69 | AY11: G | AZ11: - | BB11: 15338 | BC11: 0119782271 | BD11: AISYAH QOTHRUN NADA | BE11: G02
A12: 3 | B12: 15344 | C12: 0114150220 | D12: ALMIRA BASHITA KURNIAWAN | E12: P | AR12: 0114150220 | AS12: ALMIRA BASHITA KURNIAWAN | AT12: P | AU12: smpn 1 pamekasan | AV12: 89.26 | AW12: 71.67 | AX12: 82.22 | AY12: G | AZ12: - | BB12: 15344 | BC12: 0114150220 | BD12: ALMIRA BASHITA KURNIAWAN | BE12: G03
A13: 4 | B13: 15381 | C13: 0108474739 | D13: BAGAS DWI BUSRI YAQIN | E13: L | AR13: 0108474739 | AS13: BAGAS DWI BUSRI YAQIN | AT13: L | AU13: SMPN 1 PAKONG | AV13: 82.17 | AW13: 56.67 | AX13: 71.97 | AY13: G | AZ13: - | BB13: 15381 | BC13: 0108474739 | BD13: BAGAS DWI BUSRI YAQIN | BE13: G04
A14: 5 | B14: 15392 | C14: 0106109411 | D14: CARISA DAFITRI EFFENDI | E14: P | AR14: 0106109411 | AS14: CARISA DAFITRI EFFENDI | AT14: P | AU14: SMP PLUS NURUL HIKMAH | AV14: 94.86 | AW14: 78.34 | AX14: 88.25 | AY14: G | AZ14: • Juara 1 Goma plus 2026 mapel Pai • Juara 3 Puspesjar kemerdekaan mapel Ipa | BB14: 15392 | BC14: 0106109411 | BD14: CARISA DAFITRI EFFENDI | BE14: G05
A15: 6 | B15: 15397 | C15: 0106595174 | D15: DAANISH RAFFI ALFARISI | E15: L | AR15: 0106595174 | AS15: DAANISH RAFFI ALFARISI | AT15: L | AU15: SMPN 2 Pamekasan | AV15: 87.91 | AW15: 65 | AX15: 78.75 | AY15: G | AZ15: (-) | BB15: 15397 | BC15: 0106595174 | BD15: DAANISH RAFFI ALFARISI | BE15: G06
A16: 7 | B16: 15399 | C16: 0102422190 | D16: DAFFA NUR ZAKARIYYA | E16: L | AR16: 0102422190 | AS16: DAFFA NUR ZAKARIYYA | AT16: L | AU16: SMPN 1 PAMEKASAN | AV16: 91.37 | AW16: 90.00 | AX16: 90.82 | AY16: G | AZ16: Juara harapan 2 MATEMATIKA PHYTAGORAS 2026 Juara 3 MATEMATIKA AMFIBI PLUS 2026 Juara 1 MIPA pada lomba GALAXY 9.0 di mojokerto Juara 3 MATEMATIKA COSMIS IX 2025 Juara 1 MATEMATIKA COSMIS VII 2023 Juara harapan 2 MATEMATIKA SAMED PLUS 2025 Juara harapan 3 MATEMATIKA AKSI 2026 Juara 2 MATEMATIKA LeoXLimit 2025 Juara 2 BIOSMATIKA 2026 Juara 1 MATEMATIKA SMASCOM 2024 | BB16: 15399 | BC16: 0102422190 | BD16: DAFFA NUR ZAKARIYYA | BE16: G07
A17: 8 | B17: 15401 | C17: 0111332366 | D17: DELISHA SABRINA PUTRI SURYA | E17: P | AR17: 0111332366 | AS17: DELISHA SABRINA PUTRI SURYA | AT17: P | AU17: MTSS UMMUL QURO PUTRI | AV17: 84.82 | AW17: 68.335 | AX17: 78.23 | AY17: G | AZ17: - | BB17: 15401 | BC17: 0111332366 | BD17: DELISHA SABRINA PUTRI SURYA | BE17: G08
A18: 9 | B18: 15414 | C18: 0112580174 | D18: FAIHA NADA ZALFA | E18: P | AR18: 0112580174 | AS18: FAIHA NADA ZALFA | AT18: P | AU18: SMPN 3 pamekasan | AV18: 90.09 | AW18: 88.34 | AX18: 89.39 | AY18: G | AZ18: - | BB18: 15414 | BC18: 0112580174 | BD18: FAIHA NADA ZALFA | BE18: G09
A19: 10 | B19: 15438 | C19: 0106693132 | D19: FITRIA ASIFATUS ZAHRO | E19: P | AR19: 0106693132 | AS19: FITRIA ASIFATUS ZAHRO | AT19: P | AU19: SMP NEGERI 3 PAMEKASAN | AV19: 81.83 | AW19: 38.34 | AX19: 64.43 | AY19: G | AZ19: (_) | BB19: 15438 | BC19: 0106693132 | BD19: FITRIA ASIFATUS ZAHRO | BE19: G10
A20: 11 | B20: 15439 | C20: 0101836707 | D20: FITRIYAH | E20: P | AR20: 0101836707 | AS20: FITRIYAH | AT20: P | AU20: SMPN 2 PADEMAWU | AV20: 86.17 | AW20: 63.34 | AX20: 77.04 | AY20: G | AZ20: semifinalis lomba pythagoras dan rank/juara satu (1) kelas | BB20: 15439 | BC20: 0101836707 | BD20: FITRIYAH | BE20: G11
A21: 12 | B21: 15448 | C21: 0114098301 | D21: GIBRAN ABDILLAH DHOVAIRY | E21: L | AR21: 0114098301 | AS21: GIBRAN ABDILLAH DHOVAIRY | AT21: L | AU21: SMP NEGERI 2 PAMEKASAN | AV21: 90.89 | AW21: 73.34 | AX21: 83.87 | AY21: G | AZ21: - | BB21: 15448 | BC21: 0114098301 | BD21: GIBRAN ABDILLAH DHOVAIRY | BE21: G12
A22: 13 | B22: 15462 | C22: 0107928320 | D22: IZZA SAYRA QIRANI | E22: P | AR22: 0107928320 | AS22: IZZA SAYRA QIRANI | AT22: P | AU22: MTSN 3 PAMEKASAN | AV22: 91.83 | AW22: 60 | AX22: 79.1 | AY22: G | AZ22: - | BB22: 15462 | BC22: 0107928320 | BD22: IZZA SAYRA QIRANI | BE22: G13
A23: 14 | B23: 15469 | C23: 0111602576 | D23: JUNDIYULHAQ ALMUJADID | E23: L | AR23: 0111602576 | AS23: JUNDIYULHAQ ALMUJADID | AT23: L | AU23: SMPN 2 PAMEKASAN | AV23: 88.66 | AW23: 73.34 | AX23: 82.53 | AY23: G | AZ23: tidak ada | BB23: 15469 | BC23: 0111602576 | BD23: JUNDIYULHAQ ALMUJADID | BE23: G14
A24: 15 | B24: 15472 | C24: 0112720305 | D24: KARINA ULYA HARYADI | E24: P | AR24: 0112720305 | AS24: KARINA ULYA HARYADI | AT24: P | AU24: SMP NEGERI 2 PAMEKASAN | AV24: 84.74 | AW24: 70.00 | AX24: 78.84 | AY24: G | AZ24: - | BB24: 15472 | BC24: 0112720305 | BD24: KARINA ULYA HARYADI | BE24: G15
A25: 16 | B25: 15476 | C25: 0104245663 | D25: KHAIZURAN RABBANI AHNAF | E25: L | AR25: 0104245663 | AS25: KHAIZURAN RABBANI AHNAF | AT25: L | AU25: SMPN 1 PAMEKASAN | AV25: 90.43 | AW25: 80.00 | AX25: 86.26 | AY25: G | AZ25: _ | BB25: 15476 | BC25: 0104245663 | BD25: KHAIZURAN RABBANI AHNAF | BE25: G16
A26: 17 | B26: 15477 | C26: 0096104325 | D26: KHANSA AFRA NABILA | E26: P | AR26: 0096104325 | AS26: KHANSA AFRA NABILA | AT26: P | AU26: MTsN 3 Pamekasan | AV26: 87.4 | AW26: 58.34 | AX26: 75.04 | AY26: G | AZ26: - | BB26: 15477 | BC26: 0096104325 | BD26: KHANSA AFRA NABILA | BE26: G17
A27: 18 | B27: 15483 | C27: 0103362499 | D27: LABIB FAQIH ASSHOLIHIN | E27: L | AR27: 0103362499 | AS27: LABIB FAQIH ASSHOLIHIN | AT27: L | AU27: MTsN 3 PAMEKASAN | AV27: 90.20 | AW27: 55.00 | AX27: 76.16 | AY27: G | AZ27: BRILIANT ISLAMIC OLYMPIAD:peraih medali perunggu nasional,bidang bahasa indonesia KISN:peraih medali perunggu nasional,bidang geografi KOMPETISI AKADEMIK NASIONAL HARI PANCASILA:peraih perunggu,bidang geografi | BB27: 15483 | BC27: 0103362499 | BD27: LABIB FAQIH ASSHOLIHIN | BE27: G18
A28: 19 | B28: 15486 | C28: 0101815001 | D28: LYNA ELZA RAMADANI | E28: P | AR28: 0101815001 | AS28: LYNA ELZA RAMADANI | AT28: P | AU28: SMP NEGERI 3 PAMEKASAN | AV28: 83.31 | AW28: 61.67 | AX28: 74.65 | AY28: G | AZ28: (-) | BB28: 15486 | BC28: 0101815001 | BD28: LYNA ELZA RAMADANI | BE28: G19
A29: 20 | B29: 15487 | C29: 0105865699 | D29: M FAUZUL RAHMAN IRDIANSYAH | E29: L | AR29: 0105865699 | AS29: M FAUZUL RAHMAN IRDIANSYAH | AT29: L | AU29: Smpn 2 pamekasan | AV29: 88.09 | AW29: 76.67 | AX29: 83.52 | AY29: G | AZ29: - | BB29: 15487 | BC29: 0105865699 | BD29: M FAUZUL RAHMAN IRDIANSYAH | BE29: G20
A30: 21 | B30: 15497 | C30: 0126226478 | D30: MAJEEDA AMALINA | E30: P | AR30: 0126226478 | AS30: MAJEEDA AMALINA | AT30: P | AU30: MTsN 3 PAMEKASAN | AV30: 90.95 | AW30: 66.67 | AX30: 81.24 | AY30: G | AZ30: juara harapan 2 lomba hgn mapel agama 2024,dan ada sebagian lomba online mapel agama dan umum seperti lomba osi tapi sertifikat nya sudah hilang dikarenakan akunnya tidak bisa. | BB30: 15497 | BC30: 0126226478 | BD30: MAJEEDA AMALINA | BE30: G21
A31: 22 | B31: 15511 | C31: 0107417750 | D31: MERCHY ALEXANDRIA | E31: P | AR31: 0107417750 | AS31: MERCHY ALEXANDRIA | AT31: P | AU31: SMPN 5 PAMEKASAN | AV31: 87.54 | AW31: 81.67 | AX31: 85.19 | AY31: G | AZ31: juara harapan 3 dalam rangka lomba optima | BB31: 15511 | BC31: 0107417750 | BD31: MERCHY ALEXANDRIA | BE31: G22
A32: 23 | B32: 15535 | C32: 0104111964 | D32: MOHAMMAD FIQRIYANTO RAKHMAN | E32: L | AR32: 0104111964 | AS32: MOHAMMAD FIQRIYANTO RAKHMAN | AT32: L | AU32: SMPN 2 Pamekasan | AV32: 85.80 | AW32: 73.34 | AX32: 80.82 | AY32: G | AZ32: - | BB32: 15535 | BC32: 0104111964 | BD32: MOHAMMAD FIQRIYANTO RAKHMAN | BE32: G23
A33: 24 | B33: 15548 | C33: 0104900272 | D33: MUHAMMAD RAFI ABDULLAH | E33: L | AR33: 0104900272 | AS33: MUHAMMAD RAFI ABDULLAH | AT33: L | AU33: SMPN 2 PAMEKASAN | AV33: 87.49 | AW33: 68.34 | AX33: 79.83 | AY33: G | AZ33: - | BB33: 15548 | BC33: 0104900272 | BD33: MUHAMMAD RAFI ABDULLAH | BE33: G24
A34: 25 | B34: 15550 | C34: 0118019515 | D34: MUHAMMAD RIZQI ZAMZAMI | E34: L | AR34: 0118019515 | AS34: MUHAMMAD RIZQI ZAMZAMI | AT34: L | AU34: SMP PLUS NURUL HIKMAH PAMEKASAN | AV34: 93.23 | AW34: 71.67 | AX34: 84.61 | AY34: G | AZ34: Juara harapan 1 lomba KOMPAS yang diselenggarakan SMA Negeri 1 Pamekasan, Juara 1 lomba mapel PAI MAFIKIBISA yang diselenggarakan MAN 2 Pamekasan | BB34: 15550 | BC34: 0118019515 | BD34: MUHAMMAD RIZQI ZAMZAMI | BE34: G25
A35: 26 | B35: 15556 | C35: 0114571037 | D35: NADIA PUTRI RENATA | E35: P | AR35: 0114571037 | AS35: NADIA PUTRI RENATA | AT35: P | AU35: SMPN 1 WARU | AV35: 82.31 | AW35: 76.67 | AX35: 80.05 | AY35: G | AZ35: - | BB35: 15556 | BC35: 0114571037 | BD35: NADIA PUTRI RENATA | BE35: G26
A36: 27 | B36: 15558 | C36: 0104541591 | D36: NADITA CITRA PRATIWI | E36: P | AR36: 0104541591 | AS36: NADITA CITRA PRATIWI | AT36: P | AU36: SMPN 2 PAMEKASAN | AV36: 87.22 | AW36: 51.67 | AX36: 79.22 | AY36: G | AZ36: RENANG | BB36: 15558 | BC36: 0104541591 | BD36: NADITA CITRA PRATIWI | BE36: G27
A37: 28 | B37: 15569 | C37: 0106468797 | D37: NAYLA RACHMATUL AZZA | E37: P | AR37: 0106468797 | AS37: NAYLA RACHMATUL AZZA | AT37: P | AU37: SMPS SABILILLAH | AV37: 89.80 | AW37: 70.00 | AX37: 81.88 | AY37: G | AZ37: Juara 1 PHYTAGORAS+22 bidang bahasa inggris 2026 2nd Winner in English Olympiade of COME 2024 | BB37: 15569 | BC37: 0106468797 | BD37: NAYLA RACHMATUL AZZA | BE37: G28
A38: 29 | B38: 15577 | C38: 0108159241 | D38: NUR LAILI RAMADANIA | E38: P | AR38: 0108159241 | AS38: NUR LAILI RAMADANIA | AT38: P | AU38: SMP NEGERI 1 PAMEKASAN | AV38: 85.06 | AW38: 63.34 | AX38: 76.37 | AY38: G | AZ38: - | BB38: 15577 | BC38: 0108159241 | BD38: NUR LAILI RAMADANIA | BE38: G29
A39: 30 | B39: 15578 | C39: 0104382604 | D39: NURRIYAH BELQIS | E39: P | AR39: 0104382604 | AS39: NURRIYAH BELQIS | AT39: P | AU39: MTsN 3 pamekasan | AV39: 91.61 | AW39: 58.33 | AX39: 68.38 | AY39: G | AZ39: (-) | BB39: 15578 | BC39: 0104382604 | BD39: NURRIYAH BELQIS | BE39: G30
A40: 31 | B40: 15610 | C40: 0113019733 | D40: RIFA NAYSHA QONITA MUSTOFA | E40: P | AR40: 0113019733 | AS40: RIFA NAYSHA QONITA MUSTOFA | AT40: P | AU40: SMP Plus Nurul Hikmah Pamekasan | AV40: 85.34 | AW40: 38.34 | AX40: 66.54 | AY40: G | AZ40: Tidak ada | BB40: 15610 | BC40: 0113019733 | BD40: RIFA NAYSHA QONITA MUSTOFA | BE40: G31
A41: 32 | B41: 15613 | C41: 0102175481 | D41: RIVALINA MULYASARI | E41: P | AR41: 0102175481 | AS41: RIVALINA MULYASARI | AT41: P | AU41: SMPN 2 PAMEKSAN | AV41: 85.37 | AW41: 51.67 | AX41: 71.89 | AY41: G | AZ41: Tidak Ada | BB41: 15613 | BC41: 0102175481 | BD41: RIVALINA MULYASARI | BE41: G32
A42: 33 | B42: 15626 | C42: 0118835773 | D42: SAHIRA AMIRA SUBHANI | E42: P | AR42: 0118835773 | AS42: SAHIRA AMIRA SUBHANI | AT42: P | AU42: SMP NEGERI 1TLANAKAN | AV42: 83.60 | AW42: 60.00 | AX42: 74.16 | AY42: G | AZ42: - | BB42: 15626 | BC42: 0118835773 | BD42: SAHIRA AMIRA SUBHANI | BE42: G33
A43: 34 | B43: 15630 | C43: 0114916424 | D43: SARIFA HIDAYANTI | E43: P | AR43: 0114916424 | AS43: SARIFA HIDAYANTI | AT43: P | AU43: SMP NEGERI 1 PAMEKASAN | AV43: 86.83 | AW43: 63.34 | AX43: 77.43 | AY43: G | AZ43: - | BB43: 15630 | BC43: 0114916424 | BD43: SARIFA HIDAYANTI | BE43: G34
A44: 35 | B44: 15652 | C44: 0101809452 | D44: VIKA NOVIYANTI ARIEF | E44: P | AR44: 0101809452 | AS44: VIKA NOVIYANTI ARIEF | AT44: P | AU44: SMP NEGERI 8 PAMEKASAN | AV44: 88.89 | AW44: 58.34 | AX44: 76.67 | AY44: G | AZ44: - | BB44: 15652 | BC44: 0101809452 | BD44: VIKA NOVIYANTI ARIEF | BE44: G35
A45: 36 | B45: 15658 | C45: 0129193613 | D45: YANUAR WISHNU PRATAMA | E45: L | AR45: 0129193613 | AS45: YANUAR WISHNU PRATAMA | AT45: L | AU45: SMP NEGERI 1 PAMEKASAN | AV45: 82.60 | AW45: 53.34 | AX45: 70.90 | AY45: G | AZ45: - | BB45: 15658 | BC45: 0129193613 | BD45: YANUAR WISHNU PRATAMA | BE45: G36
A46: Paraf | D46: L : | E46: =COUNTIFS($E$10:$E$45,"L") -> 12
A47: Guru | D47: P : | E47: =COUNTIFS($E$10:$E$45,"P") -> 24
E48: 36 | AH48: =E46+E47 -> 36

Sheet X-8
A4: Tahun Pelajaran 2026 / 2027
A7: No | B7: NIS | C7: NISN | D7: Nama Siswa | E7: L/P | F7: Wali Kelas : | I7: AGUS CAHYANTO, S.Kom | T7: NIP : | V7: 197708222009031001
F8: Tanggal
A10: 1 | B10: 15340 | C10: 0109106998 | D10: AKHMAD RIFALDIANSYAH | E10: L | AE10: 0109106998 | AF10: AKHMAD RIFALDIANSYAH | AG10: L | AH10: SMPN 2 PAMEKASAN | AI10: 81.74 | AJ10: 63.33 | AK10: 74.38 | AL10: H | AM10: - | AP10: 15340 | AQ10: 0109106998 | AR10: AKHMAD RIFALDIANSYAH | AS10: H01
A11: 2 | B11: 15341 | C11: 0109122065 | D11: AL HARITS | E11: L | AE11: 0109122065 | AF11: AL HARITS | AG11: L | AH11: SMPS SABILILLAH SAMPANG | AI11: 89.23 | AJ11: 88.33 | AK11: 88.87 | AL11: H | AM11: 1.Juara 3 lomba PHYTAGORAS bidang Matematika tingkat kabupaten/kota yang diselenggarakan oleh SMAN 1 PAMEKASAN 2.Juara 3 lomba THE COMPETITITON 9 bidang Matematika tingkat Nasional yang diselenggarakan oleh SMAN 9 SURABAYA 3.Juara 2 lomba OMVN bidang Matematika tingkat Nasional yang diselenggarakan oleh Universitas Negeri Malang 4.Juara 1 lomba OKARA bidang Matematika tingkat kabupaten/kota yang diselenggarakan oleh STKIP PGRI SUMENEP 5.Juara 3 lomba GOMA bidang Matematika tingkat kabupaten/kota yang diselenggarakan oleh MA AL-FALAH Pamekasan 6.Juara 2 lomba OMVN bidang Matematika tingkat Nasional yang diselenggarakan oleh Universitas Negeri Malang | AP11: 15341 | AQ11: 0109122065 | AR11: AL HARITS | AS11: H02
A12: 3 | B12: 15343 | C12: 0101809584 | D12: ALIFATUL ANISAH | E12: P | AE12: 0101809584 | AF12: ALIFATUL ANISAH | AG12: P | AH12: SMPN 2 PAMEKASAN | AI12: 90.00 | AJ12: 66.67 | AK12: 80.67 | AL12: H | AM12: - | AP12: 15343 | AQ12: 0101809584 | AR12: ALIFATUL ANISAH | AS12: H03
A13: 4 | B13: 15352 | C13: 0118134623 | D13: AMIRAH SHAFA HADINANTA | E13: P | AE13: 0118134623 | AF13: AMIRAH SHAFA HADINANTA | AG13: P | AH13: SMPN 1 PAMEKASAN | AI13: 89.06 | AJ13: 63.34 | AK13: 78.77 | AL13: H | AM13: JUARA 2 LOMBA DEBAT SMP/MTS Sederajat Se Jawa Timur MOSLEM TEENAGERS COMPETITIONS SMA KHADIJAH SURABAYA | AP13: 15352 | AQ13: 0118134623 | AR13: AMIRAH SHAFA HADINANTA | AS13: H04
A14: 5 | B14: 15355 | C14: 0114496217 | D14: ANINDYA ALIKA RAMADHANI | E14: P | AE14: 0114496217 | AF14: ANINDYA ALIKA RAMADHANI | AG14: P | AH14: SMPN 2 PMK | AI14: 88.14 | AJ14: 78.34 | AK14: 84.22 | AL14: H | AM14: - | AP14: 15355 | AQ14: 0114496217 | AR14: ANINDYA ALIKA RAMADHANI | AS14: H05
A15: 6 | B15: 15360 | C15: 0118534001 | D15: ARIBAH NAJWA | E15: P | AE15: 0118534001 | AF15: ARIBAH NAJWA | AG15: P | AH15: MTSN 3 PAMEKASAN | AI15: 89.94 | AJ15: 51.67 | AK15: 74.63 | AL15: H | AM15: lomba ipa dan matematika | AP15: 15360 | AQ15: 0118534001 | AR15: ARIBAH NAJWA | AS15: H06
A16: 7 | B16: 15368 | C16: 0116886449 | D16: AULIA NUR ANISA | E16: P | AE16: 0116886449 | AF16: AULIA NUR ANISA | AG16: P | AH16: SMP Negeri 1 Pamekasan | AI16: 89.90 | AJ16: 56.67 | AK16: 83.88 | AL16: H | AM16: •Juara 3 mapel bhs Indonesia (Ajang Kompetisi Siswa Berprestasi (Aksi)) | AP16: 15368 | AQ16: 0116886449 | AR16: AULIA NUR ANISA | AS16: H07
A17: 8 | B17: 15376 | C17: 0119497927 | D17: AZKA MAULANA | E17: L | AE17: 0119497927 | AF17: AZKA MAULANA | AG17: L | AH17: SMP NEGERI 2 PAMEKASAN | AI17: 87.71 | AJ17: 73.34 | AK17: 81.96 | AL17: H | AM17: - | AP17: 15376 | AQ17: 0119497927 | AR17: AZKA MAULANA | AS17: H08
A18: 9 | B18: 15384 | C18: 0103665333 | D18: BENING MEUTIA OKTAVIANTI | E18: P | AE18: 0103665333 | AF18: BENING MEUTIA OKTAVIANTI | AG18: P | AH18: SMP NEGERI 1 PAMEKASAN | AI18: 87.80 | AJ18: 61.67 | AK18: 77.35 | AL18: H | AM18: - | AP18: 15384 | AQ18: 0103665333 | AR18: BENING MEUTIA OKTAVIANTI | AS18: H09
A19: 10 | B19: 15404 | C19: 0108134448 | D19: DEWI PUTRI ANGGRAINI | E19: P | AE19: 0108134448 | AF19: DEWI PUTRI ANGGRAINI | AG19: P | AH19: SMPN 1 PAMEKASAN | AI19: 88.54 | AJ19: 66.67 | AK19: 79.79 | AL19: H | AM19: - | AP19: 15404 | AQ19: 0108134448 | AR19: DEWI PUTRI ANGGRAINI | AS19: H10
A20: 11 | B20: 15423 | C20: 0106236441 | D20: FARHAN SYARIF RAMADHAN | E20: L | AE20: 0106236441 | AF20: FARHAN SYARIF RAMADHAN | AG20: L | AH20: UPTD SMPN 1 SAMPANG | AI20: 94.03 | AJ20: 83.34 | AK20: 89.75 | AL20: H | AM20: PHYTAGORAS+22 | AP20: 15423 | AQ20: 0106236441 | AR20: FARHAN SYARIF RAMADHAN | AS20: H11
A21: 12 | B21: 15430 | C21: 0115110655 | D21: FEBRINA KAYLILA RAHMAWATI | E21: P | AE21: 0115110655 | AF21: FEBRINA KAYLILA RAHMAWATI | AG21: P | AH21: SMP Negeri 2 Pamekasan | AI21: 88.20 | AJ21: 68.34 | AK21: 80.26 | AL21: H | AM21: (-) | AP21: 15430 | AQ21: 0115110655 | AR21: FEBRINA KAYLILA RAHMAWATI | AS21: H12
A22: 13 | B22: 15434 | C22: 0111273676 | D22: FIFIN | E22: P | AE22: 3115236101 | AF22: GHAZY AHMAD GUSTY HIDAYAH | AG22: L | AH22: SMPN 2 PAMEKASAN | AI22: 90.66 | AJ22: 85.00 | AK22: 88.40 | AL22: H | AM22: - | AP22: 15434 | AQ22: 0111273676 | AR22: FIFIN | AS22: H13
A23: 14 | B23: 15446 | C23: 3115236101 | D23: GHAZY AHMAD GUSTY HIDAYAH | E23: L | AE23: 0113248029 | AF23: ISNY NORA MAULIDYA | AG23: P | AH23: SMPN 2 Pamekasan | AI23: 88.43 | AJ23: 73.34 | AK23: 82.39 | AL23: H | AM23: - | AP23: 15446 | AQ23: 3115236101 | AR23: GHAZY AHMAD GUSTY HIDAYAH | AS23: H14
A24: 15 | B24: 15461 | C24: 0113248029 | D24: ISNY NORA MAULIDYA | E24: P | AE24: 0107374581 | AF24: IZZAH ZAFIRA | AG24: P | AH24: SMP NEGERI 3 PAMEKASAN | AI24: 83.23 | AJ24: 55.00 | AK24: 71.94 | AL24: H | AM24: - | AP24: 15461 | AQ24: 0113248029 | AR24: ISNY NORA MAULIDYA | AS24: H15
A25: 16 | B25: 15464 | C25: 0107374581 | D25: IZZAH ZAFIRA | E25: P | AE25: 0107006348 | AF25: MARIA DEWI LESTARI | AG25: P | AH25: SMPN 1 Larangan | AI25: 91.23 | AJ25: 75.00 | AK25: 84.74 | AL25: H | AM25: 1. Juara 2 phytagoras+22 2. Harapan 1 phytagoras+21 3. Memperoleh medali perak di OLIPS 2 Probolinggo 4. Juara 3 OLIPS 2 tingkat kabupaten 5. Harapan 2 OSN-K 2024 6. Harapan 2 OSN-K 2025 7. Juara 1 AKSI 2026 mapel IPS 8. Juara 1 GOMA 2026 mapel IPS 9. Juara 2 gamis competition IPS 10. Juara 3 mafikibisa 2026 IPS 11. Harapan 2 mafikibisa 2025 IPS 12. Harapan 2 kosaba 2025 IPS 13. Harapan 2 mgmp IPS 2024 | AP25: 15464 | AQ25: 0107374581 | AR25: IZZAH ZAFIRA | AS25: H16
A26: 17 | B26: 15499 | C26: 0107006348 | D26: MARIA DEWI LESTARI | E26: P | AE26: 0109643674 | AF26: MOH FAJRI RIZQIL AMIN | AG26: L | AH26: Smp puncak darussalam | AI26: 88.89 | AJ26: Bhs indo=73,33 mtk=50,00 | AK26: 77.7 | AL26: H | AM26: (-) | AP26: 15499 | AQ26: 0107006348 | AR26: MARIA DEWI LESTARI | AS26: H17
A27: 18 | B27: 15521 | C27: 0109643674 | D27: MOH FAJRI RIZQIL AMIN | E27: L | AE27: 0115066433 | AF27: MOHAMMAD BAYU DWI SAPUTRA | AG27: L | AH27: SMP PLUS NURUL HIKMAH | AI27: 85.51 | AJ27: 70.00 | AK27: 79.31 | AL27: H | AM27: Tidak ada | AP27: 15521 | AQ27: 0109643674 | AR27: MOH FAJRI RIZQIL AMIN | AS27: H18
A28: 19 | B28: 15533 | C28: 0115066433 | D28: MOHAMMAD BAYU DWI SAPUTRA | E28: L | AE28: 0112827800 | AF28: MUHAMMAD DZIKRULLAH DZAKY PRATAMA | AG28: L | AH28: MTSS DARUL HIKMAH | AI28: 83.54 | AJ28: 53.34 | AK28: 71.46 | AL28: H | AM28: Tidak ada | AP28: 15533 | AQ28: 0115066433 | AR28: MOHAMMAD BAYU DWI SAPUTRA | AS28: H19
A29: 20 | B29: 15545 | C29: 0112827800 | D29: MUHAMMAD DZIKRULLAH DZAKY PRATAMA | E29: L | AE29: 0108625427 | AF29: MUTHIA AN NADHIFA AZZAARINE | AG29: P | AH29: SMPN 1 PAMEKASAN | AI29: 89.91 | AJ29: 68.33 | AK29: 81.28 | AL29: H | AM29: 1.meraih medali perunggu dalang ajang indonesian youth science Olympiad bidang ipa | AP29: 15545 | AQ29: 0112827800 | AR29: MUHAMMAD DZIKRULLAH DZAKY PRATAMA | AS29: H20
A30: 21 | B30: 15561 | C30: 0115434818 | D30: NAILAH AYESHA PHILBERTHA | E30: P | AE30: 0115434818 | AF30: NAILAH AYESHA PHILBERTHA | AG30: P | AH30: MTsN 3 PAMEKASAN | AI30: 90.53 | AJ30: 35 | AK30: 68.35 | AL30: H | AM30: OLIMPIADE SAINS HARI PAHLAWAN INDONESIA (MAPEL IPA, MEDALI PERAK) OLIMPIADE SAINS HARI PAHLAWAN INDONESIA (MAPEL SEJARAH, MEDALI EMAS) | AP30: 15561 | AQ30: 0115434818 | AR30: NAILAH AYESHA PHILBERTHA | AS30: H21
A31: 22 | B31: 15574 | C31: 0112237029 | D31: NIZAR FAZARI | E31: L | AE31: 0112237029 | AF31: NIZAR FAZARI | AG31: L | AH31: SMPN 2 PAMEKASAN | AI31: 88.23 | AJ31: 85 | AK31: 86.94 | AL31: H | AM31: - | AP31: 15574 | AQ31: 0112237029 | AR31: NIZAR FAZARI | AS31: H22
A32: 23 | B32: 15575 | C32: 0103231086 | D32: NOVI WAHYUNINDIA SARI | E32: P | AE32: 0103231086 | AF32: NOVI WAHYUNINDIA SARI | AG32: P | AH32: smp qurratul uyun | AI32: 89.63 | AJ32: 61.67 | AK32: 78.45 | AL32: H | AM32: - | AP32: 15575 | AQ32: 0103231086 | AR32: NOVI WAHYUNINDIA SARI | AS32: H23
A33: 24 | B33: 15576 | C33: 0104175581 | D33: NUR ATHALLAH ZAKY RR | E33: L | AE33: 0104175581 | AF33: NUR ATHALLAH ZAKY RR | AG33: L | AH33: SMP plus Nurul hikmah | AI33: 86.43 | AJ33: 61.67 | AK33: 76.53 | AL33: H | AM33: Tidak ada | AP33: 15576 | AQ33: 0104175581 | AR33: NUR ATHALLAH ZAKY RR | AS33: H24
A34: 25 | B34: 15579 | C34: 0117090342 | D34: OFELIA NUR AROFAH | E34: P | AE34: 0117090342 | AF34: OFELIA NUR AROFAH | AG34: P | AH34: SMP NEGERI 2 PAMEKASAN | AI34: 91.57 | AJ34: 73.33 | AK34: 84.27 | AL34: H | AM34: (-) | AP34: 15579 | AQ34: 0117090342 | AR34: OFELIA NUR AROFAH | AS34: H25
A35: 26 | B35: 15580 | C35: 0103717114 | D35: OKTAVIANA RATMININGTYAS CH | E35: P | AE35: 0103717114 | AF35: OKTAVIANA RATMININGTYAS CH | AG35: P | AH35: SMP AR ROHMAH IIBS | AI35: 81.49 | AJ35: 68.34 | AK35: 76.23 | AL35: H | AM35: (-) | AP35: 15580 | AQ35: 0103717114 | AR35: OKTAVIANA RATMININGTYAS CH | AS35: H26
A36: 27 | B36: 15581 | C36: 0109775259 | D36: PATIH REFDA PUTERA | E36: L | AE36: 0109775259 | AF36: PATIH REFDA PUTERA | AG36: L | AH36: SMPN 2 Pamekasan | AI36: 81.03 | AJ36: 40.00 | AK36: 64.62 | AL36: H | AM36: tidak ada | AP36: 15581 | AQ36: 0109775259 | AR36: PATIH REFDA PUTERA | AS36: H27
A37: 28 | B37: 15585 | C37: 0118832967 | D37: PUTRI AGUNG RIZQI | E37: P | AE37: 0118832967 | AF37: PUTRI AGUNG RIZQI | AG37: P | AH37: SMPN 1 Pamekasan | AI37: 86.29 | AJ37: 50 | AK37: 71, 77 | AL37: H | AM37: tidak ada | AP37: 15585 | AQ37: 0118832967 | AR37: PUTRI AGUNG RIZQI | AS37: H28
A38: 29 | B38: 15595 | C38: 0115860101 | D38: RAFIE AKMAL RAMADHAN | E38: L | AE38: 0115860101 | AF38: RAFIE AKMAL RAMADHAN | AG38: L | AH38: SMPN 2 PAMEKASAN | AI38: 86.74 | AJ38: 58.34 | AK38: 75.38 | AL38: H | AM38: - | AP38: 15595 | AQ38: 0115860101 | AR38: RAFIE AKMAL RAMADHAN | AS38: H29
A39: 30 | B39: 15603 | C39: 0106684418 | D39: RANI DEWI SASKIA | E39: P | AE39: 0106684418 | AF39: RANI DEWI SASKIA | AG39: P | AH39: SMPN 1 PAMEKASAN | AI39: 87.49 | AJ39: 68.34 | AK39: 79.83 | AL39: H | AM39: - | AP39: 15603 | AQ39: 0106684418 | AR39: RANI DEWI SASKIA | AS39: H30
A40: 31 | B40: 15615 | C40: 0101036842 | D40: RIZQINA RAUDHATUL JANNAH | E40: P | AE40: 0101036842 | AF40: RIZQINA RAUDHATUL JANNAH | AG40: P | AH40: MTSN 3 PAMEKASAN | AI40: 90.75 | AJ40: 58.33 | AK40: 77.72 | AL40: H | AM40: ISMO 2024 biologi perak ISMO 2024 IPA perunggu OHKN 2024 fisika perunggu BIO 2024 bahasa Indonesia emas OSSN 2024 kedokteran dasar emas | AP40: 15615 | AQ40: 0101036842 | AR40: RIZQINA RAUDHATUL JANNAH | AS40: H31
A41: 32 | B41: 15617 | C41: 0105904965 | D41: ROIHAN MUBAROK | E41: L | AE41: 0105904965 | AF41: ROIHAN MUBAROK | AG41: L | AH41: SMP Plus Nurul Hikmah Pamekasan | AI41: 88.89 | AJ41: 61.67 | AK41: 78 | AL41: H | AM41: -harapan 2 ips mafikibisa man2 pamekasan -harapan 3 ips Pythagoras sman1 pamekasan | AP41: 15617 | AQ41: 0105904965 | AR41: ROIHAN MUBAROK | AS41: H32
A42: 33 | B42: 15623 | C42: 0119530518 | D42: SABYLA NURESTER ARTEMISIA | E42: P | AE42: 0119530518 | AF42: SABYLA NURESTER ARTEMISIA | AG42: P | AH42: MTSN 3 Pamekasan | AI42: 87.60 | AJ42: 61.67 | AK42: 77.23 | AL42: H | AM42: (-) | AP42: 15623 | AQ42: 0119530518 | AR42: SABYLA NURESTER ARTEMISIA | AS42: H33
A43: 34 | B43: 15657 | C43: 0114581198 | D43: WITRANA GALIH TARMIDI NUR | E43: L | AE43: 0114581198 | AF43: WITRANA GALIH TARMIDI NUR | AG43: L | AH43: SMP NEGERI 1 PAMEKASAN | AI43: 82.11 | AJ43: 41.67 | AK43: 65.93 | AL43: H | AM43: - | AP43: 15657 | AQ43: 0114581198 | AR43: WITRANA GALIH TARMIDI NUR | AS43: H34
A44: 35 | B44: 15661 | C44: 0112933992 | D44: YASMIN IZZATI HASNA | E44: P | AE44: 0112933992 | AF44: YASMIN IZZATI HASNA | AG44: P | AH44: SMP NEGERI 1 PAMEKASAN | AI44: 85.94 | AJ44: 61.67 | AK44: 76.23 | AL44: H | AM44: - | AP44: 15661 | AQ44: 0112933992 | AR44: YASMIN IZZATI HASNA | AS44: H35
A45: 36 | B45: 15667 | C45: 0114975343 | D45: ZAHIRA HAIKAL | E45: P | AE45: 0114975343 | AF45: ZAHIRA HAIKAL | AG45: P | AH45: SMPN 2 PAMEKASAN | AI45: 87.97 | AJ45: 73.34 | AK45: 82.12 | AL45: H | AM45: - | AP45: 15667 | AQ45: 0114975343 | AR45: ZAHIRA HAIKAL | AS45: H36
A46: Paraf | D46: L : | E46: =COUNTIFS($E$10:$E$45,"L") -> 14
A47: Guru | D47: P : | E47: =COUNTIFS($E$10:$E$45,"P") -> 22
E48: =E46+E47 -> 36

Sheet X-9
A4: Tahun Pelajaran 2026 / 2027
A7: No | B7: NIS | C7: NISN | D7: Nama Siswa | E7: L/P | F7: Wali Kelas : | I7: ROSIYANTO, S.Pd.I | T7: NIP : | V7: 198509102024211002
F8: Tanggal
A10: 1 | B10: 15317 | C10: 0109671210 | D10: ABDIELLA AFRAZ ATTAURI | E10: L | AF10: 0109671210 | AG10: ABDIELLA AFRAZ ATTAURI | AH10: L | AI10: SMP PLUS NURUL HIKMAH | AJ10: 87.91 | AK10: 66.67 | AL10: 79.41 | AM10: I | AN10: (-) | AP10: 15317 | AQ10: 0109671210 | AR10: ABDIELLA AFRAZ ATTAURI | AS10: I01
A11: 2 | B11: 15335 | C11: 0116982221 | D11: AISY AFIQAH | E11: P | AF11: 0116982221 | AG11: AISY AFIQAH | AH11: P | AI11: smpn 2 pamekasan | AJ11: 93.89 | AK11: 91.67 | AL11: 93.00 | AM11: I | AN11: harapan 2 Phytagoras ipa 2026 | AP11: 15335 | AQ11: 0116982221 | AR11: AISY AFIQAH | AS11: I02
A12: 3 | B12: 15336 | C12: 0103321181 | D12: AISYAH BULAN PUTRI DARMAWAN | E12: P | AF12: 0103321181 | AG12: AISYAH BULAN PUTRI DARMAWAN | AH12: P | AI12: SMPN 2 PAMEKASAN | AJ12: 85.54 | AK12: 70.00 | AL12: 79.32 | AM12: I | AN12: - | AP12: 15336 | AQ12: 0103321181 | AR12: AISYAH BULAN PUTRI DARMAWAN | AS12: I03
A13: 4 | B13: 15339 | C13: 0119154507 | D13: AISYAH RAHMAWATI | E13: P | AF13: 0119154507 | AG13: AISYAH RAHMAWATI | AH13: P | AI13: SMP NEGERI 2 PAMEKASAN | AJ13: 88.89 | AK13: 60.00 | AL13: 77.33 | AM13: I | AN13: - | AP13: 15339 | AQ13: 0119154507 | AR13: AISYAH RAHMAWATI | AS13: I04
A14: 5 | B14: 15357 | C14: 0111705604 | D14: ANISA RADA KIRANA JOHAR | E14: P | AF14: 0111705604 | AG14: ANISA RADA KIRANA JOHAR | AH14: P | AI14: SMPN 2 PAMEKASAN | AJ14: 88.83 | AK14: 71.67 | AL14: 81.97 | AM14: I | AN14: - | AP14: 15357 | AQ14: 0111705604 | AR14: ANISA RADA KIRANA JOHAR | AS14: I05
A15: 6 | B15: 15358 | C15: 0108049561 | D15: ANNE MARISSA ALKADISTY WINARNO | E15: P | AF15: 0108049561 | AG15: ANNE MARISSA ALKADISTY WINARNO | AH15: P | AI15: SMP KATHOLIK SANTO THOMAS PAMEKASAN | AJ15: 87.57 | AK15: 78.33 | AL15: 83.87 | AM15: I | AN15: - | AP15: 15358 | AQ15: 0108049561 | AR15: ANNE MARISSA ALKADISTY WINARNO | AS15: I06
A16: 7 | B16: 15363 | C16: 0112799560 | D16: ARKAN ABDURRAHMAN RITONGA | E16: L | AF16: 0104800411 | AG16: ATHADHIA ILHAM TSAQIF | AH16: L | AI16: SMP Plus Nurul Hikmah | AJ16: 89.49 | AK16: 56.67 | AL16: 76.36 | AM16: I | AN16: - | AP16: 15363 | AQ16: 0112799560 | AR16: ARKAN ABDURRAHMAN RITONGA | AS16: I07
A17: 8 | B17: 15366 | C17: 0104800411 | D17: ATHADHIA ILHAM TSAQIF | E17: L | AF17: 0108132681 | AG17: AUREL KHANZA ZAHITA | AH17: P | AI17: SMPN 2 PAMEKASAN | AJ17: 88.57 | AK17: 68.34 | AL17: 80.48 | AM17: A | AN17: - | AP17: 15366 | AQ17: 0104800411 | AR17: ATHADHIA ILHAM TSAQIF | AS17: I08
A18: 9 | B18: 15369 | C18: 0108132681 | D18: AUREL KHANZA ZAHITA | E18: P | AF18: 0116604252 | AG18: BELLY WIJAYA PRATAMA | AH18: L | AI18: SMPN 1 PAMEKASAN | AJ18: 84.20 | AK18: 53.33 | AL18: 71.85 | AM18: I | AP18: 15369 | AQ18: 0108132681 | AR18: AUREL KHANZA ZAHITA | AS18: I09
A19: 10 | B19: 15383 | C19: 0116604252 | D19: BELLY WIJAYA PRATAMA | E19: L | AF19: 0119740399 | AG19: BILQIS ISKANDAR | AH19: P | AI19: MTsN 3 PAMEKASAN | AJ19: 89.82 | AK19: 55 | AL19: 75.89 | AM19: I | AN19: - | AP19: 15383 | AQ19: 0116604252 | AR19: BELLY WIJAYA PRATAMA | AS19: I10
A20: 11 | B20: 15389 | C20: 0119740399 | D20: BILQIS ISKANDAR | E20: P | AF20: 0104574209 | AG20: BRIGITHA DELICIA RAMADHANI IRAWAN | AH20: P | AI20: SMP NEGERI 2 PAMEKASAN | AJ20: 90.6 | AK20: 63.34 | AL20: 79.7 | AM20: I | AN20: - | AP20: 15389 | AQ20: 0119740399 | AR20: BILQIS ISKANDAR | AS20: I11
A21: 12 | B21: 15391 | C21: 0104574209 | D21: BRIGITHA DELICIA RAMADHANI IRAWAN | E21: P | AF21: 0108130041 | AG21: DA VINCENT IVAN CHRISTIANO | AH21: L | AI21: SMPK Santo Thomas Pamekasan | AJ21: 85.64 | AK21: 68.34 | AL21: 78.72 | AM21: I | AN21: Pemenang babak penyisihan (semifinal) The Champion Race 2026 Ganesha Operation | AP21: 15391 | AQ21: 0104574209 | AR21: BRIGITHA DELICIA RAMADHANI IRAWAN | AS21: I12
A22: 13 | B22: 15396 | C22: 0108130041 | D22: DA VINCENT IVAN CHRISTIANO | E22: L | AF22: 0103072817 | AG22: ERINA RYSTIKA SARI | AH22: P | AI22: SMP NEGERI 1 PAMEKASAN | AJ22: 86.31 | AK22: 70.00 | AL22: 79.79 | AM22: I | AN22: - | AP22: 15396 | AQ22: 0108130041 | AR22: DA VINCENT IVAN CHRISTIANO | AS22: I13
A23: 14 | B23: 15409 | C23: 0103072817 | D23: ERINA RYSTIKA SARI | E23: P | AF23: 0114292148 | AG23: FELISYA AULIA EFENDI | AH23: P | AI23: SMP NEGERI 8 PAMEKASAN | AJ23: 90.77 | AK23: 60.00 | AL23: 78.46 | AM23: I | AN23: - | AP23: 15409 | AQ23: 0103072817 | AR23: ERINA RYSTIKA SARI | AS23: I14
A24: 15 | B24: 15432 | C24: 0114292148 | D24: FELISYA AULIA EFENDI | E24: P | AF24: 0106507320 | AG24: FERONICA MEGAWATI | AH24: P | AI24: SMP NEGERI 1 PAMEKASAN | AJ24: 84.23 | AK24: 60.00 | AL24: 74.54 | AM24: I | AN24: - | AP24: 15432 | AQ24: 0114292148 | AR24: FELISYA AULIA EFENDI | AS24: I15
A25: 16 | B25: 15433 | C25: 0106507320 | D25: FERONICA MEGAWATI | E25: P | AF25: 0119264747 | AG25: GHAISAN ALTAF ANSORI | AH25: L | AI25: SMP NEGERI 2 PAMEKASAN | AJ25: 87.1 | AK25: 73.3 | AL25: 81.58 | AM25: I | AN25: - | AP25: 15433 | AQ25: 0106507320 | AR25: FERONICA MEGAWATI | AS25: I16
A26: 17 | B26: 15443 | C26: 0119264747 | D26: GHAISAN ALTAF ANSORI | E26: L | AF26: 0111346004 | AG26: GHINA FALISHA PUTRI | AH26: P | AI26: SMPN 1 Pamekasan | AJ26: 91.37 | AK26: 83.33 | AL26: 88.15 | AM26: I | AN26: 1. Juara 2 S2LC bidang Biologi Tingkat se Jawa-Bali yang dilaksanakan oleh SMAN 5 Surabaya 2. Juara 2 Phytagoras +22 bidang IPA Tingkat Se-Madura yang dilaksanakan oleh SMAN 1 Pamekasan 3. Juara 2 AMFIBI Plus bidang Biologi tingkat Se-Madura yang dilaksanakan oleh SMAN 3 Pamekasan 4. Juara 2 SAMED Plus bidang IPA Tingkat Se-Madura yang dilaksanakan oleh SMAS Sabilillah Sampang 5. Juara Harapan 1 GOMA Plus IX bidang IPA tingkat Se-Madura yang dilaksanakan oleh MA Al-Falah Sumber Gayam Kadur Pamekasan 6. Juara Harapan 2 MAFIKIBISA bidang IPA tingkat Se-Madura yang dilaksanakan oleh MAN 2 Pamekasana 7. Juara Harapan 3 GAMIS competition bidang IPA tingkat Se-Madura yang dilaksanakan oleh MA Tarbiyatun Nasyiin dan SMK An Nasyiin Pamekasan | AP26: 15443 | AQ26: 0119264747 | AR26: GHAISAN ALTAF ANSORI | AS26: I17
A27: 18 | B27: 15447 | C27: 0111346004 | D27: GHINA FALISHA PUTRI | E27: P | AF27: 0107127734 | AG27: GITARANI | AH27: P | AI27: SMPN 2 PAMEKASAN | AJ27: 91.11 | AK27: 65.00 | AL27: 80.67 | AM27: I | AN27: - | AP27: 15447 | AQ27: 0111346004 | AR27: GHINA FALISHA PUTRI | AS27: I18
A28: 19 | B28: 15450 | C28: 0107127734 | D28: GITARANI | E28: P | AF28: 0118743070 | AG28: HALIM HILMI | AH28: L | AI28: SMPN 1 PAMEKASAN | AJ28: 87.06 | AK28: 75.00 | AL28: 82.24 | AM28: I | AN28: - | AP28: 15450 | AQ28: 0107127734 | AR28: GITARANI | AS28: I19
A29: 20 | B29: 15454 | C29: 0118743070 | D29: HALIM HILMI | E29: L | AF29: 0103521285 | AG29: JIHAN SEPTIASARI | AH29: P | AI29: SMPN 1 PAMEKASAN | AJ29: 85.49 | AK29: 58.34 | AL29: 74.63 | AM29: I | AN29: literasi bahasa indonesia junior science olympiad 2026,olimpiade galaxy education 3.0 bidang bahasa indonesia, social olympiad al uswah treasure hunt(AUSTERN) 4.0 | AP29: 15454 | AQ29: 0118743070 | AR29: HALIM HILMI | AS29: I20
A30: 21 | B30: 15468 | C30: 0103521285 | D30: JIHAN SEPTIASARI | E30: P | AF30: 0115196233 | AG30: M MULYA MAULANA | AH30: L | AI30: SMP NEGERI 1 LARANGAN | AJ30: 82.58 | AK30: 46.67 | AL30: 65.88 | AM30: I | AN30: TIDAK ADA | AP30: 15468 | AQ30: 0103521285 | AR30: JIHAN SEPTIASARI | AS30: I21
A31: 22 | B31: 15488 | C31: 0115196233 | D31: M MULYA MAULANA | E31: L | AF31: 0101821725 | AG31: M SOLAHUDDIN AYYUBI | AH31: L | AI31: SMPN 2 Pamekasan | AJ31: 90.46 | AK31: 73.33 | AL31: 83.61 | AM31: H | AN31: A) Juara 1 Phytagoras +21 - Bidang Bahasa Inggris, B) Juara 1 Phytagoras +22 - Bidang IPS, C) Juara 1 AKSI - Bidang Bahasa Inggris, D) Juara 1 KOSABA - Bidang Bahasa Inggris, E) Juara 1 MAFIKIBISA PLUS'25 (Desember) - Bidang Bahasa Inggris, F) Juara 1 SAMED - Bidang Bahasa Inggris, G) Juara 1 CATALYST+ 2025 - Bidang Bahasa Inggris, H) Juara 2 MAFIKIBISA PLUS'25 (April) - Bidang Bahasa Inggris, I) Juara 1 Jatim Science Competition - Bidang Bahasa Inggris, J) Juara 4 AMFIBI PLUS 2026 - Bidang Bahasa Inggris, K) Juara 4 NEW AMFIBI PLUS 2025 - Bidang Bahasa Inggris, L) Juara 4 Lomba 3 Smart Competition - Bidang Bahasa Inggris, M) Juara 9 Astra Science Competition - Bidang Bahasa Inggris | AP31: 15488 | AQ31: 0115196233 | AR31: M MULYA MAULANA | AS31: I22
A32: 23 | B32: 15489 | C32: 0101821725 | D32: M SOLAHUDDIN AYYUBI | E32: L | AF32: 0109482019 | AG32: MAHMUD JASIM ALSYAFFAR | AH32: L | AI32: SMPN 2 PALENGAAN | AJ32: 81.6 | AK32: 50 | AL32: 68.96 | AM32: I | AP32: 15489 | AQ32: 0101821725 | AR32: M SOLAHUDDIN AYYUBI | AS32: I23
A33: 24 | B33: 15494 | C33: 0109482019 | D33: MAHMUD JASIM ALSYAFFAR | E33: L | AF33: 0105035947 | AG33: MAZAYA KHANSA LUTHFIYAH | AH33: P | AI33: SMPN 2 Pamekasan | AJ33: 91.86 | AK33: 80 | AL33: 87.12 | AM33: I | AN33: - | AP33: 15494 | AQ33: 0109482019 | AR33: MAHMUD JASIM ALSYAFFAR | AS33: I24
A34: 25 | B34: 15505 | C34: 0105035947 | D34: MAZAYA KHANSA LUTHFIYAH | E34: P | AF34: 0105340232 | AG34: MOH AMIRUL MUKMINUN | AH34: L | AI34: SMP NEGERI 1 PAMEKASAN | AJ34: 85.8 | AK34: 61.67 | AL34: 76.15 | AM34: I | AN34: (-) | AP34: 15505 | AQ34: 0105035947 | AR34: MAZAYA KHANSA LUTHFIYAH | AS34: I25
A35: 26 | B35: 15518 | C35: 0105340232 | D35: MOH AMIRUL MUKMINUN | E35: L | AF35: 0111440924 | AG35: MOHAMMAD AGUS RAIS ASYARI | AH35: L | AI35: MTSN 3 Pamekasan | AJ35: 91.22 | AK35: 61.67 | AL35: 79.29 | AM35: H | AN35: Juara 3 lomba HGN tahun 2024 mapel PAI tingkat Mts Se Kab.pamekasan | AP35: 15518 | AQ35: 0105340232 | AR35: MOH AMIRUL MUKMINUN | AS35: I26
A36: 27 | B36: 15530 | C36: 0111440924 | D36: MOHAMMAD AGUS RAIS ASYARI | E36: L | AF36: 0118663894 | AG36: MOHAMMAD FATHIR HAMZAH | AH36: L | AI36: SMPN 1 PASEAN | AJ36: 87.15 | AK36: 50 | AL36: 64.86 | AM36: I | AN36: Lomba Digital wellnes and internet safety Education (Digiwase) Tingkat Nasional. | AP36: 15530 | AQ36: 0111440924 | AR36: MOHAMMAD AGUS RAIS ASYARI | AS36: I27
A37: 28 | B37: 15534 | C37: 0118663894 | D37: MOHAMMAD FATHIR HAMZAH | E37: L | AF37: 0103394946 | AG37: NADHIF ANANDA PUTRA | AH37: L | AI37: SMP NEGERI 1 PAMEKASAN | AJ37: 90.91 | AK37: 85.00 | AL37: 88.55 | AM37: I | AN37: - | AP37: 15534 | AQ37: 0118663894 | AR37: MOHAMMAD FATHIR HAMZAH | AS37: I28
A38: 29 | B38: 15563 | C38: 0114300244 | D38: NAJIMA KAYSANNOVA LUTHFI | E38: P | AF38: 0114300244 | AG38: NAJIMA KAYSANNOVA LUTHFI | AH38: P | AI38: MTSN 3 PAMEKASAN | AJ38: 89.97 | AK38: 43.34 | AL38: 71.32 | AM38: I | AN38: 1. Juara 1 Indonesia Smart Olympiad Bidang Studi IPA SMP 2. Juara 2 Brilliant Student Olympiad Bidang Studi Agama Islam SMP | AP38: 15563 | AQ38: 0114300244 | AR38: NAJIMA KAYSANNOVA LUTHFI | AS38: I29
A39: 30 | B39: 15586 | C39: 0117536262 | D39: PUTRI AYU NURHOLIFAH | E39: P | AF39: 0117536262 | AG39: PUTRI AYU NURHOLIFAH | AH39: P | AI39: SMPN 3 Pamekasan | AJ39: 87.94 | AK39: 73.33 | AL39: 82.1 | AM39: I | AN39: - | AP39: 15586 | AQ39: 0117536262 | AR39: PUTRI AYU NURHOLIFAH | AS39: I30
A40: 31 | B40: 15609 | C40: 0107314543 | D40: REVANY MAHARANI PUTRI | E40: P | AF40: 0107314543 | AG40: REVANY MAHARANI PUTRI | AH40: P | AI40: SMPN 2 PAMEKASAN | AJ40: 89.49 | AK40: 76.67 | AL40: 84.36 | AM40: J | AN40: - | AP40: 15609 | AQ40: 0107314543 | AR40: REVANY MAHARANI PUTRI | AS40: I31
A41: 32 | B41: 15612 | C41: 0103883574 | D41: RIKZA FATAHILLAH | E41: L | AF41: 0103883574 | AG41: RIKZA FATAHILLAH | AH41: L | AI41: SMP NEGERI 2 PAMEKASAN | AJ41: 88.71 | AK41: 60.00 | AL41: 77.23 | AM41: I | AN41: - | AP41: 15612 | AQ41: 0103883574 | AR41: RIKZA FATAHILLAH | AS41: I32
A42: 33 | B42: 15643 | C42: 0117518774 | D42: SYAKIRA RIZKA | E42: P | AF42: 0117518774 | AG42: SYAKIRA RIZKA | AH42: P | AI42: SMP DARUL ULUM 1 PETERONGAN JOMBANG | AJ42: 85.71 | AK42: 48.34 | AL42: 70.76 | AM42: I | AP42: 15643 | AQ42: 0117518774 | AR42: SYAKIRA RIZKA | AS42: I33
A43: 34 | B43: 15650 | C43: 0109724208 | D43: VELYTA RAMADHANI UTOMO | E43: P | AF43: 0109724208 | AG43: VELYTA RAMADHANI UTOMO | AH43: P | AI43: SMPN 2 PAMEKASAN | AJ43: 87.69 | AK43: 63.34 | AL43: 77.95 | AM43: I | AN43: - | AP43: 15650 | AQ43: 0109724208 | AR43: VELYTA RAMADHANI UTOMO | AS43: I34
A44: 35 | B44: 15653 | C44: 0111975759 | D44: WARDAH ZHAFIRAH DWIRENITA | E44: P | AF44: 0111975759 | AG44: WARDAH ZHAFIRAH DWIRENITA | AH44: P | AI44: SMPN 1 PAMEKASAN | AJ44: 87.14 | AK44: 60.00 | AL44: 76.28 | AM44: I | AP44: 15653 | AQ44: 0111975759 | AR44: WARDAH ZHAFIRAH DWIRENITA | AS44: I35
A45: 36 | B45: 15660 | C45: 0103457213 | D45: YASMIN CAMILIA FELIZHA | E45: P | AF45: 0103457213 | AG45: YASMIN CAMILIA FELIZHA | AH45: P | AI45: SMPN 1 PAMEKASAN | AJ45: 91.77 | AK45: 73.34 | AL45: 84.40 | AM45: I | AN45: Juara harapan 1 sains Generasi Cerdas Olimpiade(Omah Sinau Semar) juara harapan 1 sains kategori SMP Indonesia Berbakat (Erlina Production) Juara 3 karaoke kategori C Indonesia Berbakat (Erlina Production) | AP45: 15660 | AQ45: 0103457213 | AR45: YASMIN CAMILIA FELIZHA | AS45: I36
A46: Paraf | D46: L : | E46: =COUNTIFS($E$10:$E$45,"L") -> 14
A47: Guru | D47: P : | E47: =COUNTIFS($E$10:$E$45,"P") -> 22
E48: =E46+E47 -> 36

Sheet X-10
AG1: ZONASI | AH1: 0092559700 | AI1: 20527197 | AJ1: ACHMAD AFIM INTI ISTIQAM | AK1: L | AL1: 10
AG2: ZONASI | AH2: 0097637507 | AI2: 20527197 | AJ2: ACHMAD RAFI AKBAR | AK2: L | AL2: 10
AG3: AKDMK | AH3: 0099522649 | AI3: 20537422 | AJ3: ADLI YUSUF ALIFDI | AK3: L | AL3: 10
A4: Tahun Pelajaran 2026 / 2027 | AG4: ZONASI | AH4: 0085715335 | AI4: 20527180 | AJ4: AGUNG AULIA AKBAR | AK4: L | AL4: 10
AG5: RAPORT | AH5: 0087180491 | AI5: 20527197 | AJ5: Aksa Ahmad | AK5: L | AL5: 10
AG6: RAPORT | AH6: 0102524441 | AI6: 20583367 | AJ6: Alfisa Syahira Sutikno | AK6: P | AL6: 10
A7: No | B7: NIS | C7: NISN | D7: Nama Siswa | E7: L/P | F7: Wali Kelas : | I7: UKHIDAH YULIANI, M.Pd | T7: NIP : | V7: 197807012006042025 | AG7: ZONASI | AH7: 0096013702 | AI7: 20527180 | AJ7: ALISHA RAMADHANI POERNOMO | AK7: P | AL7: 10
F8: Tanggal | AG8: ZONASI | AH8: 0095088946 | AI8: 20583363 | AJ8: ARIANNA FATHIA LATHIEFANI | AK8: P | AL8: 10
AG9: AKDMK | AH9: 0098581750 | AI9: 20527197 | AJ9: Arika Abadia Hamas | AK9: P | AL9: 10
A10: 1 | B10: 15323 | C10: 0111131164 | D10: AEZAR KHOIRON ABABYL | E10: L | AG10: RAPORT | AH10: 0083337131 | AI10: 20527197 | AJ10: ARINI ULFA HIDAYATI | AK10: P | AL10: 10 | AO10: =UPPER(D10) -> AEZAR KHOIRON ABABYL | AW10: 0111131164 | AX10: AEZAR KHOIRON ABABYL | AY10: L | AZ10: Smp Plus Nurul Hikmah | BA10: 88.20 | BB10: 56.67 | BC10: 75.59 | BD10: J | BE10: Tidak ada | BH10: 15323 | BI10: 0111131164 | BJ10: AEZAR KHOIRON ABABYL | BK10: J01
A11: 2 | B11: 15333 | C11: 0105671356 | D11: AIRINI SETIAWATI | E11: P | AG11: RAPORT | AH11: 0094498632 | AI11: 20527180 | AJ11: ARYA DEFIAN AL FARABI | AK11: L | AL11: 10 | AO11: =UPPER(D11) -> AIRINI SETIAWATI | AW11: 105671356 | AX11: AIRINI SETIAWATI | AY11: P | AZ11: SMP NEGERI 1 TLANAKAN | BA11: 86.31 | BB11: 65.00 | BC11: 77.79 | BD11: J | BE11: Peringkat 1 kelas IXC SMP negeri 1 Tlanakan tahun 2025/2026 | BH11: 15333 | BI11: 0105671356 | BJ11: AIRINI SETIAWATI | BK11: J02
A12: 3 | B12: 15347 | C12: 0115599470 | D12: ALVINA QIRANY | E12: P | AG12: ZONASI | AH12: 0092690551 | AI12: 20527180 | AJ12: ASRAFUL MIFTAH | AK12: L | AL12: 10 | AO12: =UPPER(D12) -> ALVINA QIRANY | AW12: 0115599470 | AX12: ALVINA QIRANY | AY12: P | AZ12: smpn 2 pamekasan | BA12: 89.74 | BB12: 66.67 | BC12: 80.51 | BD12: J | BE12: - | BH12: 15347 | BI12: 0115599470 | BJ12: ALVINA QIRANY | BK12: J03
A13: 4 | B13: 15353 | C13: 0105446776 | D13: ANANDIA AISYAH PUTRI | E13: P | AG13: ZONASI | AH13: 0089967146 | AI13: 20527187 | AJ13: ASSHIFA MAGHFIRAH | AK13: P | AL13: 10 | AO13: =UPPER(D13) -> ANANDIA AISYAH PUTRI | AW13: 0105446776 | AX13: ANANDIA AISYAH PUTRI | AY13: P | AZ13: SMPN 2 Pamekasan | BA13: 88.03 | BB13: 68.33 | BC13: 80.15 | BD13: J | BE13: - | BH13: 15353 | BI13: 0105446776 | BJ13: ANANDIA AISYAH PUTRI | BK13: J04
A14: 5 | B14: 15354 | C14: 0113805273 | D14: ANDINI UTAMI ARYPUTRI | E14: P | AG14: RAPORT | AH14: 0087693410 | AI14: 20566545 | AJ14: BETARIA WIFAN AGUSTA | AK14: P | AL14: 10 | AO14: =UPPER('X-7'!D11) -> AISYAH QOTHRUN NADA | AW14: 0113805273 | AX14: ANDINI UTAMI ARYPUTRI | AY14: P | AZ14: SMPN 2 PAMEKASAN | BA14: 89.8 | BB14: 66.67 | BC14: 80.55 | BD14: J | BE14: - | BH14: 15354 | BI14: 0113805273 | BJ14: ANDINI UTAMI ARYPUTRI | BK14: J05
A15: 6 | B15: 15359 | C15: 0117403892 | D15: AR RAIFA NAJWA DYMAILA P | E15: P | AG15: RAPORT | AH15: 0096137085 | AI15: 20583363 | AJ15: BIMA SETIAWAN RELA | AK15: L | AL15: 10 | AO15: =UPPER(D15) -> AR RAIFA NAJWA DYMAILA P | AW15: 0117403892 | AX15: AR RAIFA NAJWA DYMAILA P | AY15: P | AZ15: SMP Negeri 1 Pamekasan | BA15: 91.89 | BB15: 78.33 | BC15: 86.47 | BD15: J | BE15: - Juara harapan 3 kompetisi matematika yang diselenggarakan oleh squareroot tahun 2024 tingkat se-Madura - medali perunggu kompetisi matematika yang diselenggarakan oleh squareroot tahun 2025 tingkat se-Madura - Juara 3 sekaligus medali emas kompetisi matematika yang diselenggarakan oleh BISCO tahun 2025 tingkat nasional | BH15: 15359 | BI15: 0117403892 | BJ15: AR RAIFA NAJWA DYMAILA P | BK15: J06
A16: 7 | B16: 15361 | C16: 3118250022 | D16: ARINI HERISYA PUTRI | E16: P | AG16: ZONASI | AH16: 0092560616 | AI16: 20527197 | AJ16: CICILYA LISTY NABILA S | AK16: P | AL16: 10 | AO16: =UPPER(D16) -> ARINI HERISYA PUTRI | AW16: 3118250022 | AX16: ARINI HERISYA PUTRI | AY16: P | AZ16: SMP negeri 2 Pamekasan | BA16: 89.49 | BB16: 73.33 | BC16: 83.03 | BD16: J | BE16: Phytagoras | BH16: 15361 | BI16: 3118250022 | BJ16: ARINI HERISYA PUTRI | BK16: J07
A17: 8 | B17: 15365 | C17: 0107656649 | D17: ASSHIFA RAMADHANI PERMATA D | E17: P | AG17: KIP | AH17: 0085570129 | AI17: 20527169 | AJ17: ELLYSWATY SALSABILA | AK17: P | AL17: 10 | AO17: =UPPER(D17) -> ASSHIFA RAMADHANI PERMATA D | AW17: 0107656649 | AX17: ASSHIFA RAMADHANI PERMATA D | AY17: P | AZ17: SMP NEGERI 1 PAMEKASAN | BA17: 87.23 | BB17: 53.33 | BC17: 73.67 | BD17: J | BE17: tidak ada | BH17: 15365 | BI17: 0107656649 | BJ17: ASSHIFA RAMADHANI PERMATA D | BK17: J08
A18: 9 | B18: 15377 | C18: 0106706252 | D18: AZMIRAJNI RAYYINA BAROROH | E18: P | AG18: ZONASI | AH18: 0098217448 | AI18: 20566545 | AJ18: EMIR BRILIAN HARIANTO | AK18: L | AL18: 10 | AO18: =UPPER(D18) -> AZMIRAJNI RAYYINA BAROROH | AW18: 0106706252 | AX18: AZMIRAJNI RAYYINA BAROROH | AY18: P | AZ18: SMP Negeri 2 Pamekasan | BA18: 93.29 | BB18: 83.34 | BC18: 89.31 | BD18: J | BE18: - | BH18: 15377 | BI18: 0106706252 | BJ18: AZMIRAJNI RAYYINA BAROROH | BK18: J09
A19: 10 | B19: 15382 | C19: 0103374643 | D19: BELLA TUSSYAFA RAMADHANI | E19: P | AG19: AKDMK | AH19: 0097949164 | AI19: 20583363 | AJ19: FAKHRILLAH HASAN | AK19: L | AL19: 10 | AO19: =UPPER(D19) -> BELLA TUSSYAFA RAMADHANI | AW19: 0103374643 | AX19: BELLA TUSSYAFA RAMADHANI | AY19: P | AZ19: SMP AL FALAH | BA19: 86.40 | BB19: 65 | BC19: 77.84 | BD19: J | BE19: Medali emas bidang PAI tingkat Kabupaten Medali perak bidang IPA tingkat nasional | BH19: 15382 | BI19: 0103374643 | BJ19: BELLA TUSSYAFA RAMADHANI | BK19: J10
A20: 11 | B20: 15387 | C20: 0111414993 | D20: BILI SETYO WIDODO | E20: L | AG20: RAPORT | AH20: 0091798089 | AI20: 20527197 | AJ20: FEBRI NURIA FAJRIN | AK20: L | AL20: 10 | AO20: =UPPER(D20) -> BILI SETYO WIDODO | AW20: 0111414993 | AX20: BILI SETYO WIDODO | AY20: L | AZ20: SMP NEGERI 1 WARU | BA20: 85.8 | BB20: 85 | BC20: 85.48 | BD20: J | BE20: (-) | BH20: 15387 | BI20: 0111414993 | BJ20: BILI SETYO WIDODO | BK20: J11
A21: 12 | B21: 15417 | C21: 0113604513 | D21: FAIZ RAFI ABDILLAH | E21: L | AG21: ZONASI | AH21: 0086147736 | AI21: 20527180 | AJ21: JEVIAN STYA PRATAMA | AK21: L | AL21: 10 | AO21: =UPPER(D21) -> FAIZ RAFI ABDILLAH | AW21: 0113604513 | AX21: FAIZ RAFI ABDILLAH | AY21: L | AZ21: SMPN 2 Pamekasan | BA21: 86.29 | BB21: 78.34 | BC21: 83.11 | BD21: J | BE21: - | BH21: 15417 | BI21: 0113604513 | BJ21: FAIZ RAFI ABDILLAH | BK21: J12
A22: 13 | B22: 15421 | C22: 0105704640 | D22: FARAH FAJRIYAH ISTNA HASYIM | E22: P | AG22: ZONASI | AH22: 0096575426 | AI22: 20527197 | AJ22: JIHAN NAILA PUTRI DIKA | AK22: P | AL22: 10 | AO22: =UPPER(D22) -> FARAH FAJRIYAH ISTNA HASYIM | AW22: 0105704640 | AX22: FARAH FAJRIYAH ISTNA HASYIM | AY22: P | AZ22: MTsN 3 Pamekasan | BA22: 91.55 | BB22: 66.67 | BC22: 81.60 | BD22: J | BE22: (-) | BH22: 15421 | BI22: 0105704640 | BJ22: FARAH FAJRIYAH ISTNA HASYIM | BK22: J13
A23: 14 | B23: 15436 | C23: 0111806582 | D23: FILZA YUSRIFA RIANA | E23: P | AG23: NON AKD | AH23: 3082508031 | AI23: 20583367 | AJ23: KHAIRUNNAS ARRASYID | AK23: L | AL23: 10 | AO23: =UPPER(D23) -> FILZA YUSRIFA RIANA | AW23: 0111806582 | AX23: FILZA YUSRIFA RIANA | AY23: P | AZ23: MTSN 3 PAMEKASAN | BA23: 90.05 | BB23: 48.34 | BC23: 73.37 | BD23: J | BE23: Olimpiade generasi emas Nusantara bodang studi IPA SMP. 12 OKTOBER 2025 | BH23: 15436 | BI23: 0111806582 | BJ23: FILZA YUSRIFA RIANA | BK23: J14
A24: 15 | B24: 15441 | C24: 0119722182 | D24: GENDIS DWI ANINDYA PUTRI | E24: P | AG24: ZONASI | AH24: 0089957271 | AI24: 20527197 | AJ24: MOH RANDHIKA ARSY PUTRA | AK24: L | AL24: 10 | AO24: =UPPER(D24) -> GENDIS DWI ANINDYA PUTRI | AW24: 0119722182 | AX24: GENDIS DWI ANINDYA PUTRI | AY24: P | AZ24: MTSN 1 PAMEKASAN | BA24: 87, 61 | BB24: 61.67 | BC24: 77.23 | BD24: J | BE24: - | BH24: 15441 | BI24: 0119722182 | BJ24: GENDIS DWI ANINDYA PUTRI | BK24: J15
A25: 16 | B25: 15466 | C25: 0101780059 | D25: JIHAN AL RINU | E25: P | AG25: ZONASI | AH25: 0085664492 | AI25: 20527180 | AJ25: MUHAMMAD FAIZAL ALFAJRI | AK25: L | AL25: 10 | AO25: =UPPER(D25) -> JIHAN AL RINU | AW25: 0101780059 | AX25: JIHAN AL RINU | AY25: P | AZ25: smpn1pamekasan | BA25: 85.6 | BB25: 56.67 | BC25: 74.03 | BD25: J | BE25: Karya Tulis Ilmiah Juara 2, Tahun 2025 | BH25: 15466 | BI25: 0101780059 | BJ25: JIHAN AL RINU | BK25: J16
A26: 17 | B26: 15501 | C26: 0117468421 | D26: MAULANA RAIHAN FIRMANSYAH | E26: L | AG26: RAPORT | AH26: 0083976891 | AI26: 20529925 | AJ26: NADIA RAHMAWATI | AK26: P | AL26: 10 | AO26: =UPPER(D26) -> MAULANA RAIHAN FIRMANSYAH | AW26: 0117468421 | AX26: MAULANA RAIHAN FIRMANSYAH | AY26: L | AZ26: SMP PROGRESIF BUMI SHALAWAT | BA26: 89.05 | BB26: 80 | BC26: 85.43 | BD26: J | BE26: - | BH26: 15501 | BI26: 0117468421 | BJ26: MAULANA RAIHAN FIRMANSYAH | BK26: J17
A27: 18 | B27: 15502 | C27: 0117350879 | D27: MAULIDIA ARIFIN | E27: P | AG27: T.ORTU | AH27: 0095516794 | AI27: 20527169 | AJ27: NATHANIEL HIZKIA PANJAITAN | AK27: P | AL27: 10 | AO27: =UPPER(D27) -> MAULIDIA ARIFIN | AW27: 0117350879 | AX27: MAULIDIA ARIFIN | AY27: P | AZ27: SMPN 5 PAMEKASAN | BA27: 86.23 | BB27: 73.79 | BC27: 55.00 | BD27: J | BE27: JUARA 3 OLIMPIADE BAHASA INDONESIA (OBI) SEMADURA JENJANG SMP/SEDERAJAT 2024 | BH27: 15502 | BI27: 0117350879 | BJ27: MAULIDIA ARIFIN | BK27: J18
A28: 19 | B28: 15504 | C28: 0111120867 | D28: MAULIDZA JACINDA PUTRI S | E28: P | AG28: ZONASI | AH28: 0094168761 | AI28: 20527180 | AJ28: PUTRI GARANITA ARDALIA WIBOWO | AK28: P | AL28: 10 | AO28: =UPPER(D28) -> MAULIDZA JACINDA PUTRI S | AW28: 0111120867 | AX28: MAULIDZA JACINDA PUTRI S | AY28: P | AZ28: SMPN 1 PAMEKASAN | BA28: 84.89 | BB28: 70.00 | BC28: 78.93 | BD28: J | BE28: - | BH28: 15504 | BI28: 0111120867 | BJ28: MAULIDZA JACINDA PUTRI S | BK28: J19
A29: 20 | B29: 15510 | C29: 0108371768 | D29: MELLISA AULYA DAMAYANTI | E29: P | AG29: ZONASI | AH29: 0087880035 | AI29: 20527197 | AJ29: RAFI FACHRUDIN | AK29: L | AL29: 10 | AO29: =UPPER(D29) -> MELLISA AULYA DAMAYANTI | AW29: 0108371768 | AX29: MELLISA AULYA DAMAYANTI | AY29: P | AZ29: SMPN 2 PAMEKASAN | BA29: 87.86 | BB29: 65 | BC29: 78.72 | BD29: J | BE29: - | BH29: 15510 | BI29: 0108371768 | BJ29: MELLISA AULYA DAMAYANTI | BK29: J20
A30: 21 | B30: 15537 | C30: 0104378706 | D30: MOHAMMAD IQBAL FIRMANSYAH | E30: L | AG30: ZONASI | AH30: 3087463662 | AI30: 20583363 | AJ30: SAYYID AHMAD ALFANSORI | AK30: L | AL30: 10 | AO30: =UPPER(D30) -> MOHAMMAD IQBAL FIRMANSYAH | AW30: 0104378706 | AX30: MOHAMMAD IQBAL FIRMANSYAH | AY30: L | AZ30: MTsN 3 Pamekasan | BA30: 94.14 | BB30: 63.34 | BC30: 81.82 | BD30: J | BE30: - | BH30: 15537 | BI30: 0104378706 | BJ30: MOHAMMAD IQBAL FIRMANSYAH | BK30: J21
A31: 22 | B31: 15539 | C31: 0114891544 | D31: MOHAMMAD ZAKKY AFRIANSYAH | E31: L | AG31: ZONASI | AH31: 0087170874 | AI31: 20527197 | AJ31: SHERIN ANNISA RAHMANI | AK31: P | AL31: 10 | AO31: =UPPER(D31) -> MOHAMMAD ZAKKY AFRIANSYAH | AW31: 0114891544 | AX31: MOHAMMAD ZAKKY AFRIANSYAH | AY31: L | AZ31: Smpn 2 Pamekasan | BA31: 77.97 | BB31: 31.67 | BC31: 59.45 | BD31: J | BE31: (-) | BH31: 15539 | BI31: 0114891544 | BJ31: MOHAMMAD ZAKKY AFRIANSYAH | BK31: J22
A32: 23 | B32: 15541 | C32: 0101676977 | D32: MUH KAFIN AZKA FARIQUL HAQ | E32: L | AG32: NON AKD | AH32: 0098882875 | AI32: 20527197 | AJ32: Sunnita Abadila | AK32: P | AL32: 10 | AO32: =UPPER(D32) -> MUH KAFIN AZKA FARIQUL HAQ | AW32: 0101676977 | AX32: MUH KAFIN AZKA FARIQUL HAQ | AY32: L | AZ32: SMPN 2 PAMEKASAN | BA32: 88.23 | BB32: 81.67 | BC32: 85.61 | BD32: J | BE32: - | BH32: 15541 | BI32: 0101676977 | BJ32: MUH KAFIN AZKA FARIQUL HAQ | BK32: J23
A33: 24 | B33: 15542 | C33: 0106331068 | D33: MUHAMMAD ALFARABIL NUGRAHA | E33: L | AG33: KIP | AH33: 0092443114 | AI33: 20527180 | AJ33: TRIA DINDA MAULIDIKA | AK33: P | AL33: 10 | AO33: =UPPER(D33) -> MUHAMMAD ALFARABIL NUGRAHA | AW33: 0106331068 | AX33: MUHAMMAD ALFARABIL NUGRAHA | AY33: L | AZ33: SMPN 2 PAMEKASAN | BA33: 84.31 | BB33: 66.67 | BC33: 77.25 | BD33: J | BE33: - | BH33: 15542 | BI33: 0106331068 | BJ33: MUHAMMAD ALFARABIL NUGRAHA | BK33: J24
A34: 25 | B34: 15544 | C34: 0105443534 | D34: MUHAMMAD AZRIEL AFIFI PRADANA | E34: L | AG34: RAPORT | AH34: 0089075246 | AI34: 20566545 | AJ34: VALENCIA PUTERI SUZANA | AK34: P | AL34: 10 | AO34: =UPPER(D34) -> MUHAMMAD AZRIEL AFIFI PRADANA | AW34: 0105443534 | AX34: MUHAMMAD AZRIEL AFIFI PRADANA | AY34: L | AZ34: smpn 2 pamekasan | BA34: 80.89 | BB34: 61 | BC34: 72.83 | BD34: E | BE34: (-) | BH34: 15544 | BI34: 0105443534 | BJ34: MUHAMMAD AZRIEL AFIFI PRADANA | BK34: J25
A35: 26 | B35: 15547 | C35: 0109896880 | D35: MUHAMMAD RAFA NUR SETYAWAN | E35: L | AG35: ZONASI | AH35: 0082833966 | AI35: 20527197 | AJ35: YULIA MAULIDINA ARIEF | AK35: P | AL35: 10 | AO35: =UPPER(D35) -> MUHAMMAD RAFA NUR SETYAWAN | AW35: 0109896880 | AX35: MUHAMMAD RAFA NUR SETYAWAN | AY35: L | AZ35: SMP NEGERI 1 PAMEKASAN | BA35: 80.77 | BB35: 55.00 | BC35: 70.46 | BD35: J | BE35: Tidak ada | BH35: 15547 | BI35: 0109896880 | BJ35: MUHAMMAD RAFA NUR SETYAWAN | BK35: J26
A36: 27 | B36: 15552 | C36: 0107396946 | D36: MUHAMMAD ZAKI ANWAR | E36: L | AO36: =UPPER(D36) -> MUHAMMAD ZAKI ANWAR | AW36: 0107396946 | AX36: MUHAMMAD ZAKI ANWAR | AY36: L | AZ36: SMPN 2 PAMEKASAN | BA36: 86.60 | BB36: 73.34 | BC36: 81.30 | BD36: J | BE36: (-) | BH36: 15552 | BI36: 0107396946 | BJ36: MUHAMMAD ZAKI ANWAR | BK36: J27
A37: 28 | B37: 15570 | C37: 0118637597 | D37: NAZIL QYNAN ALHASAN | E37: L | AO37: =UPPER(D37) -> NAZIL QYNAN ALHASAN | AW37: 3112276191 | AX37: PUTERA IRJAYANI RAHMAN | AY37: L | AZ37: SMP NEGERI 1 PAMEKASAN | BA37: 85.17 | BB37: 48.34 | BC37: 70.44 | BD37: J | BE37: Tidak ada | BH37: 15570 | BI37: 0118637597 | BJ37: NAZIL QYNAN ALHASAN | BK37: J28
A38: 29 | B38: 15584 | C38: 3112276191 | D38: PUTERA IRJAYANI RAHMAN | E38: L | AO38: =UPPER('X-7'!D16) -> DAFFA NUR ZAKARIYYA | AW38: 0112418843 | AX38: RANITA FAYZA PUTRI HERMAWAN | AY38: P | AZ38: SMPN 2 PAMEKASAN | BA38: 88.80 | BB38: 66.67 | BC38: 79.95 | BD38: J | BE38: - | BH38: 15584 | BI38: 3112276191 | BJ38: PUTERA IRJAYANI RAHMAN | BK38: J29
A39: 30 | B39: 15604 | C39: 0112418843 | D39: RANITA FAYZA PUTRI HERMAWAN | E39: P | AO39: =UPPER(D39) -> RANITA FAYZA PUTRI HERMAWAN | AW39: 0108672870 | AX39: SAFA RAMADANIATUS IZZA | AY39: P | AZ39: SMP PLUS NURUL HIKMAH | BA39: 91.69 | BB39: 51.67 | BC39: 75.68 | BD39: J | BE39: medali perunggu ipa puspenjar | BH39: 15604 | BI39: 0112418843 | BJ39: RANITA FAYZA PUTRI HERMAWAN | BK39: J30
A40: 31 | B40: 15624 | C40: 0108672870 | D40: SAFA RAMADANIATUS IZZA | E40: P | AO40: =UPPER(D40) -> SAFA RAMADANIATUS IZZA | AW40: 0113781763 | AX40: SAHIRA AZHARIYA NAHDA SURURI | AY40: P | AZ40: SMPN 1 tlanakan | BA40: 88.06 | BB40: 75.00 | BC40: 82.84 | BD40: J | BE40: - | BH40: 15624 | BI40: 0108672870 | BJ40: SAFA RAMADANIATUS IZZA | BK40: J31
A41: 32 | B41: 15627 | C41: 0113781763 | D41: SAHIRA AZHARIYA NAHDA SURURI | E41: P | AO41: =UPPER(D41) -> SAHIRA AZHARIYA NAHDA SURURI | AW41: 0115498554 | AX41: YASMINE KIRANA APRILIA | AY41: P | AZ41: SMPN 1 PAMEKASAN | BA41: 87.03 | BB41: 61.67 | BC41: 76.89 | BD41: J | BE41: - | BH41: 15627 | BI41: 0113781763 | BJ41: SAHIRA AZHARIYA NAHDA SURURI | BK41: J32
A42: 33 | B42: 15663 | C42: 0115498554 | D42: YASMINE KIRANA APRILIA | E42: P | AO42: =UPPER(D42) -> YASMINE KIRANA APRILIA | AW42: 0107161917 | AX42: YOLANDA DWI PUTRI | AY42: P | AZ42: SMP NEGERI 1 TLANAKAN | BA42: 84.83 | BB42: 65.00 | BC42: 76.90 | BD42: J | BE42: - | BH42: 15663 | BI42: 0115498554 | BJ42: YASMINE KIRANA APRILIA | BK42: J33
A43: 34 | B43: 15664 | C43: 0107161917 | D43: YOLANDA DWI PUTRI | E43: P | AO43: =UPPER(D43) -> YOLANDA DWI PUTRI | AW43: 0113846572 | AX43: ZAHRA KIRANI GUNAWAN | AY43: P | AZ43: SMPN 2 PAMEKASAN | BA43: 90.51 | BB43: 80.00 | BC43: 86.31 | BD43: J | BE43: - Juara 1 Mapel Bahasa Indonesia (AKSI) | BH43: 15664 | BI43: 0107161917 | BJ43: YOLANDA DWI PUTRI | BK43: J34
A44: 35 | B44: 15669 | C44: 0113846572 | D44: ZAHRA KIRANI GUNAWAN | E44: P | AO44: =UPPER(D44) -> ZAHRA KIRANI GUNAWAN | AW44: 0103806854 | AX44: ZAKI AGATHA | AY44: L | AZ44: SMP PLUS NURUL HIKMAH | BA44: 90.23 | BB44: 71.67 | BC44: 82.81 | BD44: J | BE44: - | BH44: 15669 | BI44: 0113846572 | BJ44: ZAHRA KIRANI GUNAWAN | BK44: J35
A45: 36 | B45: 15671 | C45: 0103806854 | D45: ZAKI AGATHA | E45: L | AO45: =UPPER(#REF!) -> #REF! | BH45: 15671 | BI45: 0103806854 | BJ45: ZAKI AGATHA | BK45: J36
A46: Paraf | D46: L : | E46: =COUNTIFS($E$10:$E$45,"L") -> 14
A47: Guru | D47: P : | E47: =COUNTIFS($E$10:$E$45,"P") -> 22
E48: =E46+E47 -> 36

Sheet Sheet1
A2: 1 | B2: 15325 | C2: 0108174028 | D2: AFIFAH | E2: A01 | G2: 15317
A3: 2 | B3: 15337 | C3: 0107626584 | D3: AISYAH FAYYAD MAHIRA EFFENDI | E3: A02 | G3: 15318
A4: 3 | B4: 15342 | C4: 0113992796 | D4: ALFINA LAILY | E4: A03 | G4: 15319
A5: 4 | B5: 15348 | C5: 3106424990 | D5: ALVINO DWI ANDIKA | E5: A04 | G5: 15320
A6: 5 | B6: 15349 | C6: 0112191144 | D6: ALYA AZZAHRA HIDAYAT | E6: A05 | G6: 15321
A7: 6 | B7: 15350 | C7: 0114950171 | D7: ALYSA PUTRI PUSTIKA | E7: A06 | G7: 15322
A8: 7 | B8: 15374 | C8: 0114388600 | D8: AYEM SULISTYONING TYAS | E8: A07 | G8: 15323
A9: 8 | B9: 15375 | C9: 0116997238 | D9: AZALIA MAHARATU SANTOSO | E9: A08 | G9: 15324
A10: 9 | B10: 15378 | C10: 0119050789 | D10: AZZAHRA MUDANINGRUM WIBOWO | E10: A09 | G10: 15325
A11: 10 | B11: 15385 | C11: 0117465252 | D11: BERLIANA ARANIYAH SUBAIRI | E11: A10 | G11: 15326
A12: 11 | B12: 15398 | C12: 0102397601 | D12: DAFA KANA SUWANDI | E12: A11 | G12: 15327
A13: 12 | B13: 15425 | C13: 0116574266 | D13: FATHARANI RAJBI WARDANA | E13: A12 | G13: 15328
... A57: 56 | B57: 15523 | C57: 0117692097 | D57: MOH ILHAM UBAIDILAH | E57: B20 | G57: 15372
A58: 57 | B58: 15527 | C58: 3105710667 | D58: MOH YERIK HARSHA | E58: B21 | G58: 15373
A59: 58 | B59: 15582 | C59: 0104392842 | D59: PRASEPTYAN PUTERA ABSULISTYAWAN | E59: B22 | G59: 15374
A60: 59 | B60: 15596 | C60: 0114927577 | D60: RAFLI WAHYU SETYAWAN | E60: B23 | G60: 15375
A61: 60 | B61: 15598 | C61: 0122446477 | D61: RAISHA PUTRI AYUNINDITA | E61: B24 | G61: 15376
A62: 61 | B62: 15611 | C62: 0103803597 | D62: RIFQI ALFAIRUS ALHAMDANI | E62: B25 | G62: 15377
A63: 62 | B63: 15619 | C63: 0111790640 | D63: S QONITA HAMDY R | E63: B26 | G63: 15378
A64: 63 | B64: 15625 | C64: 0108237820 | D64: SAFRA HUBBY ELHAKIM | E64: B27 | G64: 15379
A65: 64 | B65: 15628 | C65: 0117202197 | D65: SAKINATIN NUR LAILA HANAFI | E65: B28 | G65: 15380
A66: 65 | B66: 15633 | C66: 0111744586 | D66: SHABRINA AZKA IMANA | E66: B29 | G66: 15381
A67: 66 | B67: 15647 | C67: 0101368280 | D67: ULFA RAUDHATUS SOLEHAH E | E67: B30 | G67: 15382
A68: 67 | B68: 15651 | C68: 0108312959 | D68: VIDYRA ANNAJWA SYAFITRI | E68: B31 | G68: 15383
A69: 68 | B69: 15654 | C69: 0105034607 | D69: WIDAD RAJEV KENZIE | E69: B32 | G69: 15384
A70: 69 | B70: 15656 | C70: 0119440535 | D70: WILYARDI DWIKI AZKARIANSYAH | E70: B33 | G70: 15385
... A360: 359 | B360: 15671 | C360: 0103806854 | D360: ZAKI AGATHA | E360: J36 | G360: 15675
