Workbook

Sheet XI-A1 
A4: Tahun Pelajaran 2026 / 2027
A7: No | B7: NISN / NIS | C7: Nama Siswa | D7: L/P | E7: Wali Kelas : | H7: YUSMIATI, S.Pd. | S7: NIP : | U7: 198708112024212000
E8: Tanggal
A10: 1 | B10: 0099058533 / 14952 | C10: ACH ALFIANSYA SEPTEO RAMADHANI | D10: L | AE10: 0094915611 | AF10: ABDU DAKAIL FATHON | AG10: 87.52 | AH10: A | AI10: L | AK10: =UPPER(AF10) -> ABDU DAKAIL FATHON
A11: 2 | B11: 0106096923 / 14954 | C11: ACH RAMZI ARIFANDI HABIBULLAH | D11: L | AE11: 0101733365 | AF11: AGUNG MULYA PRATAMA | AG11: 83.03 | AH11: A | AI11: L | AK11: =UPPER(AF11) -> AGUNG MULYA PRATAMA
A12: 3 | B12: 3092769358 / 15306 | C12: ACH. SHIDQI RAMADHANI | D12: L | AE12: 99620577 | AF12: AHMAD RAFA RAMADANI | AG12: 80.78 | AH12: A | AI12: L | AK12: =UPPER(AF12) -> AHMAD RAFA RAMADANI
A13: 4 | B13: 0103841370 / 14969 | C13: AISYAH FEBRIYANTI RIDWAN | D13: P | AE13: 94618904 | AF13: ALFIANA UTAMI PUTRI | AG13: 82.93 | AH13: A | AI13: P | AK13: =UPPER(AF13) -> ALFIANA UTAMI PUTRI
A14: 5 | B14: 0109722078 / 14972 | C14: ALF HAAFIZ AKBAR | D14: L | AE14: 0093576020 | AF14: ALYA MUKHBITA | AG14: 88.78 | AH14: A | AI14: p | AK14: =UPPER(AF14) -> ALYA MUKHBITA
A15: 6 | B15: 0102988393 / 14974 | C15: ALFINA DIAH ANGGRAINI | D15: P | AE15: 0108584503 | AF15: ANGELINA SYIFAAUR RAHMAH | AG15: 86.80 | AH15: A | AI15: P | AK15: =UPPER(AF15) -> ANGELINA SYIFAAUR RAHMAH
A16: 7 | B16: 0099550894 / 14980 | C16: ALMIRAH DISTI NAURA | D16: P | AE16: 105301544 | AF16: ASYAM ABQARI | AG16: 81.23 | AH16: A | AI16: L | AK16: =UPPER(AF16) -> ASYAM ABQARI
A17: 8 | B17: 0093576020 / 14982 | C17: ALYA MUKHBITA | D17: P | AE17: 104677265 | AF17: ASYIFA PUTRI AZIZAH | AG17: 84.49 | AH17: A | AI17: P | AK17: =UPPER(AF17) -> ASYIFA PUTRI AZIZAH
A18: 9 | B18: 0099897605 / 14983 | C18: ALYSA TUNGGA PRATIWI | D18: P | AE18: 0105311993 | AF18: ASYRAF KHAIRULLAH PRATAMA | AG18: 87.72 | AH18: A | AI18: L | AK18: =UPPER(AF18) -> ASYRAF KHAIRULLAH PRATAMA
A19: 10 | B19: 0109950311 / 14989 | C19: ANISA AMILIA AZZAHRA | D19: P | AE19: 0101428911 | AF19: AZKA DAHISY AMIN | AG19: 88.58 | AH19: A | AI19: L | AK19: =UPPER(AF19) -> AZKA DAHISY AMIN
A20: 11 | B20: 0095090304 / 14997 | C20: ARYATAMA REZA RAFAYENDRA | D20: L | AE20: 0093003989 | AF20: AZZAHRA ARIF DAMAYANTI | AG20: 83.31 | AH20: A | AI20: P | AK20: =UPPER(AF20) -> AZZAHRA ARIF DAMAYANTI
A21: 12 | B21: 0098598715 / 15013 | C21: AURA ZAHRIMA SALSABILA | D21: P | AE21: 0094840732 | AF21: CANTIKA SAFITRI WIJAYANTI | AG21: 86.9 | AH21: A | AI21: P | AK21: =UPPER(AF21) -> CANTIKA SAFITRI WIJAYANTI
A22: 13 | B22: 3103175403 / 15022 | C22: AZELIA EZAR ADHYASTA | D22: P | AE22: 0093782050 | AF22: DHAFINA PUTRI ARIFIN | AG22: 86.51 | AH22: A | AI22: P | AK22: =UPPER(AF22) -> DHAFINA PUTRI ARIFIN
A23: 14 | B23: 0101780275 / 15065 | C23: FINDY WAHYUNI | D23: P | AE23: 0103741538 | AF23: GEVAN DANIEL APRADINATA | AG23: 84.56 | AH23: A | AI23: L | AK23: =UPPER(AF23) -> GEVAN DANIEL APRADINATA
A24: 15 | B24: 0098686172 / 15069 | C24: FRISKA AULIA PUTRI | D24: P | AE24: 95217817 | AF24: HASNA ALGHINA RACHMAN | AG24: 84.21 | AH24: A | AI24: P | AK24: =UPPER(AF24) -> HASNA ALGHINA RACHMAN
A25: 16 | B25: 0107912441 / 15070 | C25: FRITZI RAFA ADITYA DHANA | D25: L | AE25: 0098447991 | AF25: IZZA BUNGA FAIRUZIA | AG25: 87.58 | AH25: A | AI25: p | AK25: =UPPER(AF25) -> IZZA BUNGA FAIRUZIA
A26: 17 | B26: 0104756008 / 15072 | C26: GESTA NOVANDA PUTRA GS | D26: L | AE26: 0103080501 | AF26: M DELFIAN ARIF PRATAMA | AG26: 87.30 | AH26: A | AI26: L | AK26: =UPPER(AF26) -> M DELFIAN ARIF PRATAMA
A27: 18 | B27: 0107815195 / 15078 | C27: HASSYA KANAYA TSABITAH | D27: P | AE27: 0099668691 | AF27: MILDY PRIO RUBIANTO | AG27: 85.97 | AH27: A | AI27: L | AK27: =UPPER(AF27) -> MILDY PRIO RUBIANTO
A28: 19 | B28: 0091669818 / 15081 | C28: IBRAHIM AZZAHEDY | D28: L | AE28: 102122050 | AF28: MOH NABIL KHUROZIM FANDY | AG28: 85.3 | AH28: A | AI28: L | AK28: =UPPER(AF28) -> MOH NABIL KHUROZIM FANDY
A29: 20 | B29: 0099606551 / 15092 | C29: IZZA AULIA SHOFA | D29: P | AE29: 91890772 | AF29: MOHAMMAD AKHDAN MAULADI | AG29: 86.39 | AH29: A | AI29: L | AK29: =UPPER(AF29) -> MOHAMMAD AKHDAN MAULADI
A30: 21 | B30: 0101127479 / 15311 | C30: KARIMAH NAJLA SHABIRA | D30: P | AE30: 3104234462 | AF30: MOHAMMAD RIZKY RAFIF TAMAM | AG30: 86.06 | AH30: A | AI30: L | AK30: =UPPER(AF30) -> MOHAMMAD RIZKY RAFIF TAMAM
A31: 22 | B31: 0109462096 / 15103 | C31: KHANSA APRILIA FILZAH | D31: P | AE31: 0097811869 | AF31: NADIF ABDILLAH | AG31: 87.19 | AH31: A | AI31: P | AK31: =UPPER(AF31) -> NADIF ABDILLAH
A32: 23 | B32: 0092179048 / 15121 | C32: MAQFIROH FITRIYAH | D32: P | AE32: 0096843896 | AF32: NAJWA ACHMAD | AG32: 82.13 | AH32: A | AI32: P | AK32: =UPPER(AF32) -> NAJWA ACHMAD
A33: 24 | B33: 0111441132 / 15128 | C33: MIRANDA PURNAMA DEWI | D33: P | AE33: 0094137933 | AF33: NAJWAS SHYFA | AG33: 89.58 | AH33: A | AI33: p | AK33: =UPPER(AF33) -> NAJWAS SHYFA
A34: 25 | B34: 0106569429 / 15129 | C34: MOH. AFIFUR RIZAL | D34: L | AE34: 0094814338 | AF34: NILA SARI AMINARTI | AG34: 86.72 | AH34: A | AI34: P | AK34: =UPPER(AF34) -> NILA SARI AMINARTI
A35: 26 | B35: 0094490553 / 15132 | C35: MOH. GHAZY ARYADHANA | D35: L | AE35: 91793849 | AF35: NINDY SAFIRA MAHARANI | AG35: 82.88 | AH35: A | AI35: P | AK35: =UPPER(AF35) -> NINDY SAFIRA MAHARANI
A36: 27 | B36: 0098648558 / 15137 | C36: MOH. RADITYA PRATAMA PUTRA | D36: L | AE36: 0095384163 | AF36: NUR FAIRATUR RAHMAN | AG36: 85.21 | AH36: A | AI36: P | AK36: =UPPER(AF36) -> NUR FAIRATUR RAHMAN
A37: 28 | B37: 0107990597 / 15167 | C37: NAFISA NISFU SYABANA | D37: P | AE37: 108367839 | AF37: RAFA SYAFRIYANDI | AG37: 79.15 | AH37: A | AI37: L | AK37: =UPPER(AF37) -> RAFA SYAFRIYANDI
A38: 29 | B38: 0108261287 / 15175 | C38: NASYWA | D38: P | AE38: 105266191 | AF38: RAFIIF ALLAAM AS SARIY | AG38: 83.85 | AH38: A | AI38: L | AK38: =UPPER(AF38) -> RAFIIF ALLAAM AS SARIY
A39: 30 | B39: 0094814338 / 15190 | C39: NILA SARI AMINARTI | D39: P | AE39: 99080907 | AF39: RANIAH | AG39: 83.49 | AH39: A | AI39: P | AK39: =UPPER(AF39) -> RANIAH
A40: 31 | B40: 0095384163 / 15196 | C40: NUR FAIRATUR RAHMAN | D40: P | AE40: 0095467404 | AF40: ROBIATUL WAHIDIYAH AL AMIR PUTRI | AG40: 83.74 | AH40: A | AI40: P | AK40: =UPPER(AF40) -> ROBIATUL WAHIDIYAH AL AMIR PUTRI
A41: 32 | B41: 3095038031 / 15232 | C41: REYNATA SAHIFA ALKALIFI | D41: P | AE41: 105240233 | AF41: ROBITH IMANI BILLAH | AG41: 84.81 | AH41: A | AI41: L | AK41: =UPPER(AF41) -> ROBITH IMANI BILLAH
A42: 33 | B42: 0108858362 / 15233 | C42: REZA ACHMAD PASHA ISLAMI | D42: L | AE42: 0101950178 | AF42: SHAFA AZIYAH PUTRI | AG42: 88.02 | AH42: A | AI42: P | AK42: =UPPER(AF42) -> SHAFA AZIYAH PUTRI
A43: 34 | B43: 0109277278 / 15247 | C43: SAFA NUR AQILAH RAHMAN | D43: P | AE43: 0094839217 | AF43: SHAFWAN AQILA GUSFA | AG43: 90.16 | AH43: A | AI43: P | AK43: =UPPER(AF43) -> SHAFWAN AQILA GUSFA
A44: 35 | B44: 0106159891 / 15260 | C44: SHAKILA AYODYA | D44: P | AE44: 0108382917 | AF44: SYARIFATUL AISYAH | AG44: 93.11 | AH44: A | AI44: p
A45: 36 | B45: 0108074622 / 15284 | C45: VINDYANA INDIRA OCTAVIA | D45: P | AE45: 0101166292 | AF45: UKHTI FARATINA NUR AFINY | AG45: 88.03 | AH45: A | AI45: p
A46: Paraf | C46: L : | D46: =COUNTIFS($D$10:$D$45,"L") -> 12 | AE46: 0103426345 | AF46: UMAMAH | AG46: 86.58 | AH46: A | AI46: P
A47: Guru | C47: P : | D47: =COUNTIFS($D$10:$D$45,"P") -> 24
D48: =SUM(D46:D47) -> 36

Sheet XI-A2
A4: Tahun Pelajaran 2026 / 2027
A7: No | B7: NISN / NIS | C7: Nama Siswa | D7: L/P | E7: Wali Kelas : | H7: IRVAN RIZKANA YULIANTO, S.Pd | S7: NIP : | U7: 198007222024211006
E8: Tanggal
A10: 1 | B10: 0096571728 / 14950 | C10: ABDANIAR REGA PRATAMA | D10: L | AD10: 96571728 | AE10: ABDANIAR REGA PRATAMA | AF10: 82.93 | AG10: B | AH10: L | AJ10: ABDANIAR REGA PRATAMA | AK10: X.B | AL10: L | AM10: 635
A11: 2 | B11: 0098497655 / 14956 | C11: 'ADLY ROSYID PRATAMA | D11: L | AD11: 0103841370 | AE11: AISYAH FEBRIYANTI RIDWAN | AF11: 86.49 | AG11: B | AH11: P | AJ11: 'ADLY ROSYID PRATAMA | AK11: X.G | AL11: L | AM11: 628
A12: 3 | B12: 0096415363 / 14957 | C12: AFIA ZAFIRAH | D12: P | AD12: 0094361909 | AE12: ALIF PIRATA MUHAMMAD | AF12: 89.99 | AG12: B | AH12: L | AJ12: AFIA ZAFIRAH | AK12: X.F | AL12: P | AM12: 662
A13: 4 | B13: 0093002126 / 14960 | C13: AHMAD GHATAN AS SALAFI | D13: L | AD13: 0103673401 | AE13: AUDREY BELVA PUTRI PURNAMA | AF13: 87.5 | AG13: B | AH13: P | AJ13: AHMAD GHATAN AS SALAFI | AK13: X.G | AL13: L | AM13: 638
A14: 5 | B14: 0093742373 / 14981 | C14: ALVINA NIKMATUR RAIFA | D14: P | AD14: 106949166 | AE14: AULIA SHAFAURA ALAM | AF14: 84.47 | AG14: B | AH14: P | AJ14: ALVINA NIKMATUR RAIFA | AK14: X.G | AL14: P | AM14: 635
A15: 6 | B15: 0094292240 / 14988 | C15: ANIN WIDIA PUTRI | D15: P | AD15: 0119779058 | AE15: BALQIS MAULIDIA AZHAR | AF15: 88.01 | AG15: B | AH15: P | AJ15: ANIN WIDIA PUTRI | AK15: X.I | AL15: P | AM15: 624
A16: 7 | B16: 0103293275 / 14998 | C16: ASHYLA NURI ADISTY | D16: P | AD16: 0095885819 | AE16: BILQIS AL ARIF | AF16: 83.63 | AG16: B | AH16: P | AJ16: ASHYLA NURI ADISTY | AK16: X.I | AL16: P | AM16: 629
A17: 8 | B17: 0098345910 / 15012 | C17: AURA SUCI RAMADHANI | D17: P | AD17: 109075817 | AE17: CILA ADINDA SUDIBYO | AF17: 83.48 | AG17: B | AH17: P | AJ17: AURA SUCI RAMADHANI | AK17: X.I | AL17: P | AM17: 664
A18: 9 | B18: 0092822070 / 15021 | C18: AZARINE BELVINA WAHYUDI | D18: P | AD18: 0092553825 | AE18: DESWITAPUTRI DAYANTI | AF18: 83.30 | AG18: B | AH18: P | AJ18: AZARINE BELVINA WAHYUDI | AK18: X.H | AL18: P | AM18: 708
A19: 10 | B19: 0101428911 / 15024 | C19: AZKA DAHISY AMIN | D19: L | AD19: 0102283509 | AE19: Dzaky Almair El Rafif | AF19: 88.02 | AG19: B | AH19: L | AJ19: AZKA DAHISY AMIN | AK19: X.A | AL19: L | AM19: 715
A20: 11 | B20: 0105465852 / 15027 | C20: BALQIS KIRANA LARASATI | D20: P | AD20: 0101780275 | AE20: FINDY WAHYUNI | AF20: 86.80 | AG20: B | AH20: P | AJ20: BALQIS KIRANA LARASATI | AK20: X.G | AL20: P | AM20: 702
A21: 12 | B21: 0109534778 / 15036 | C21: BUNGA MAULIDIA | D21: P | AD21: 0109681159 | AE21: IQON ARICTA KHAIRANI | AF21: 86.89 | AG21: B | AH21: P | AJ21: CLARISSA AZZAHRA PUTRI | AK21: X.D | AL21: P | AM21: 729
A22: 13 | B22: 0099679063 / 15042 | C22: CLARISSA AZZAHRA PUTRI | D22: P | AD22: 0099606551 | AE22: IZZA AULIA SHOFA | AF22: 84.49 | AG22: B | AH22: P | AJ22: DIMAS SYAFIQY AFDILLAH | AK22: X.I | AL22: L | AM22: 638
A23: 14 | B23: 0096346576 / 15309 | C23: DIMAS SYAFIQY AFDILLAH | D23: L | AD23: 109511029 | AE23: JIMLY ARAFAT ASSIDDIQIE | AF23: 80.31 | AG23: B | AH23: L | AJ23: EKA AGUSTINA ANGGRAINI | AK23: X.F | AL23: P | AM23: 655
A24: 15 | B24: 0102616675 / 15053 | C24: EKA AGUSTINA ANGGRAINI | D24: P | AD24: 104825564 | AE24: KEVIN PUTRA NIRWANA | AF24: 81.05 | AG24: B | AH24: L
A25: 16 | B25: 0103496356 / 15079 | C25: HUGA ZAMRONI AJI | D25: L
A26: 17 | B26: '0105586723 / 15089 | C26: ISMA AMALINA | D26: P | AD26: 98740585 | AE26: M SEPTYAN DAFI RAMADHAN | AF26: 83.83 | AG26: B | AH26: L | AJ26: HUGA ZAMRONI AJI | AK26: X.H | AL26: L | AM26: 637
A27: 18 | B27: 0098447991 / 15094 | C27: IZZA BUNGA FAIRUZIA | D27: P | AD27: 97013302 | AE27: MOH YARDAN XAFIER | AF27: 78.74 | AG27: B | AH27: L | AJ27: IZZA BUNGA FAIRUZIA | AK27: X.A | AL27: P | AM27: 636
A28: 19 | B28: 0109511029 / 15097 | C28: JIMLY ARAFAT ASSIDDIQIE | D28: L | AD28: 107990597 | AE28: NAFISA NISFU SYABANA | AF28: 86.36 | AG28: B | AH28: P | AJ28: JIMLY ARAFAT ASSIDDIQIE | AK28: X.B | AL28: P | AM28: 680
A29: 20 | B29: 0092295934 / 15104 | C29: KHANSA NUR FARITA | D29: P | AD29: 0106501012 | AE29: NAJWA IZDAHARA RIZALDI | AF29: 87.28 | AG29: B | AH29: P | AJ29: KHANSA NUR FARITA | AK29: X.J | AL29: L | AM29: 624
A30: 21 | B30: 0096310303 / 15110 | C30: LAILY RIZQIYATIN EFENDY | D30: P | AD30: 0106124368 | AE30: NENSI MELANI PUTRI | AF30: 89.51 | AG30: B | AH30: P | AJ30: LAILY RIZQIYATIN EFENDY | AK30: X.I | AL30: P | AM30: 634
A31: 22 | B31: 0103080501 / 15113 | C31: M. DELFIAN ARIF PRATAMA | D31: L | AD31: 93601353 | AE31: NUR ARINI ISLAWATI | AF31: 84.13 | AG31: B | AH31: P | AJ31: M. DELFIAN ARIF PRATAMA | AK31: X.H | AL31: P | AM31: 682
A32: 23 | B32: 0106969520 / 15305 | C32: MAHREZA RIZQI MAULANA | D32: L | AD32: 0099209612 | AE32: NUR JANNATUR RAHMAN | AF32: 85.16 | AG32: B | AH32: P | AJ32: MAHREZA RIZQI MAULANA | AK32: X.J | AL32: L | AM32: 634
A33: 24 | B33: 0096139555 / 15119 | C33: MARIA SALSABILA HUDA | D33: P | AD33: 0099209612 | AE33: NUR JANNATUR RAHMAN | AF33: 85.16 | AG33: B | AH33: P | AJ33: MARIA SALSABILA HUDA | AK33: X.D | AL33: L | AM33: 670
A34: 25 | B34: 0099087085 / 15150 | C34: MOHAMMAD REZA PRAYOGA | D34: L | AD34: 0106880225 | AE34: NUR ZAHIRA ANSORULLAH | AF34: 87.19 | AG34: B | AH34: P | AJ34: MOHAMMAD REZA PRAYOGA | AK34: X.I | AL34: P | AM34: 647
A35: 26 | B35: 0097811869 / 15164 | C35: NADIF ABDILLAH | D35: L | AD35: 91509133 | AE35: Oktavia Kirana Dewi | AF35: 82.84 | AG35: B | AH35: P | AJ35: NADIF ABDILLAH | AK35: X.A | AL35: L | AM35: 631
A36: 27 | B36: 0094586702 / 15165 | C36: NADYA ALFAIDA | D36: P | AD36: 0094061017 | AE36: PRADITYA IHSAN NIZAR | AF36: 88.74 | AG36: B | AH36: L | AJ36: NADYA ALFAIDA | AK36: X.E | AL36: L | AM36: 693
A37: 28 | B37: 0095485235 / 1524 | C37: SAADATUDDARAINI | D37: P | AD37: 0091436068 | AE37: QUEEN TSABITA WIBOWO | AF37: 91.77 | AG37: B | AH37: P | AM37: 650
A38: 29 | B38: 0091417231 / 15180 | C38: NAYAKA AULIA HARIYANTO | D38: P | AD38: 0106832560 | AE38: RAJA ALFARONI PAHING | AF38: 85.86 | AG38: B | AH38: L | AJ38: NAYAKA AULIA HARIYANTO | AK38: X.F | AL38: P | AM38: 641
A39: 30 | B39: 0115565645 / 15199 | C39: NURI JANUARITA PUTRI | D39: P | AD39: 0096041224 | AE39: RAKA TARUNA PERMANA | AF39: 88.46 | AG39: B | AH39: L | AJ39: NURI JANUARITA PUTRI | AK39: X.J | AL39: P | AM39: 647
A40: 31 | B40: 0095654087 / 15207 | C40: PUTRI AGUSTINA MAHARDIKA | D40: P | AD40: 98500710 | AE40: ROFIENDRA ZACKY AHMAD | AF40: 85.21 | AG40: B | AH40: L | AJ40: PUTRI AGUSTINA MAHARDIKA | AK40: X.G | AL40: P | AM40: 647
A41: 32 | B41: 0098990180 / 15228 | C41: R.CHELSYANA RAMADHANI J | D41: P | AD41: 0102088023 | AE41: SITTI RISQI ISNAINI | AF41: 82.09 | AG41: B | AH41: P | AJ41: R.CHELSYANA RAMADHANI J | AK41: X.G | AL41: P | AM41: 675
A42: 33 | B42: 0094839217 / 15259 | C42: SHAFWAN AQILA GUSFA | D42: L | AD42: 0094963582 | AE42: SURYA HADI WIJAYA | AF42: 83.03 | AG42: B | AH42: L | AJ42: SHAFWAN AQILA GUSFA | AK42: X.A | AL42: L | AM42: 645
A43: 34 | B43: 0093921653 / 15262 | C43: SILVI AGUSTIANA | D43: P | AD43: 93167720 | AE43: SYADID AULIA FAIZAL | AF43: 86.04 | AG43: B | AH43: L | AJ43: SILVI AGUSTIANA | AK43: X.E | AL43: P | AM43: 649
A44: 35 | B44: 0103426345 / 15283 | C44: UMAMAH | D44: P | AD44: 96046595 | AE44: SYAFANIA KIRANA PUTRI S | AF44: 84.79 | AG44: B | AH44: P | AJ44: UMAMAH | AK44: X.A | AL44: P | AM44: 643
A45: 36 | B45: 0103920766 / 15286 | C45: WIHDA DZIKRIA A'YUNI | D45: P | AJ45: WIHDA DZIKRIA A'YUNI | AK45: X.D | AL45: P | AM45: 656
B46: Paraf | C46: L : | D46: =COUNTIFS($D$10:$D$45,"L") -> 12 | AD46: 0103417543 | AE46: ZAHIERA YASMIN IMANI | AF46: 86.58 | AG46: B | AH46: P
B47: Guru | C47: P : | D47: =COUNTIFS($D$10:$D$45,"P") -> 24 | AD47: 0099410638 | AE47: ZALFA AULIA GAMILA | AF47: 86.7 | AG47: B | AH47: P
D48: =SUM(D46:D47) -> 36 | AD48: 0091060910 | AE48: Zarqa Syafiq Zimrani | AF48: 87.51 | AG48: B | AH48: L

Sheet XI-A3
A4: Tahun Pelajaran 2026 / 2027
A7: No | B7: NISN / NIS | C7: Nama Siswa | D7: L/P | E7: Wali Kelas : | H7: EKA JUWITA WIJDANIYAH, S.Pd | S7: NIP : | U7: 199501282020122020
E8: Tanggal
A10: 1 | B10: 0094618904 / 14973 | C10: ALFIANA UTAMI PUTRI | D10: P | AD10: 1 | AE10: ALFIANA UTAMI PUTRI | AF10: X.A | AG10: P | AH10: 637
A11: 2 | B11: 0109297123 / 14991 | C11: APRILIYA ANGELICA CAHYANI | D11: P | AD11: 2 | AE11: APRILIYA ANGELICA CAHYANI | AF11: X.F | AG11: P | AH11: 650
A12: 3 | B12: 0109410681 / 14994 | C12: ARLKA WISNU WARDANA | D12: L | AD12: 3 | AE12: ARLKA WISNU WARDANA | AF12: X.H | AG12: L | AH12: 632
A13: 4 | B13: 0094556159 / 15004 | C13: AUFA NADHIF | D13: P | AD13: 4 | AE13: AUFA NADHIF | AF13: X.C | AG13: p | AH13: 643
A14: 5 | B14: 0102322274 / 15019 | C14: AYU RIZKI PUJI LESTARI | D14: P | AD14: 5 | AE14: AURELIA RAISSA APRIANDYTA | AF14: X.H | AG14: P | AH14: 634
A15: 6 | B15: 0104385803 / 15023 | C15: AZIZA CAHYA NING TIAS | D15: P | AD15: 6 | AE15: AYU RIZKI PUJI LESTARI | AF15: X.H | AG15: P | AH15: 630
A16: 7 | B16: 0105382139 / 15034 | C16: BILQIS FATHIYA MARTHA D | D16: P | AD16: 7 | AE16: AZIZA CAHYA NING TIAS | AF16: X.E | AG16: P | AH16: 645
A17: 8 | B17: 0092836765 / 15035 | C17: BRILLIAN HADE PAMUNGKAS | D17: L | AD17: 8 | AE17: BILQIS FATHIYA MARTHA D | AF17: X.H | AG17: P | AH17: 679
A18: 9 | B18: 0093756454 / 15043 | C18: DENIEL CAHYA RAHMAN PRATAMA | D18: L | AD18: 9 | AE18: BRILLIAN HADE PAMUNGKAS | AF18: X.D | AG18: L
A19: 10 | B19: 0102283509 / 15052 | C19: DZAKY ALMAIR EL-RAFIF | D19: L | AD19: 10 | AE19: DENIEL CAHYA RAHMAN PRATAMA | AF19: X.I | AG19: L | AH19: 634
A20: 11 | B20: 0094950484 / 15056 | C20: ENZA SABRINA HERYANTO | D20: P | AD20: 11 | AE20: DZAKY ALMAIR EL-RAFIF | AF20: X.B | AG20: L
A21: 12 | B21: 0102661592 / 15058 | C21: FAKHIRA INAS | D21: P | AD21: 12 | AE21: ENZA SABRINA HERYANTO | AF21: X.G | AG21: P | AH21: 628
A22: 13 | B22: 0107735504 / 15071 | C22: GADIS OKTAVIANA WAHYUDI | D22: P | AD22: 13 | AE22: FAKHIRA INAS | AF22: X.I | AG22: P | AH22: 710
A23: 14 | B23: 0091386648 / 15310 | C23: GHILAN AL DIMIZYQY | D23: L | AD23: 14 | AE23: GADIS OKTAVIANA WAHYUDI | AF23: X.D | AG23: P | AH23: 645
A24: 15 | B24: 0109018947 / 15082 | C24: IKSYA ALFIALFUN AZKA ALIMI | D24: L | AD24: 15 | AE24: GHILAN AL DIMIZYQY | AF24: X.I | AG24: L | AH24: 640
A25: 16 | B25: 0091308783 / 15093 | C25: IZZA AULIA SHOFI | D25: P | AD25: 16 | AE25: IKSYA ALFIALFUN AZKA ALIMI | AF25: X.D | AG25: P | AH25: 702
A26: 17 | B26: 0117862295 / 15095 | C26: JANEETA IZZAH INSYIRAH | D26: P | AD26: 17 | AE26: IZZA AULIA SHOFI | AF26: X.I | AG26: P | AH26: 637
A27: 18 | B27: 0098798782 / 15112 | C27: LINDA YOHANA MAULINA | D27: P | AD27: 18 | AE27: JANEETA IZZAH INSYIRAH | AF27: X.D | AG27: P | AH27: 647
A28: 19 | B28: 0107399996 / 15131 | C28: MOH. BAGUS AKBAR | D28: L | AD28: 19 | AE28: JANUAR RAFI GUNAWAN | AF28: X.H | AG28: L | AH28: 662
A29: 20 | B29: 0094399729 / 15139 | C29: MOH. REFAN DANIYAL ARIF | D29: L
A30: 21 | B30: 3104234462 / 15151 | C30: MOHAMMAD RIZKY RAFIF TAMAM | D30: L | AD30: 21 | AE30: MOH. BAGUS AKBAR | AF30: X.H | AG30: L | AH30: 636
A31: 22 | B31: 0092206920 / 15166 | C31: NAFIL FAYYADH NAZHIFILLAH | D31: L | AD31: 22 | AE31: MOH. REFAN DANIYAL ARIF | AF31: X.I | AG31: L | AH31: 728
A32: 23 | B32: 0106501012 / 15171 | C32: NAJWA IZDAHARA RIZALDI | D32: P | AD32: 23 | AE32: MOHAMMAD RIZKY RAFIF TAMAM | AF32: X.A | AG32: L | AH32: 641
A33: 24 | B33: 0106063120 / 15189 | C33: NIKEISHA RAYYA SANDRICA | D33: P | AD33: 24 | AE33: NAFIL FAYYADH NAZHIFILLAH | AF33: X.F | AG33: L | AH33: 669
A34: 25 | B34: 0095917604 / 15312 | C34: NIKEN DWI PUJI HASTUTI | D34: P | AD34: 25 | AE34: NAJWA IZDAHARA RIZALDI | AF34: X.B | AG34: P | AH34: 682
A35: 26 | B35: 0107213872 / 15201 | C35: NURIN ALAMSYAH | D35: P | AD35: 26 | AE35: NIKEN DWI PUJI HASTUTI | AF35: X.H | AG35: P | AH35: 676
A36: 27 | B36: 0091509133 / 15204 | C36: OKTAVIA KIRANA DEWI | D36: P | AD36: 27 | AE36: NURIN ALAMSYAH | AF36: X.H | AG36: P | AH36: 626
A37: 28 | B37: 0094061017 / 15206 | C37: PRADITYA IHSAN NIZAR | D37: L | AD37: 28 | AE37: OKTAVIA KIRANA DEWI | AF37: X.B | AG37: P | AH37: 646
A38: 29 | B38: 0091436068 / 15208 | C38: QUEEN TSABITA WIBOWO | D38: P | AD38: 29 | AE38: PRADITYA IHSAN NIZAR | AF38: X.B | AG38: L | AH38: 643
A39: 30 | B39: 0104164486 / 15214 | C39: RAFI ADI CAHYONO | D39: L | AD39: 30 | AE39: QUEEN TSABITA WIBOWO | AF39: X.B | AG39: P | AH39: 714
A40: 31 | B40: 0107765646 / 15221 | C40: RANIA DWI AMYRA PUTRI | D40: P | AD40: 31 | AE40: RAFI ADI CAHYONO | AF40: X.G | AG40: L | AH40: 629
A41: 32 | B41: 0102391972 / 15245 | C41: SABRINA FADILA BAHRI | D41: P | AD41: 32 | AE41: RANIA DWI AMYRA PUTRI | AF41: X.E | AG41: P | AH41: 693
... A45: 36 | B45: 0101261269 / 15300 | C45: ZIYADATU NAJAHATIN | D45: P | AD45: 36 | AE45: ZIYADATU NAJAHATIN | AF45: X.C | AG45: P | AH45: 666
A46: Paraf | C46: L : | D46: =COUNTIFS($D$10:$D$45,"L") -> 12
A47: Guru | C47: P : | D47: =COUNTIFS($D$10:$D$45,"P") -> 24
D48: =SUM(D46:D47) -> 36

Sheet XI-A4
A4: Tahun Pelajaran 2026 / 2027
A7: No | B7: NISN / NIS | C7: Nama Siswa | D7: L/P | E7: Wali Kelas : | H7: HENNY FITRIYANTI, S.Pd | S7: NIP : | U7: 198506232022212035
E8: Tanggal
A10: 1 | B10: 0102753361 / 14961 | C10: AHMAD IRFAN AMRULLAH | D10: L | AD10: 101958421 | AE10: Akbar Maulana | AF10: 78.28 | AG10: D | AH10: L | AJ10: 1 | AK10: AHMAD IRFAN AMRULLAH | AL10: X.F | AM10: L
A11: 2 | B11: 0097947151 / 14966 | C11: AIDAN LUTFAN RAMADAN IDOFI | D11: L | AD11: 102964984 | AE11: ALDAFA ZACKY AGUSTIAN | AF11: 83.42 | AG11: D | AH11: L | AJ11: 2 | AK11: AIDAN LUTFAN RAMADAN IDOFI | AL11: X.E | AM11: L
A12: 3 | B12: 0091251777 / 14984 | C12: AMIRAH DHIYA HANUN | D12: P | AD12: 0091251777 | AE12: Amirah Dhiya Hanun | AF12: 87.85 | AG12: D | AH12: P | AJ12: 3 | AK12: AMIRAH DHIYA HANUN | AL12: X.D | AM12: P
A13: 4 | B13: 0107938836 / 14985 | C13: ANA ALTHAFUNNISA HIDAYATI | D13: P | AD13: 0109950311 | AE13: Anisa Amilia Azzahra | AF13: 90.86 | AG13: D | AH13: P | AJ13: 4 | AK13: ANA ALTHAFUNNISA HIDAYATI | AL13: X.E | AM13: P
A14: 5 | B14: 0105301544 / 14999 | C14: ASYAM ABQARI | D14: L | AD14: 0104805741 | AE14: APRILIA NURISTIGFARAH ARIFIN | AF14: 83.25 | AG14: D | AH14: P | AJ14: 5 | AK14: ASYAM ABQARI | AL14: X.A | AM14: L
A15: 6 | B15: 0105311993 / 15002 | C15: ASYRAF KHAIRULLAH PRATAMA | D15: L | AD15: 0107357333 | AE15: AULIA DIKKRI SHAFIALLAH | AF15: 78.66 | AG15: D | AH15: P | AJ15: 6 | AK15: ASYRAF KHAIRULLAH PRATAMA | AL15: X.A | AM15: L
A16: 7 | B16: 0096329996 / 15005 | C16: AULIA AGUSTININGTIYAS SUMANTRI | D16: P | AD16: 0092807579 | AE16: Aura Dieva Bilquizt | AF16: 85.71 | AG16: D | AH16: P | AJ16: 7 | AK16: AULIA AGUSTININGTIYAS SUMANTRI | AL16: X.I | AM16: P
A17: 8 | B17: 0105865356 / 15030 | C17: BELA DWIGINA AFRILIA | D17: P | AD17: 3102130692 | AE17: AURIZKIAN WIDAD ALIM PRANATA | AF17: 82.55 | AG17: D | AH17: L | AJ17: 8 | AK17: BELA DWIGINA AFRILIA | AL17: X.C | AM17: P
A18: 9 | B18: 0095885819 / 15033 | C18: BILQIS AL-ARIF | D18: P | AD18: 0098967601 | AE18: AYUDITA SANTINOVA SETIAWAN | AF18: 83.57 | AG18: D | AH18: P | AJ18: 9 | AK18: BILQIS AL-ARIF | AL18: X.B | AM18: P
A19: 10 | B19: 0107129633 / 15040 | C19: CHIKA NANDA FEBRIO | D19: P | AD19: 0092836765 | AE19: BRILLIAN HADE PAMUNGKAS | AF19: 88.48 | AG19: D | AH19: L | AJ19: 10 | AK19: CHIKA NANDA FEBRIO | AL19: X.G | AM19: P
A20: 11 | B20: 0106940001 / 15046 | C20: DEVI TAZKIYATUNNAFSI HADI | D20: P | AD20: 109534778 | AE20: BUNGA MAULIDIA | AF20: 84.74 | AG20: D | AH20: P | AJ20: 11 | AK20: DEVI TAZKIYATUNNAFSI HADI | AL20: X.D | AM20: P
A21: 12 | B21: 0092986195 / 15062 | C21: FIEDA SARI NUR HIDAYAH | D21: P | AD21: 0099679063 | AE21: Clarissa Azzahra Putri | AF21: 87.25 | AG21: D | AH21: P | AJ21: 12 | AK21: FIEDA SARI NUR HIDAYAH | AL21: X.J | AM21: P
A22: 13 | B22: 0117501391 / 15064 | C22: FIKRI AKMAL ASYROFI | D22: L | AJ22: 13 | AK22: FIKRI AKMAL ASYROFI | AL22: X.D | AM22: L
A23: 14 | B23: 0099513497 / 15083 | C23: IMROATUL AZIZAH | D23: P | AD23: 92564881 | AE23: FIKI PUTRA RAMADHON | AF23: 79.09 | AG23: D | AH23: L | AJ23: 14 | AK23: IMROATUL AZIZAH | AL23: X.C | AM23: P
A24: 15 | B24: 0101930964 / 15088 | C24: IRDHA ANDINI ISLAMI | D24: P | AD24: 0117501391 | AE24: fikri akmal asyrofi | AF24: 89.62 | AG24: D | AH24: P | AJ24: 15 | AK24: INTAN NOVI DWIARINI | AL24: X.H | AM24: P
A25: 16 | B25: 0092754004 / 15090 | C25: ISNATA MALA ABRARA | D25: P | AD25: 0107735504 | AE25: GADIS OKTAVIANA WAHYUDI | AF25: 87.67 | AG25: D | AH25: P | AJ25: 16 | AK25: IRDHA ANDINI ISLAMI | AL25: X.E | AM25: P
A26: 17 | B26: 0102330056 / 15126 | C26: MIEZA ARDANIA LINNAS | D26: P | AD26: 0099405271 | AE26: HARYA PANDU ELYANTA PIO | AF26: 87.82 | AG26: D | AH26: L | AJ26: 17 | AK26: ISNATA MALA ABRARA | AL26: X.F | AM26: P
A27: 18 | B27: 0092469073 / 15142 | C27: MOH. SYAFRUDIN SYAFRI AZIZ | D27: L | AD27: 0109018947 | AE27: IKSYA ALFIALFUN AZKA ALIMI | AF27: 87.46 | AG27: D | AH27: P | AJ27: 18 | AK27: MIEZA ARDANIA LINNAS | AL27: X.C | AM27: P
A28: 19 | B28: 0103586895 / 15145 | C28: MOHAMAD SYAUQII AL FALAH | D28: L | AD28: 117862295 | AE28: JANEETA IZZAH INSYIRAH | AF28: 85.09 | AG28: D | AH28: P | AJ28: 19 | AK28: MOH. SYAFRUDIN SYAFRI AZIZ | AL28: X.J | AM28: L
A29: 20 | B29: 0099801880 / 15161 | C29: NABILY RIZKY RAHMADANI | D29: L | AD29: 0107631527 | AE29: M GHIBRAN IMAS SYAHPUTRA | AF29: 89.37 | AG29: D | AH29: L | AJ29: 20 | AK29: MOHAMAD SYAUQII AL FALAH | AL29: X.D | AM29: L
A30: 21 | B30: 0094137933 / 15174 | C30: NAJWAS SHYFA | D30: P | AD30: 0096139555 | AE30: MARIA SALSABILA HUDA | AF30: 82.82 | AG30: D | AH30: P | AJ30: 21 | AK30: NABILY RIZKY RAHMADANI | AL30: X.I | AM30: L
A31: 22 | B31: 0095576452 / 15182 | C31: NAYLA NAZHIRANUHA | D31: P | AD31: 107743638 | AE31: MOH NAZRUL PRAMANA | AF31: 80.44 | AG31: D | AH31: L | AJ31: 22 | AK31: NAJWAS SHYFA | AL31: X.B | AM31: P
A32: 23 | B32: 0093664932 / 15183 | C32: NAYLA ZAGITA NURELIZA | D32: P | AD32: 103586895 | AE32: MOHAMAD SYAUQII AL FALAH | AF32: 85.94 | AG32: D | AH32: L | AJ32: 23 | AK32: NAYLA ZAGITA NURELIZA | AL32: X.D | AM32: P
A33: 24 | B33: 0092003280 / 15184 | C33: NAZRIL RADITYA ABDI | D33: L | AD33: 96668989 | AE33: NADA SYAHRIA THALLIB | AF33: 86.27 | AG33: D | AH33: P | AJ33: 24 | AK33: NAZRIL RADITYA ABDI | AL33: X.C | AM33: L
A34: 25 | B34: 0099209612 / 15197 | C34: NUR JANNATUR RAHMAN | D34: P | AD34: 0093664932 | AE34: NAYLA ZAGITA NURELIZA | AF34: 86.84 | AG34: D | AH34: P | AJ34: 25 | AK34: NUR JANNATUR RAHMAN | AL34: X.B | AM34: P
A35: 26 | B35: 0106844824 / 15205 | C35: ORIBEL ALMIRA AZ ZAHRA | D35: P | AD35: 3098293614 | AE35: NAZWA NURAISYAH | AF35: 85.12 | AG35: D | AH35: P | AJ35: 26 | AK35: ORIBEL ALMIRA AZ ZAHRA | AL35: X.I | AM35: P
A36: 27 | B36: 0108025210 / 15308 | C36: PUTRI AMELIA LAUDANIA | D36: P | AD36: 96501202 | AE36: NUR AFNI MARISA HENDRI | AF36: 83.75 | AG36: D | AH36: P | AJ36: 27 | AK36: PUTRI AMELIA LAUDANIA | AL36: X.G | AM36: P
A37: 28 | B37: 0106832560 / 15217 | C37: RAJA ALFARONI PAHING | D37: L | AD37: 0103191587 | AE37: NUR ASHFA AZKIYAH SISWAJI | AF37: 87.49 | AG37: D | AH37: P | AJ37: 28 | AK37: RAJA ALFARONI PAHING | AL37: X.B | AM37: L
A38: 29 | B38: 0097533193 / 15224 | C38: RANITA DWI CAHYANI | D38: P | AD38: 0099202101 | AE38: OKTAVIA AYU NINGTIYAS | AF38: 86.35 | AG38: D | AH38: P | AJ38: 29 | AK38: RANITA DWI CAHYANI | AL38: X.I | AM38: P
A39: 30 | B39: 0105240233 / 15238 | C39: ROBITH IMANI BILLAH | D39: L | AD39: 3095038031 | AE39: REYNATA SAHIFA ALKALIFI | AF39: 88.36 | AG39: D | AH39: P | AJ39: 30 | AK39: ROBITH IMANI BILLAH | AL39: X.A | AM39: L
A40: 31 | B40: 0093702483 / 15241 | C40: ROSA AYU WANDIRA | D40: P | AD40: 93702483 | AE40: ROSA AYU WANDIRA | AF40: 82.36 | AG40: D | AH40: P | AJ40: 31 | AK40: ROSA AYU WANDIRA | AL40: X.D | AM40: P
A41: 32 | B41: 3092351249 / 15246 | C41: SABRINA RAMADHANI | D41: P | AD41: 0094659446 | AE41: Rumania Salsabila | AF41: 84.39 | AG41: D | AH41: P | AJ41: 32 | AK41: SABRINA RAMADHANI | AL41: X.J | AM41: P
A42: 33 | B42: 0093167720 / 15269 | C42: SYADID AULIA FAIZAL | D42: P | AD42: 0099585326 | AE42: Septia Ramadina Nursyamsi | AF42: 86.55 | AG42: D | AH42: P | AJ42: 33 | AK42: SYADID AULIA FAIZAL | AL42: X.B | AM42: P
A43: 34 | B43: 0097450728 / 15273 | C43: SYIFA ANISATUL AMALIYA SATAR | D43: P | AD43: 101345533 | AE43: SILVINA APRILIANI | AF43: 83.99 | AG43: D | AH43: P | AJ43: 34 | AK43: SYIFA ANISATUL AMALIYA SATAR | AL43: X.H | AM43: P
A44: 35 | B44: 0093642477 / 15282 | C44: ULIN NIAMI | D44: P | AD44: 102567048 | AE44: Syahdienda Meizyra Maskur | AF44: 84.37 | AG44: D | AH44: P | AJ44: 35 | AK44: ULIN NIAMI | AL44: X.C | AM44: P
A45: 36 | B45: 0098138581 / 15299 | C45: ZATRYA WAHYU PRATAMA | D45: L | AD45: 0092307178 | AE45: TSURAYA SHINTA RAMADHANI | AF45: 86.66 | AG45: D | AH45: P | AJ45: 36 | AK45: ZATRYA WAHYU PRATAMA | AL45: X.F | AM45: L
A46: Paraf | C46: L : | D46: =COUNTIFS($D$10:$D$45,"L") -> 12 | AD46: 0103920766 | AE46: WIHDA DZIKRIA AYUNI | AF46: 86.69 | AG46: D | AH46: P
A47: Guru | C47: P : | D47: =COUNTIFS($D$10:$D$45,"P") -> 24
D48: =SUM(D46:D47) -> 36

Sheet XI-A5
AK3: ABDU DAKAIL FATHON
A4: Tahun Pelajaran 2026 / 2027
A7: No | B7: NISN / NIS | C7: Nama Siswa | D7: L/P | E7: Wali Kelas : | H7: AGUNG TRI PRASETYO, ST | S7: NIP : | U7: 198101042024211006
E8: Tanggal
A10: 1 | B10: 0094915611 / 14951 | C10: ABDU DAKAIL FATHON | D10: L | AD10: 106096923 | AE10: Ach Ramzi Arifandi Habibullah | AF10: 85.06 | AG10: E | AH10: L | AJ10: 1 | AL10: X.A | AM10: L
A11: 2 | B11: 0099620577 / 14964 | C11: AHMAD RAFA RAMADANI | D11: L | AD11: 0097947151 | AE11: AIDAN LUTFAN RAMADAN IDOFI | AF11: 88.34 | AG11: E | AH11: L | AJ11: 2 | AK11: AISYAH DWIANA PRIYUDHA | AL11: X.E | AM11: P
A12: 3 | B12: 0101534636 / 14968 | C12: AISYAH DWIANA PRIYUDHA | D12: P | AD12: 101534636 | AE12: AISYAH DWIANA PRIYUDHA | AF12: 83.95 | AG12: E | AH12: P | AJ12: 3 | AK12: ALIF PIRATA MUHAMMAD | AL12: X.B | AM12: L
A13: 4 | B13: 0094361909 / 14976 | C13: ALIF PIRATA MUHAMMAD | D13: L | AD13: 109722078 | AE13: ALF HAAFIZ AKBAR | AF13: 85.89 | AG13: E | AH13: L | AJ13: 4 | AK13: ALIYYA WAHYU SHOFIYANI | AL13: X.G | AM13: P
A14: 5 | B14: 0091486816 / 14978 | C14: ALIYYA WAHYU SHOFIYANI | D14: P | AD14: 106420698 | AE14: ALMIRA CINTA CAHYADEWI | AF14: 83.72 | AG14: E | AH14: P | AJ14: 5 | AK14: ALMIRA CINTA CAHYADEWI | AL14: X.E | AM14: P
A15: 6 | B15: 0106420698 / 14979 | C15: ALMIRA CINTA CAHYADEWI | D15: P | AD15: 0107938836 | AE15: ANA ALTHAFUNNISA HIDAYATI | AF15: 90.54 | AG15: E | AH15: P | AJ15: 6 | AK15: ANGELINA SYIFAAUR RAHMAH | AL15: X.A | AM15: P
A16: 7 | B16: 0108584503 / 14987 | C16: ANGELINA SYIFAAUR RAHMAH | D16: P | AD16: 0091345116 | AE16: AVISA DWI AURELIA | AF16: 87.85 | AG16: E | AH16: P | AJ16: 7 | AK16: ARISTA DWI SHABRINA | AL16: X.J | AM16: P
A17: 8 | B17: 0096939540 / 14993 | C17: ARISTA DWI SHABRINA | D17: P | AD17: 0104385803 | AE17: AZIZA CAHYA NING TIAS | AF17: 84.26 | AG17: E | AH17: P | AJ17: 8 | AK17: ASYIFA PUTRI AZIZAH | AL17: X.A | AM17: P
A18: 9 | B18: 0104677265 / 15000 | C18: ASYIFA PUTRI AZIZAH | D18: P | AD18: 95911412 | AE18: BERLIAN CALLISTA MAHERA | AF18: 83.42 | AG18: E | AH18: P | AJ18: 9 | AK18: AULIYATUL RAZNI AMALIYA | AL18: X.F | AM18: P
A19: 10 | B19: 0095005653 / 15009 | C19: AULIYATUL RAZNI AMALIYA | D19: P | AD19: 0093334062 | AE19: Cantika Putri Oktaviana | AF19: 86.66 | AG19: E | AH19: P | AJ19: 10 | AK19: AVISA DWI AURELIA | AL19: X.E | AM19: P
A20: 11 | B20: 0091345116 / 15018 | C20: AVISA DWI AURELIA | D20: P | AD20: 109089490 | AE20: DIAH KANZA NAILA | AF20: 82.34 | AG20: E | AH20: P | AJ20: 11 | AK20: BHAGAS TAQDIR RIFSYAHBANA | AL20: X.J | AM20: L
A21: 12 | B21: 0092924660 / 15032 | C21: BHAGAS TAQDIR RIFSYAHBANA | D21: L | AD21: 0169517134 | AE21: DIAYU ALUNA HANY | AF21: 85.65 | AG21: E | AH21: P | AJ21: 12 | AK21: CANTIKA PUTRI OKTAVIANA | AL21: X.E
A22: 13 | B22: 0093334062 / 15038 | C22: CANTIKA PUTRI OKTAVIANA | D22: P | AD22: 0092760546 | AE22: FIDELA SUCI RAMADHANI | AF22: 88.37 | AG22: E | AH22: P | AJ22: 13 | AK22: DEWI ARDHANARESWARI P | AL22: X.G | AM22: P
A23: 14 | B23: 0106425839 / 15047 | C23: DEWI ARDHANARESWARI P | D23: P | AD23: 0091669818 | AE23: IBRAHIM AZZAHEDY | AF23: 87.72 | AG23: E | AH23: L | AJ23: 14 | AK23: IQON ARICTA KHAIRANI | AL23: X.B | AM23: P
A24: 15 | B24: 0109681159 / 15087 | C24: IQON ARICTA KHAIRANI | D24: P | AD24: 0101930964 | AE24: Irdha Andini Islami | AF24: 87.58 | AG24: E | AH24: P | AJ24: 15 | AK24: KANZA NABILA KHAIRANI IMRAN | AL24: X.F | AM24: P
A25: 16 | B25: 0108350178 / 15096 | C25: JANUAR RAFI GUNAWAN | D25: L | AD25: 0093300658 | AE25: Khairil Firdaus Alfarisi | AF25: 87.06 | AG25: E | AH25: L | AJ25: 16 | AK25: LAURA NURMAULIDATUL FEBRIANI | AL25: X.J | AM25: P
A26: 17 | B26: 0095532922 / 15098 | C26: KANZA NABILA KHAIRANI IMRAN | D26: P | AD26: 0092687403 | AE26: KHALILA DHIA SYARAFANA | AF26: 86.81 | AG26: E | AH26: P | AJ26: 17 | AK26: M. GHIBRAN IMAS SYAHPUTRA | AL26: X.D | AM26: P
A27: 18 | B27: 0105498897 / 15111 | C27: LAURA NURMAULIDATUL FEBRIANI | D27: P | AD27: 92101230 | AE27: KHARISMA SALSABILA IZZATI | AF27: 82.46 | AG27: E | AH27: P | AJ27: 18 | AK27: M. ZULFAN FAHLEVI | AL27: X.J | AM27: L
A28: 19 | B28: 0107631527 / 15114 | C28: M. GHIBRAN IMAS SYAHPUTRA | D28: L | AD28: 0093620132 | AE28: Mierelda Virginia Utami | AF28: 86.65 | AG28: E | AH28: P | AJ28: 19 | AK28: MOH. ALFAREZA BASUKI | AL28: X.F | AM28: L
A29: 20 | B29: 0106819845 / 15118 | C29: M. ZULFAN FAHLEVI | D29: L | AD29: 0106569429 | AE29: MOH AFIFUR RIZAL | AF29: 83.56 | AG29: E | AH29: L | AJ29: 20 | AK29: MOH. NABIL KHUROZIM FANDY | AL29: X.G | AM29: L
A30: 21 | B30: 0093599464 / 15130 | C30: MOH. ALFAREZA BASUKI | D30: L | AD30: 0098648558 | AE30: MOH RADITYA PRATAMA PUTRA | AF30: 85.07 | AG30: E | AH30: L | AJ30: 21 | AK30: MUHAMMAD ROYHAN ABRORI | AL30: X.J | AM30: L
A31: 22 | B31: 0102122050 / 15135 | C31: MOH. NABIL KHUROZIM FANDY | D31: L | AD31: 0099738844 | AE31: MOH SAHLAN | AF31: 82.66 | AG31: E | AH31: L | AJ31: 22 | AK31: MUTIA FAHRUNNISA | AL31: X.G | AM31: L
A32: 23 | B32: 0093475325 / 15157 | C32: MUHAMMAD ROYHAN ABRORI | D32: L | AD32: 0106779710 | AE32: MOH ZULFIKAR MASA BAKTI | AF32: 86.26 | AG32: E | AH32: L | AJ32: 23 | AK32: NAJMA KHUMAIROH RIYADI | AL32: X.J | AM32: P
A33: 24 | B33: 0094231988 / 15307 | C33: MUTIA FAHRUNNISA | D33: P | AD33: 98252155 | AE33: MUHAMMAD AFDHAN SYAQURO | AF33: 80.35 | AG33: E | AH33: L | AJ33: 24 | AK33: NIDYA RAMADITA | AL33: X.I | AM33: P
A34: 25 | B34: 0105675978 / 15168 | C34: NAJMA KHUMAIROH RIYADI | D34: P | AD34: 0095324478 | AE34: NABILA HASNA IZZATY EFENDY | AF34: 87.42 | AG34: E | AH34: P | AJ34: 25 | AK34: NUR ASHFA AZKIYAH SISWAJI | AL34: X.D | AM34: P
A35: 26 | B35: 0107423174 / 15188 | C35: NIDYA RAMADITA | D35: P | AD35: 0094586702 | AE35: NADYA ALFAIDA | AF35: 89.54 | AG35: E | AH35: P | AJ35: 26 | AK35: RAFA ALCANDER AZKARASHYA | AL35: X.J | AM35: P
A36: 27 | B36: 0103191587 / 15195 | C36: NUR ASHFA AZKIYAH SISWAJI | D36: P | AD36: 0096561228 | AE36: NAURAH AMBAR LAILA | AF36: 87.48 | AG36: E | AH36: P | AJ36: 27 | AK36: REGINA KIRANA LARASATI | AL36: X.J | AM36: L
A37: 28 | B37: 0101455019 / 15212 | C37: RAFA ALCANDER AZKARASHYA | D37: L | AD37: 0096593023 | AE37: NAUREHAL PASAI | AF37: 83.18 | AG37: E | AH37: L | AJ37: 28 | AK37: REYHAN DWI PUTRA WAHYUDI | AL37: X.J | AM37: P
A38: 29 | B38: 0101227457 / 15229 | C38: REGINA KIRANA LARASATI | D38: P | AD38: 0107765646 | AE38: RANIA DWI AMYRA PUTRI | AF38: 89.34 | AG38: E | AH38: P | AJ38: 29 | AK38: RIVA ARRIDHO MAULANA | AL38: X.F | AM38: L
A39: 30 | B39: 0094658320 / 15231 | C39: REYHAN DWI PUTRA WAHYUDI | D39: L | AD39: 0107040234 | AE39: RATU KAYYISAH YAMANIYYAH BUDIARTA | AF39: 87.15 | AG39: E | AH39: P | AJ39: 30 | AK39: ROBIATUL WAHIDIYAH AL-AMIR PUTRI | AL39: X.A | AM39: L
A40: 31 | B40: 0101073797 / 15236 | C40: RIVA ARRIDHO MAULANA | D40: L | AD40: 103816414 | AE40: ROZITA AMALINA DINI | AF40: 86.17 | AG40: E | AH40: P | AJ40: 31 | AK40: SABRINA FADILA BAHRI | AL40: X.C | AM40: P
A41: 32 | B41: 0095467404 / 15237 | C41: ROBIATUL WAHIDIYAH AL-AMIR PUTRI | D41: P | AD41: 0093921653 | AE41: SILVI AGUSTIANA | AF41: 86.54 | AG41: E | AH41: P | AJ41: 32 | AK41: SEPTIAZHA BILQIST PUTRI LILYANA | AL41: X.D | AM41: P
A42: 33 | B42: 0092876045 / 15254 | C42: SEPTIAZHA BILQIST PUTRI LILYANA | D42: P | AD42: 96256266 | AE42: SURYA DAFFA MAHARDHIKA ALY | AF42: 84.34 | AG42: E | AH42: L | AJ42: 33 | AK42: SHAFA AZIYAH PUTRI | AL42: X.A | AM42: P
A43: 34 | B43: 0101950178 / 15257 | C43: SHAFA AZIYAH PUTRI | D43: P | AD43: 106598961 | AE43: TALITA LUQYANA AISYAH | AF43: 84.73 | AG43: E | AH43: P | AJ43: 34 | AK43: SITTI RISQI ISNAINI | AL43: X.B | AM43: P
A44: 35 | B44: 0102088023 / 15264 | C44: SITTI RISQI ISNAINI | D44: P | AJ44: 35 | AK44: SULTAN KAFA RASTRA SUGIANTO | AL44: X.G | AM44: P
A45: 36 | B45: 0103239495 / 15266 | C45: SULTAN KAFA RASTRA SUGIANTO | D45: L | AJ45: 36 | AM45: L
A46: Paraf | D46: =COUNTIFS($D$10:$D$45,"L") -> 14
A47: Guru | D47: =COUNTIFS($D$10:$D$45,"P") -> 22
D48: =D46+D47 -> 36

Sheet XI-B
A4: Tahun Pelajaran 2026 / 2027
A7: No | B7: NISN / NIS | C7: Nama Siswa | D7: L/P | E7: Wali Kelas : | H7: UMARUL FARUQ, S.Pd | S7: NIP : | U7: 1.9880715e+17
E8: Tanggal | AK8: 0105049596 / 15075
A10: 1 | B10: 0093442626 / 14986 | C10: ANDINI CLARESTA PUTRI WAHYUDI | D10: P | AD10: 0096415363 | AE10: AFIA ZAFIRAH | AF10: 89.47 | AG10: F | AH10: P | AK10: 0093442626 / 14986 | AL10: ANDINI CLARESTA PUTRI WAHYUDI | AM10: P | AN10: X.C
A11: 2 | B11: 0106949166 / 15008 | C11: AULIA SHAFAURA ALAM | D11: P | AD11: 102753361 | AE11: AHMAD IRFAN AMRULLAH | AF11: 82.33 | AG11: F | AH11: L | AK11: 0106949166 / 15008 | AL11: AULIA SHAFAURA ALAM | AM11: P | AN11: X.B
A12: 3 | B12: 0092807579 / 15010 | C12: AURA DIEVA BILQUIZT | D12: P | AD12: 0109297123 | AE12: APRILIYA ANGELICA CAHYANI | AF12: 87.01 | AG12: F | AH12: P | AK12: 0092807579 / 15010 | AL12: Aura Dieva Bilquizt | AM12: P | AN12: X.F
A13: 4 | B13: 0105174754 / 15015 | C13: AURELIA RAISSA APRIANDYTA | D13: P | AD13: 0095090304 | AE13: ARYATAMA REZA RAFAYENDRA | AF13: 87.69 | AG13: F | AH13: L | AK13: 0099364614 / 15025 | AL13: Azriel Sabilillah Arkana | AM13: L | AN13: X.H
A14: 5 | B14: 0099364614 / 15025 | C14: AZRIEL SABILILLAH ARKANA | D14: L | AD14: 98598715 | AE14: AURA ZAHRIMA SALSABILA | AF14: 83.68 | AG14: F | AH14: P | AK14: 0119779058 / 15028 | AL14: BALQIS MAULIDIA AZHAR | AM14: P | AN14: X.F
A15: 6 | B15: 0119779058 / 15028 | C15: BALQIS MAULIDIA AZHAR | D15: P | AD15: 97582178 | AE15: BARA PRAMUDYA PUTRA NUGRAHA | AF15: 83.41 | AG15: F | AH15: L | AK15: 0169517134 / 15051 | AL15: DIAYU ALUNA HANY | AM15: P | AN15: X.E
A16: 7 | B16: 0109075817 / 15041 | C16: CILA ADINDA SUDIBYO | D16: P | AD16: 0098060781 | AE16: DHIYA SYAHIRA ATIKA RIZKY | AF16: 87.43 | AG16: F | AH16: P | AK16: 0109363761 / 15059 | AL16: Fakhira Maulida Algifari | AM16: P | AN16: X.H
A17: 8 | B17: 0169517134 / 15051 | C17: DIAYU ALUNA HANY | D17: P | AD17: 0102616675 | AE17: EKA AGUSTINA ANGGRAINI | AF17: 86.53 | AG17: F | AH17: P | AK17: 0103019259 / 15060 | AL17: Fathan Athaya Infaner | AM17: L | AN17: X.I
A18: 9 | B18: 0109363761 / 15059 | C18: FAKHIRA MAULIDA ALGIFARI | D18: P | AD18: 102498373 | AE18: FIRSYA RAMANSYAH PUTRI R | AF18: 84.29 | AG18: F | AH18: P | AK18: 0092760546 / 15061 | AL18: FIDELA SUCI RAMADHANI | AM18: P | AN18: X.E
A19: 10 | B19: 0103019259 / 15060 | C19: FATHAN ATHAYA INFANER | D19: L | AD19: 0107912441 | AE19: FRITZI RAFA ADITYA DHANA | AF19: 89.29 | AG19: F | AH19: L | AK19: 0101780275 / 15065 | AL19: FINDY WAHYUNI | AM19: P | AN19: X.B
A20: 11 | B20: 0092760546 / 15061 | C20: FIDELA SUCI RAMADHANI | D20: P | AD20: 0108325753 | AE20: INDAH MAULIDIYA | AF20: 84.91 | AG20: F | AH20: P | AK20: 0092687403 / 15102 | AL20: KHALILA DHIA SYARAFANA | AM20: P | AN20: X.E
A21: 12 | B21: 0098243995 / 15086 | C21: INTAN NOVI DWIARINI | D21: P | AD21: 0092754004 | AE21: ISNATA MALA ABRARA | AF21: 86.64 | AG21: F | AH21: P | AK21: 0098740585 / 15117 | AL21: M. SEPTYAN DAFI RAMADHAN | AM21: L | AN21: X.B
A22: 13 | B22: 0092687403 / 15102 | C22: KHALILA DHIA SYARAFANA | D22: P | AD22: 0095532922 | AE22: KANZA NABILA KHAIRANI IMRAN | AF22: 86.18 | AG22: F | AH22: P | AK22: 0094332428 / 15147 | AL22: MOHAMMAD AQIL RAYHAN AL-ARIF | AM22: L | AN22: X.I
A23: 14 | B23: 0098740585 / 15117 | C23: M. SEPTYAN DAFI RAMADHAN | D23: L | AD23: 95739171 | AE23: Keyrani Larasati Ningrum | AF23: 82.09 | AG23: F | AH23: P | AK23: 0101068410 / 15149 | AL23: MOHAMMAD RAMA ADITYA PRATAMA | AM23: L | AN23: X.I
A24: 15 | B24: 0094332428 / 15147 | C24: MOHAMMAD AQIL RAYHAN AL-ARIF | D24: L | AD24: 0111441132 | AE24: MIRANDA PURNAMA DEWI | AF24: 85.64 | AG24: F | AH24: P | AK24: 0095324478 / 15159 | AL24: NABILA HASNA IZZATY EFENDY | AM24: P | AN24: X.E
A25: 16 | B25: 0101068410 / 15149 | C25: MOHAMMAD RAMA ADITYA PRATAMA | D25: L | AD25: 0093599464 | AE25: MOH ALFAREZA BASUKI | AF25: 87.34 | AG25: F | AH25: L | AK25: 0097758689 / 15160 | AL25: NABILA OKTAVIANI REFTI | AM25: P | AN25: X.F
A26: 17 | B26: 0095324478 / 15159 | C26: NABILA HASNA IZZATY EFENDY | D26: P | AD26: 0094490553 | AE26: MOH GHAZY ARYADHANA | AF26: 84.20 | AG26: F | AH26: L | AK26: 0107990597 / 15167 | AL26: NAFISA NISFU SYABANA | AM26: P | AN26: X.B
A27: 18 | B27: 0097758689 / 15160 | C27: NABILA OKTAVIANI REFTI | D27: P | AD27: 0098735792 | AE27: Muh Arjuna Rifqi Oktavian | AF27: 87.09 | AG27: F | AH27: L | AK27: 0096843896 / 15170 | AL27: NAJWA ACHMAD | AM27: P | AN27: X.A
A28: 19 | B28: 0096843896 / 15170 | C28: NAJWA ACHMAD | D28: P | AD28: 0104230146 | AE28: MUHAMMAD KHAN | AF28: 86.64 | AG28: F | AH28: L | AK28: 0109049440 / 15173 | AL28: NAJWA NAYLA NURRAMADHANI | AM28: P | AN28: X.C
A29: 20 | B29: 0097537767 / 15172 | C29: NAJWA MALAIKA NUR SHAFA | D29: P | AD29: 0092206920 | AE29: NAFIL FAYYADH NAZHIFILLAH | AF29: 87.85 | AG29: F | AH29: P | AK29: 0093300159 / 15176 | AL29: NAURA ASTILA BELINDA | AM29: P | AN29: X.C
A30: 21 | B30: 0109049440 / 15173 | C30: NAJWA NAYLA NURRAMADHANI | D30: P | AD30: 94576750 | AE30: NAURA SYAWALIA AZMI | AF30: 85.02 | AG30: F | AH30: P | AK30: 0095576452 / 15182 | AL30: NAYLA NAZHIRANUHA | AM30: P | AN30: X.H
A31: 22 | B31: 0093300159 / 15176 | C31: NAURA ASTILA BELINDA | D31: P | AD31: 0091417231 | AE31: Nayaka Aulia Hariyanto | AF31: 88.34 | AG31: F | AH31: P | AK31: 0106124368 / 15186 | AL31: NENSI MELANI PUTRI | AM31: P | AN31: X.B
A32: 23 | B32: 0106124368 / 15186 | C32: NENSI MELANI PUTRI | D32: P | AD32: 0094659505 | AE32: NOVEL ALFIAN | AF32: 83.51 | AG32: F | AH32: L | AK32: 0106063120 / 15189 | AL32: NIKEISHA RAYYA SANDRICA | AM32: P | AN32: X.J
A33: 24 | B33: 0096501202 / 15193 | C33: NUR AFNI MARISA HENDRI | D33: P | AD33: 0109931684 | AE33: Raka Febrianto Chairul Putra | AF33: 86.81 | AG33: F | AH33: L | AK33: 0096501202 / 15193 | AL33: NUR AFNI MARISA HENDRI | AM33: P | AN33: X.E
A34: 26 | B34: 0095712895 / 15202 | C34: NURUS SAFIROTUR ROHMAH | D34: P | AD34: 101073797 | AE34: RIVA ARRIDHO MAULANA | AF34: 84.72 | AG34: F | AH34: L | AK34: 0095712895 / 15202 | AL34: NURUS SAFIROTUR ROHMAH | AM34: P | AN34: X.C
A35: 27 | B35: 0096041224 / 15219 | C35: RAKA TARUNA PERMANA | D35: L | AD35: 97996968 | AE35: SEPTIAN CAHYA RAMADHAN | AF35: 80.23 | AG35: F | AH35: L | AK35: 0096041224 / 15219 | AL35: RAKA TARUNA PERMANA | AM35: L | AN35: X.B
A36: 28 | B36: 0104297817 / 15223 | C36: RANINDEA PUTRI ARIFIN | D36: P | AD36: 92876045 | AE36: SEPTIAZHA BILQIST PUTRI LILYANA | AF36: 85.84 | AG36: F | AH36: P | AK36: 0104297817 / 15223 | AL36: RANINDEA PUTRI ARIFIN | AM36: P | AN36: X.I
A37: 29 | B37: 0107810106 / 15225 | C37: RATIH PRATIDINA ISHAK | D37: P | AD37: 106287537 | AE37: SERLIN MARWAH AYUNINGTYAS | AF37: 83.93 | AG37: F | AH37: P | AK37: 0107810106 / 15225 | AL37: Ratih Pratidina Ishak | AM37: P | AN37: X.J
A38: 30 | B38: 0109273017 / 15226 | C38: RATNADEWATI FREDLINA PUTRI | D38: P | AD38: 0102160338 | AE38: Walidatul Istianah Mannan | AF38: 88.34 | AG38: F | AH38: P | AK38: 0109273017 / 15226 | AL38: Ratnadewati Fredlina Putri | AM38: P | AN38: X.H
A39: 31 | B39: 0098500710 / 15239 | C39: ROFIENDRA ZACKY AHMAD | D39: L | AD39: 0107029603 | AE39: Wilbert Wang | AF39: 87.57 | AG39: F | AH39: L | AK39: 0098500710 / 15239 | AL39: ROFIENDRA ZACKY AHMAD | AM39: L | AN39: X.B
A40: 32 | B40: 0103816414 / 15242 | C40: ROZITA AMALINA DINI | D40: P | AD40: 0101495303 | AE40: WILDA FAGARINA | AF40: 82.58 | AG40: F | AH40: P | AK40: 0103816414 / 15242 | AL40: ROZITA AMALINA DINI | AM40: P | AN40: X.E
A41: 33 | B41: 0106287537 / 15255 | C41: SERLIN MARWAH AYUNINGTYAS | D41: P | AD41: 97549501 | AE41: YORIS APRILIA NINGTYAS | AF41: 86.15 | AG41: F | AH41: P
A42: 34 | B42: 0096046595 / 15270 | C42: SYAFANIA KIRANA PUTRI S. | D42: P | AD42: 0098425168 | AE42: ZAHRA NURANI FARIZA | AF42: 83.18 | AG42: F | AH42: P | AK42: 0106287537 / 15255 | AL42: SERLIN MARWAH AYUNINGTYAS | AM42: P | AN42: X.F
A43: 35 | B43: 0096659826 / 15276 | C43: SYIRIN | D43: P | AD43: 0098138581 | AE43: ZATRYA WAHYU PRATAMA | AF43: 90.11 | AG43: F | AH43: L | AK43: 0096046595 / 15270 | AL43: SYAFANIA KIRANA PUTRI S. | AM43: P | AN43: X.B
A44: 25 | B44: 0107029603 / 15287 | C44: WILBERT WANG | D44: L | AK44: 0107029603 / 15287 | AL44: Wilbert Wang | AM44: L | AN44: X.F
A45: 36 | B45: 0099410638 / 15297 | C45: ZALFA AULIA GAMILA | D45: P | AK45: 0099410638 / 15297 | AL45: ZALFA AULIA GAMILA | AM45: P | AN45: X.B
A46: Paraf | C46: L : | D46: =COUNTIFS($D$10:$D$45,"L") -> 8
A47: Guru | C47: P : | D47: =COUNTIFS($D$10:$D$45,"P") -> 28
D48: =D46+D47 -> 36

Sheet XI-C
A4: Tahun Pelajaran 2026 / 2027
A7: No | B7: NISN/ NIS | C7: Nama Siswa | D7: L/P | E7: Wali Kelas : | H7: RIZKY SAPUTRA MARIYONO, M.Pd | S7: NIP : | U7: 199403262025211098
E8: Tanggal
A10: 1 | B10: 0106246139 / 14963 | C10: AHMAD NAJIBUL KHAIR | D10: L | AD10: 93002126 | AE10: AHMAD GHATAN AS SALAFI | AF10: 83.92 | AG10: G | AH10: L | AK10: 1 | AL10: 0106246139 / 14963 | AM10: Ahmad Najibul Khair | AN10: L
A11: 2 | B11: 0095982980 / 14965 | C11: AHMAD RAYHAN WICAKSONO | D11: L | AD11: 0095982980 | AE11: Ahmad Rayhan Wicaksono | AF11: 88.32 | AG11: G | AH11: L | AK11: 2 | AL11: 0095982980 / 14965 | AM11: Ahmad Rayhan Wicaksono | AN11: L
A12: 3 | B12: 0106042238 / 15011 | C12: AURA PRIYA GANGGA PRAKUSYA | D12: P | AD12: 0091486816 | AE12: ALIYYA WAHYU SHOFIYANI | AF12: 86.61 | AG12: G | AH12: P | AK12: 3 | AL12: 0106042238 / 15011 | AM12: AURA PRIYA GANGGA PRAKUSYA | AN12: P
A13: 4 | B13: 0101272695 / 15014 | C13: AURELIA FIRMANSYAH | D13: P | AD13: 0099550894 | AE13: ALMIRAH DISTI NAURA | AF13: 86.52 | AG13: G | AH13: P | AK13: 4 | AL13: 0101272695 / 15014 | AM13: AURELIA FIRMANSYAH | AN13: P
A14: 5 | B14: 0097582178 / 15029 | C14: BARA PRAMUDYA PUTRA NUGRAHA | D14: L | AD14: 0093742373 | AE14: ALVINA NIKMATUR RAIFA | AF14: 86.58 | AG14: G | AH14: P | AK14: 5 | AL14: 0094840732 / 15039 | AM14: Cantika Safitri Wijayanti | AN14: P
A15: 6 | B15: 0094840732 / 15039 | C15: CANTIKA SAFITRI WIJAYANTI | D15: P | AD15: 97551688 | AE15: AR RASYA YAHYA HUDAYA | AF15: 81.98 | AG15: G | AH15: L | AK15: 6 | AL15: 0098060781 / 15049 | AM15: DHIYA SYAHIRA ATIKA RIZKY | AN15: P
A16: 7 | B16: 0098060781 / 15049 | C16: DHIYA SYAHIRA ATIKA RIZKY | D16: P | AD16: 106587992 | AE16: ASYRAF ABDILLAH MOHALLIS | AF16: 80.17 | AG16: G | AH16: L | AK16: 7 | AL16: 0096480979 / 15067 | AM16: FIQRI ZULKIFLI ROFIQIN SYAH | AN16: L
A17: 8 | B17: 0096480979 / 15067 | C17: FIQRI ZULKIFLI ROFIQIN SYAH | D17: L | AD17: 0094556159 | AE17: AUFA NADHIF | AF17: 89.43 | AG17: G | AH17: L | AK17: 8 | AL17: 0102498373 / 15068 | AM17: FIRSYA RAMANSYAH PUTRI R | AN17: P
A18: 9 | B18: 0103741538 / 15073 | C18: GEVAN DANIEL APRADINATA | D18: L | AD18: 109396702 | AE18: AULIA KASIH MAULIDATURROHMAH | AF18: 83.2 | AG18: G | AH18: P | AK18: 9 | AL18: 0103741538 / 15073 | AM18: Gevan Daniel Apradinata | AN18: L
A19: 10 | B19: 0105049596 / 15075 | C19: HAFIZA HUMAIRA WACHDIN | D19: P | AD19: 0105465852 | AE19: BALQIS KIRANA LARASATI | AF19: 89.26 | AG19: G | AH19: P | AK19: 10 | AL19: 0105049596 / 15075 | AM19: HAFIZA HUMAIRA WACHDIN | AN19: P
A20: 11 | B20: 0099405271 / 15076 | C20: HARYA PANDU ELYANTA PIO | D20: L | AD20: 0107129633 | AE20: CHIKA NANDA FEBRIO | AF20: 86.92 | AG20: G | AH20: P | AK20: 11 | AL20: 0099405271 / 15076 | AM20: HARYA PANDU ELYANTA PIO | AN20: L
A21: 12 | B21: 0108325753 / 15085 | C21: INDAH MAULIDIYA | D21: P | AD21: 0106425839 | AE21: DEWI ARDHANARESWARI P | AF21: 87.56 | AG21: G | AH21: P | AK21: 12 | AL21: 0108325753 / 15085 | AM21: INDAH MAULIDIYA | AN21: P
A22: 13 | B22: 0094023023 / 15091 | C22: IVA NUR AULYANA REZA | D22: P | AD22: 91699738 | AE22: EKA SUSANTI | AF22: 84.27 | AG22: G | AH22: P | AK22: 13 | AL22: 0094023023 / 15091 | AM22: IVA NUR AULYANA REZA | AN22: P
A23: 14 | B23: 0092041781 / 15106 | C23: KHANZA HUMAIRA AZZAHWA | D23: P | AD23: 0094950484 | AE23: Enza Sabrina Heryanto | AF23: 84.11 | AG23: G | AH23: P | AK23: 14 | AL23: 0092041781 / 15106 | AM23: KHANZA HUMAIRA AZZAHWA | AN23: P
A24: 15 | B24: 0094213234 / 15120 | C24: MARSYA YULIA PUTRI | D24: P | AD24: 0096040095 | AE24: Finza Ayu Gusti Arini Putri S | AF24: 86.78 | AG24: G | AH24: P | AK24: 15 | AL24: 0094213234 / 15120 | AM24: Marsya Yulia Putri | AN24: P
A25: 16 | B25: 0109850534 / 15122 | C25: MAULANI CHAIMI MOCHSIM | D25: P | AD25: 104756008 | AE25: GESTA NOVANDA PUTRA GS | AF25: 82.01 | AG25: G | AH25: L | AK25: 16 | AL25: 0109850534 / 15122 | AM25: MAULANI CHAIMI MOCHSIM | AN25: P
A26: 17 | B26: 0106391246 / 15123 | C26: MAULIDYA DWI MAHARANI | D26: P | AD26: 0094505361 | AE26: HUMAIRA INDA NALA ZULFA | AF26: 84.87 | AG26: G | AH26: P | AK26: 17 | AL26: 0106391246 / 15123 | AM26: MAULIDYA DWI MAHARANI | AN26: P
A27: 18 | B27: 0099668691 / 15127 | C27: MILDY PRIO RUBIANTO | D27: L | AD27: 0092118447 | AE27: Indah Mailatus Syafa | AF27: 87.66 | AG27: G | AH27: P | AK27: 18 | AL27: 0099668691 / 15127 | AM27: MILDY PRIO RUBIANTO | AN27: L
A28: 19 | B28: 0093877127 / 15133 | C28: MOH. GILANG ERLANGGA | D28: L | AD28: 0093953878 | AE28: KHANSA VITA HARIJATNO | AF28: 83.51 | AG28: G | AH28: P | AK28: 19 | AL28: 0093877127 / 15133 | AM28: Moh. Gilang Erlangga | AN28: L
A29: 20 | B29: 0098777177 / 15140 | C29: MOH. RIFAL UKROMULLAH | D29: L | AD29: 94683167 | AE29: LADY HARI KHADIJAH | AF29: 84.61 | AG29: G | AH29: P | AK29: 20 | AL29: 0098777177 / 15140 | AM29: MOH. RIFAL UKROMULLAH | AN29: L
A30: 21 | B30: 0101099158 / 15152 | C30: MOHAMMAD ULUL AZMI | D30: L | AD30: 0109850534 | AE30: MAULANI CHAIMI MOCHSIM | AF30: 90.11 | AG30: G | AH30: P | AK30: 21 | AL30: 0101099158 / 15152 | AM30: MOHAMMAD ULUL AZMI | AN30: L
A31: 22 | B31: 0108486609 / 15158 | C31: MUSDALIFAH | D31: P | AD31: 0101141245 | AE31: NAJMIA ISNAINI APRILIA | AF31: 87.33 | AG31: G | AH31: P | AK31: 22 | AL31: 0108486609 / 15158 | AM31: MUSDALIFAH | AN31: P
A32: 23 | B32: 0096593023 / 15179 | C32: NAUREHAL PASAI | D32: P | AD32: 0099599176 | AE32: NURIL AKMAL FIRDAUS | AF32: 88.34 | AG32: G | AH32: L | AK32: 23 | AL32: 0096593023 / 15179 | AM32: NAUREHAL PASAI | AN32: P
A33: 24 | B33: 3098293614 / 15185 | C33: NAZWA NURAISYAH | D33: P | AD33: 95654087 | AE33: PUTRI AGUSTINA MAHARDIKA | AF33: 85.81 | AG33: G | AH33: P | AK33: 24 | AL33: 3098293614 / 15185 | AM33: NAZWA NURAISYAH | AN33: P
A34: 25 | B34: 0105111329 / 15187 | C34: NESYALIENA ALIFIA RASYIDI | D34: P | AD34: 104164486 | AE34: Rafi Adi Cahyono | AF34: 86.12 | AG34: G | AH34: L | AK34: 25 | AL34: 0105111329 / 15187 | AM34: NESYALIENA ALIFIA RASYIDI | AN34: P
A35: 26 | B35: 0106880225 / 15198 | C35: NUR ZAHIRA ANSORULLAH | D35: P | AD35: 102676748 | AE35: Rameyza Chayyira | AF35: 84.97 | AG35: G | AH35: P | AK35: 26 | AL35: 0106880225 / 15198 | AM35: NUR ZAHIRA ANSORULLAH | AN35: P
A36: 27 | B36: 0099202101 / 15203 | C36: OKTAVIA AYU NINGTIYAS | D36: P | AD36: 0098990180 | AE36: RChelsyana Ramadhani J | AF36: 87.83 | AG36: G | AH36: P | AJ36: ada di nomor29 | AK36: 27 | AL36: 0099202101 / 15203 | AM36: OKTAVIA AYU NINGTIYAS | AN36: P
A37: 28 | B37: 0097120646 / 15211 | C37: RACHMANISYA APRILYA | D37: P | AD37: 94577372 | AE37: RIO INDRA PRATAMA | AF37: 83.68 | AG37: G | AH37: L | AJ37: rolling ke no 27 | AK37: 28 | AL37: 0097120646 / 15211 | AM37: RACHMANISYA APRILYA | AN37: P
A38: 29 | B38: 0107040234 / 15227 | C38: RATU KAYYISAH YAMANIYYAH BUDIARTA | D38: P | AD38: 0102393499 | AE38: RONA BARIZAH NAFISAH SALSABILA | AF38: 87.41 | AG38: G | AH38: P | AK38: 29 | AL38: 0107040234 / 15227 | AM38: RATU KAYYISAH YAMANIYYAH BUDIARTA | AN38: P
A39: 30 | B39: 0094493950 / 15258 | C39: SHAFIRA HAMID | D39: P | AD39: 0109277278 | AE39: SAFA NUR AQILAH RAHMAN | AF39: 86.98 | AG39: G | AH39: P | AK39: 30 | AL39: 0094493950 / 15258 | AM39: SHAFIRA HAMID | AN39: P
A40: 31 | B40: 0093872317 / 15261 | C40: SHANDHY AULIYA LESTARY | D40: P | AD40: 0092933531 | AE40: SALWA RAHMA MYLINDA | AF40: 83.17 | AG40: G | AH40: P | AK40: 31 | AL40: 0093872317 / 15261 | AM40: SHANDHY AULIYA LESTARY | AN40: P
A41: 32 | B41: 0096615983 / 15265 | C41: SITTI SHOFIA | D41: P | AD41: 0093872317 | AE41: SHANDHY AULIYA LESTARY | AF41: 82.57 | AG41: G | AH41: P | AK41: 32 | AL41: 0096615983 / 15265 | AM41: SITTI SHOFIA | AN41: P
A42: 33 | B42: 0096256266 / 15267 | C42: SURYA DAFFA MAHARDHIKA ALY | D42: L | AL42: 0096256266 / 15267 | AM42: SURYA DAFFA MAHARDHIKA ALY | AN42: L
A43: 34 | B43: 0108382917 / 15272 | C43: SYARIFATUL AISYAH | D43: P | AL43: 0108382917 / 15272 | AM43: SYARIFATUL AISYAH | AN43: P
A44: 35 | B44: 0101166292 / 15281 | C44: UKHTI FARATINA NUR AFINY | D44: P | AD44: 0103239495 | AE44: SULTAN KAFA RASTRA SUGIANTO | AF44: 86.06 | AG44: G | AH44: L | AK44: 33 | AL44: 0101166292 / 15281 | AM44: UKHTI FARATINA NUR AFINY | AN44: P
A45: 36 | B45: 0103002672 / 15292 | C45: YUSRIZAL TAUFIQ ABDILLAH | D45: L | AD45: 0091987933 | AE45: WILDA AFRILIA | AF45: 85.63 | AG45: G | AH45: P | AK45: 34 | AL45: 0103002672 / 15292 | AM45: YUSRIZAL TAUFIQ ABDILLAH | AN45: L
B46: Paraf | C46: L : | D46: =COUNTIFS($D$10:$D$45,"L") -> 12
B47: Guru | C47: P : | D47: =COUNTIFS($D$10:$D$45,"P") -> 24
D48: =D46+D47 -> 36

Sheet XI-D
A4: Tahun Pelajaran 2026 / 2027
A7: No | B7: NISN / NIS | C7: Nama Siswa | D7: L/P | E7: Wali Kelas : | H7: RACHMI SYAFARIN, S.Pd | S7: NIP : | U7: 1.9720407e+17
E8: Tanggal
AC9: 8
A10: 1 | B10: 0103387807 / 14955 | C10: ACHMAD WILDAN CAHYA SANUBARI | D10: L | AE10: 0099058533 | AF10: ACH ALFIANSYA SEPTEO RAMADHANI | AG10: 86.92 | AH10: H | AI10: L
A11: 2 | B11: 0101733365 / 14958 | C11: AGUNG MULYA PRATAMA | D11: L | AE11: 0102988393 | AF11: ALFINA DIAH ANGGRAINI | AG11: 87.38 | AH11: H | AI11: P
A12: 3 | B12: 0106556562 / 14962 | C12: AHMAD KUSWANDI | D12: L | AE12: 94851511 | AF12: ALI RIDHO FATHORRAHMAN | AG12: 81.88 | AH12: H | AI12: L
A13: 4 | B13: 0108003625 / 14967 | C13: AINUR FADYLA | D13: P | AE13: 0109410681 | AF13: ARLKA WISNU WARDANA | AG13: 86.53 | AH13: H | AI13: L
A14: 5 | B14: 0102964984 / 14971 | C14: ALDAFA ZACKY AGUSTIAN | D14: L | AE14: 0095005653 | AF14: AULIYATUL RAZNI AMALIYA | AG14: 897.59 | AH14: H | AI14: P
A15: 6 | B15: 0094851511 / 14975 | C15: ALI RIDHO FATHORRAHMAN | D15: L | AE15: 105174754 | AF15: AURELIA RAISSA APRIANDYTA | AG15: 83.9 | AH15: H | AI15: P
A16: 7 | B16: 0097551688 / 14992 | C16: AR RASYA YAHYA HUDAYA | D16: L | AE16: 0102322274 | AF16: AYU RIZKI PUJI LESTARI | AG16: 86.76 | AH16: H | AI16: P
A17: 8 | B17: 0107357333 / 15006 | C17: AULIA DIKKRI SHAFIALLAH | D17: L | AE17: 0092822070 | AF17: AZARINE BELVINA WAHYUDI | AG17: 87.64 | AH17: H | AI17: P
A18: 9 | B18: 0098648934 / 15017 | C18: AURYN NUR ANABELA | D18: P | AE18: 0099364614 | AF18: Azriel Sabilillah Arkana | AG18: 88.85 | AH18: H | AI18: L
A19: 10 | B19: 0093003989 / 15026 | C19: AZZAHRA ARIF DAMAYANTI | D19: P | AE19: 0105382139 | AF19: Bilqis Fathiya Martha D | AG19: 88.14 | AH19: H | AI19: P
A20: 11 | B20: 0096559029 / 15037 | C20: CAMILIA LUQYANA ZULFA | D20: P | AE20: 96559029 | AF20: CAMILIA LUQYANA ZULFA | AG20: 84.26 | AH20: H | AI20: P
A21: 12 | B21: 0093782050 / 15048 | C21: DHAFINA PUTRI ARIFIN | D21: P | AE21: 0096183358 | AF21: EKA PUTRI INDAH AYU LESTARI | AG21: 85.50 | AH21: H | AI21: P
A22: 13 | B22: 0109089490 / 15050 | C22: DIAH KANZA NAILA | D22: P | AE22: 0109363761 | AF22: Fakhira Maulida Algifari | AG22: 86.48 | AH22: H | AI22: P
A23: 14 | B23: 0091699738 / 15055 | C23: EKA SUSANTI | D23: P | AE23: 103496356 | AF23: HUGA ZAMRONI AJI | AG23: 86.1 | AH23: H | AI23: L
A24: 15 | B24: 0091889511 / 15057 | C24: ERINA BALQIS SABITA | D24: P
A25: 16 | B25: 0095217817 / 15077 | C25: HASNA ALGHINA RACHMAN | D25: P | AE25: 98243995 | AF25: INTAN NOVI DWIARINI | AG25: 84.92 | AH25: H | AI25: P
A26: 17 | B26: 0092118447 / 15084 | C26: INDAH MAILATUS SYAFA | D26: P | AE26: 94023023 | AF26: IVA NUR AULYANA REZA | AG26: 83.65 | AH26: H | AI26: P
A27: 18 | B27: 0104825564 / 15099 | C27: KEVIN PUTRA NIRWANA | D27: L | AE27: 0108350178 | AF27: JANUAR RAFI GUNAWAN | AG27: 86.97 | AH27: H | AI27: L
A28: 19 | B28: 0095739171 / 15100 | C28: KEYRANI LARASATI NINGRUM | D28: P | AE28: 0092041781 | AF28: KHANZA HUMAIRA AZZAHWA | AG28: 88.29 | AH28: H | AI28: P
A29: 20 | B29: 0093300658 / 15101 | C29: KHAIRIL FIRDAUS ALFARISI | D29: L | AE29: 0101240753 | AF29: M SAFARIL IDHOM | AG29: 87.32 | AH29: H | AI29: L
A30: 21 | B30: 0093953878 / 15105 | C30: KHANSA VITA HARIJATNO | D30: P | AE30: 106391246 | AF30: MAULIDYA DWI MAHARANI | AG30: 83.18 | AH30: H | AI30: P
A31: 22 | B31: 0099738844 / 15141 | C31: MOH. SAHLAN | D31: L | AE31: 0107399996 | AF31: MOH BAGUS AKBAR | AG31: 83.14 | AH31: H | AI31: L
A32: 23 | B32: 0106779710 / 15144 | C32: MOH. ZULFIKAR MASA BAKTI | D32: L | AE32: 0098021802 | AF32: MOH RAFI NUR HIDAYAT | AG32: 82.47 | AH32: H | AI32: L
A33: 24 | B33: 0098735792 / 15153 | C33: MUH. ARJUNA RIFQI OKTAVIAN | D33: L | AE33: 108486609 | AF33: MUSDALIFAH | AG33: 81.84 | AH33: H | AI33: P
A34: 25 | B34: 0098252155 / 15154 | C34: MUHAMMAD AFDHAN SYAQURO | D34: L | AE34: 0097758689 | AF34: NABILA OKTAVIANI REFTI | AG34: 83.45 | AH34: H | AI34: P
A35: 26 | B35: 0106600416 / 15163 | C35: NADHIFIA AZZAHRA ANUGRAINI | D35: P | AE35: 0095576452 | AF35: NAYLA NAZHIRANUHA | AG35: 89.18 | AH35: H | AI35: P
A36: 27 | B36: 0093307160 / 15181 | C36: NAYLA KHANZA SYAZTIAN | D36: P | AE36: 0105111329 | AF36: NESYALIENA ALIFIA RASYIDI | AG36: 86.06 | AH36: H | AI36: P
A37: 28 | B37: 0094659505 / 15192 | C37: NOVEL ALFIAN | D37: L | AE37: 0107213872 | AF37: NURIN ALAMSYAH | AG37: 86.6 | AH37: H | AI37: P
A38: 29 | B38: 0094577372 / 15235 | C38: RIO INDRA PRATAMA | D38: L | AE38: 0109273017 | AF38: Ratnadewati Fredlina Putri | AG38: 84.05 | AH38: H | AI38: P
A39: 30 | B39: 0106201622 / 15251 | C39: SATRIA ZETA PUTRA ARDYANZAH | D39: L | AE39: 0108858362 | AF39: REZA ACHMAD PASHA ISLAMI | AG39: 87.79 | AH39: H | AI39: L
A40: 31 | B40: 0099585326 / 15252 | C40: SEPTIA RAMADINA NURSYAMSI | D40: P | AE40: 94493950 | AF40: SHAFIRA HAMID | AG40: 84.61 | AH40: H | AI40: P
A41: 32 | B41: 0102316553 / 15274 | C41: SYIFA ATI RATNADUHITA WIJAYANTI | D41: P | AE41: 97450728 | AF41: SYIFA ANISATUL AMALIYA | AG41: 85.62 | AH41: H | AI41: P
A42: 33 | B42: 0108698195 / 15278 | C42: TANTRA AUFAREZKA MULIAWAN | D42: L
A43: 34 | B43: 0104446871 / 15279 | C43: TRIANA AYU DIYA SAFITRI | D43: P
A44: 35 | B44: 0102160338 / 15285 | C44: WALIDATUL ISTI'ANAH MANNAN | D44: P | AE44: 0108074622 | AF44: VINDYANA INDIRA OCTAVIA | AG44: 87.55 | AH44: H | AI44: P
A45: 36 | B45: 0108323553 / 15290 | C45: WIRA REDIKA PRATAMA | D45: L | AE45: 108323553 | AF45: WIRA REDIKA PRATAMA | AG45: 80.15 | AH45: H | AI45: L
B46: Paraf | C46: L : | D46: =COUNTIFS($D$10:$D$45,"L") -> 18
B47: Guru | C47: P : | D47: =COUNTIFS($D$10:$D$45,"P") -> 18
D48: =D46+D47 -> 36

Sheet XI-E
A4: Tahun Pelajaran 2026 / 2027
A7: No | B7: NISN / NIS | C7: Nama Siswa | D7: L/P | E7: Wali Kelas : | H7: MISNADI, S.Pd.I | S7: NIP : | U7: 197310012024211002
E8: Tanggal
AC9: 8
A10: 1 | B10: 0101958421 / 14970 | C10: AKBAR MAULANA | D10: L | AE10: 95345053 | AF10: AHMAD FAHRI | AG10: 84.24 | AH10: I | AI10: L
A11: 2 | B11: 0104665288 / 14995 | C11: ARSYA DAYU AZAHRA | D11: P | AE11: 0106556562 | AF11: AHMAD KUSWANDI | AG11: 86.47 | AH11: I | AI11: L
A12: 3 | B12: 0101774043 / 14996 | C12: ARTI QURROTUL HASANAH | D12: P | AE12: 108003625 | AF12: AINUR FADYLA | AG12: 83.59 | AH12: I | AI12: P
A13: 4 | B13: 0106587992 / 15001 | C13: ASYRAF ABDILLAH MOHALLIS | D13: L | AE13: 99897605 | AF13: ALYSA TUNGGA PRATIWI | AG13: 81.73 | AH13: I | AI13: P
A14: 5 | B14: 0095911412 / 15031 | C14: BERLIAN CALLISTA MAHERA | D14: P | AE14: 94292240 | AF14: ANIN WIDIA PUTRI | AG14: 84.56 | AH14: I | AI14: P
A15: 6 | B15: 0092553825 / 15045 | C15: DESWITA PUTRI DAYANTI | D15: P | AE15: 0103293275 | AF15: ASHYLA NURI ADISTY | AG15: 87.75 | AH15: I | AI15: P
A16: 7 | B16: 0096040095 / 15066 | C16: FINZA AYU GUSTI ARINI PUTRI S | D16: P | AE16: 0096329996 | AF16: AULIA AGUSTINING TIYAS SUMANTRI | AG16: 82.31 | AH16: I | AI16: P
A17: 8 | B17: 0102498373 / 15068 | C17: FIRSYA RAMANSYAH PUTRI R | D17: P | AE17: 0098345910 | AF17: Aura Suci Ramadhani | AG17: 88.16 | AH17: I | AI17: P
A18: 9 | B18: 0094505361 / 15080 | C18: HUMAIRA INDA NALA ZULFA | D18: P | AE18: 0093756454 | AF18: DENIEL CAHYA RAHMAN PRATAMA | AG18: 86.74 | AH18: I | AI18: L
A19: 10 | B19: 0094683167 / 15108 | C19: LADY HARI KHADIJAH | D19: P | AE19: 0102661592 | AF19: FAKHIRA INAS | AG19: 87.53 | AH19: I | AI19: P
A20: 11 | B20: 0101240753 / 15116 | C20: M. SAFARIL IDHOM | D20: L | AE20: 103019259 | AF20: Fathan Athaya Infaner | AG20: 86.08 | AH20: I | AI20: L
A21: 12 | B21: 0093620132 / 15125 | C21: MIERELDA VIRGINIA UTAMI | D21: P | AE21: 0096480979 | AF21: FIQRI ZULKIFLI ROFIQIN SYAH | AG21: 88.14 | AH21: I | AI21: L
A22: 13 | B22: 0097013302 / 15143 | C22: MOH YARDAN XAFIER | D22: L | AE22: 0098686172 | AF22: FRISKA AULIA PUTRI | AG22: 86.96 | AH22: I | AI22: P
A23: 14 | B23: 0091890772 / 15146 | C23: MOHAMMAD AKHDAN MAULADI | D23: L | AE23: 107815195 | AF23: HASSYA KANAYA TSABITAH | AG23: 84.83 | AH23: I | AI23: P
A24: 15 | B24: 0105787747 / 15148 | C24: MOHAMMAD HASAN | D24: L | AE24: 0091308783 | AF24: IZZA AULIA SHOFI | AG24: 83.91 | AH24: I | AI24: P
A25: 16 | B25: 0101141245 / 15169 | C25: NAJMIA ISNAINI APRILIA | D25: L | AE25: 0109462096 | AF25: KHANSA APRILIA FILZAH | AG25: 89.97 | AH25: I | AI25: P
A26: 17 | B26: 0094576750 / 15177 | C26: NAURA SYAWALIA AZMI | D26: P | AE26: 3093760747 | AF26: LAILA FITRIANA ALIMI | AG26: 83.13 | AH26: I | AI26: P
A27: 18 | B27: 0093601353 / 15194 | C27: NUR ARINI ISLAWATI | D27: P | AE27: 0096310303 | AF27: LAILY RIZQIYATIN EFENDY | AG27: 87.62 | AH27: I | AI27: P
A28: 19 | B28: 0099599176 / 15200 | C28: NURIL AKMAL FIRDAUS | D28: P | AE28: 0094213234 | AF28: Marsya Yulia Putri | AG28: 85.45 | AH28: I | AI28: P
A29: 20 | B29: 3093378753 / 15209 | C29: QUINSHA MEISITA RUBIANTI | D29: L | AE29: 109430323 | AF29: MOH MAULANA IBRAHIM | AG29: 83.16 | AH29: I | AI29: L
A30: 21 | B30: 0094523803 / 15210 | C30: QURRATUL AINI ANNISAK | D30: P | AE30: 0094399729 | AF30: Moh Refan Daniyal Arif | AG30: 89.12 | AH30: I | AI30: L
A31: 22 | B31: 0108722965 / | C31: RAFI NUR RAHMAN | D31: L | AE31: 0094332428 | AF31: MOHAMMAD AQIL RAYHAN AL ARIF | AG31: 88.85 | AH31: I | AI31: L
A32: 23 | B32: 0105266191 / 15215 | C32: RAFIIF 'ALLAAM AS-SARIY | D32: P | AE32: 105787747 | AF32: Mohammad Hasan | AG32: 80.95 | AH32: I | AI32: L
A33: 24 | B33: 0095784779 / 15216 | C33: RAIHAN AZZAMI PUTRA ARMANDA | D33: L | AE33: 0101068410 | AF33: MOHAMMAD RAMA ADITYA PRATAMA | AG33: 86.58 | AH33: I | AI33: L
A34: 25 | B34: 0109931684 / 15218 | C34: RAKA FEBRIANTO CHAIRUL PUTRA | D34: L | AE34: 0099087085 | AF34: Mohammad Reza Prayoga | AG34: 84.71 | AH34: I | AI34: L
A35: 26 | B35: 0102676748 / 15220 | C35: RAMEYZA CHAYYIRA | D35: P | AE35: 0099801880 | AF35: Nabily Rizky Rahmadani | AG35: 86.91 | AH35: I | AI35: L
A36: 27 | B36: 0102393499 / 15240 | C36: RONA BARIZAH NAFISAH SALSABILA | D36: P | AE36: 0106844824 | AF36: ORIBEL ALMIRA AZ ZAHRA | AG36: 87.37 | AH36: I | AI36: P
A37: 28 | B37: 0105010332 / 15249 | C37: SAFRINA MADELIA IMTIAZ | D37: P | AE37: 0094523803 | AF37: QURRATUL AINI ANNISAK | AG37: 86.51 | AH37: I | AI37: P
A38: 29 | B38: 0092933531 / 15250 | C38: SALWA RAHMA MYLINDA | D38: P | AE38: 97120646 | AF38: RACHMANISYA APRILYA | AG38: 85.43 | AH38: I | AI38: P
A39: 30 | B39: 0097996968 / 15253 | C39: SEPTIAN CAHYA RAMADHAN | D39: L | AE39: 0104297817 | AF39: RANINDEA PUTRI ARIFIN | AG39: 87.28 | AH39: I | AI39: P
A40: 31 | B40: 0101345533 / 15263 | C40: SILVINA APRILIANI | D40: P | AE40: 0097533193 | AF40: RANITA DWI CAHYANI | AG40: 86.00 | AH40: I | AI40: P
A41: 32 | B41: 0102567048 / 15271 | C41: SYAHDIENDA MEIZYRA MASKUR | D41: P | AE41: 0105010332 | AF41: SAFRINA MADELIA IMTIAZ | AG41: 83.44 | AH41: I | AI41: P
A42: 33 | B42: 0092880263 / 15275 | C42: SYIFA NURFADHILA RAMADHANI | D42: P
A43: 34 | B43: 0106598961 / 15277 | C43: TALITA LUQYANA AISYAH | D43: P
A44: 35 | B44: 0091987933 / 15288 | C44: WILDA AFRILIA | D44: P | AE44: 106201622 | AF44: SATRIA ZETA PUTRA ARDYANZAH | AG44: 80.06 | AH44: I | AI44: P
A45: 36 | B45: 0091060910 / 15298 | C45: ZARQA SYAFIQ ZIMRANI | D45: P
B46: Paraf | C46: L : | D46: =COUNTIFS($D$10:$D$45,"L") -> 12
B47: Guru | C47: P : | D47: =COUNTIFS($D$10:$D$45,"P") -> 24
D48: =D46+D47 -> 36

Sheet XI-F
A4: Tahun Pelajaran 2026 / 2027
A7: No | B7: NISN / NIS | C7: Nama Siswa | D7: L/P | E7: Wali Kelas : | H7: ABDULLAH ABBAS, S.Pd | S7: NIP : | U7: 199312192024211001
E8: Tanggal
AD9: 0106246139 | AE9: Ahmad Najibul Khair | AF9: 87.62 | AG9: J | AH9: L
A10: 1 | B10: 0107138272 / 14953 | C10: ACH. ILHAM ROFIQI | D10: L | AD10: 92945205 | AE10: Alissya Imaniar Ridho | AF10: 83.85 | AG10: J | AH10: P | AJ10: =UPPER(C10) -> ACH. ILHAM ROFIQI
A11: 2 | B11: 0095345053 / 14959 | C11: AHMAD FAHRI | D11: L | AD11: 0096939540 | AE11: ARISTA DWI SHABRINA | AF11: 86.51 | AG11: J | AH11: P | AJ11: =UPPER(C11) -> AHMAD FAHRI
A12: 3 | B12: 0092945205 / 14977 | C12: ALISSYA IMANIAR RIDHO | D12: P | AD12: 0101774043 | AE12: ARTI QURROTUL HASANAH | AF12: 83.39 | AG12: J | AH12: P | AJ12: =UPPER(C12) -> ALISSYA IMANIAR RIDHO
A13: 4 | B13: 0104805741 / 14990 | C13: APRILIA NURISTIGFARAH ARIFIN | D13: P | AD13: 0106042238 | AE13: AURA PRIYA GANGGA PRAKUSYA | AF13: 88.02 | AG13: J | AH13: L | AJ13: =UPPER(C13) -> APRILIA NURISTIGFARAH ARIFIN
A14: 5 | B14: 0103673401 / 15003 | C14: AUDREY BELVA PUTRI PURNAMA | D14: P | AD14: 0092924660 | AE14: BHAGAS TAQDIR RIFSYAHBANA | AF14: 83.91 | AG14: J | AH14: L | AJ14: =UPPER('XI-E'!C42) -> SYIFA NURFADHILA RAMADHANI
A15: 6 | B15: 0109396702 / 15007 | C15: AULIA KASIH MAULIDATURROHMAH | D15: P | AD15: 0091889511 | AE15: Erina Balqis Sabita | AF15: 88.94 | AG15: J | AH15: P | AJ15: =UPPER(C15) -> AULIA KASIH MAULIDATURROHMAH
A16: 7 | B16: 3102130692 / 15016 | C16: AURIZKIAN WIDAD ALIM PRANATA | D16: L | AD16: 0092986195 | AE16: Fieda Sari Nur Hidayah | AF16: 82.29 | AG16: J | AH16: P | AJ16: =UPPER(C16) -> AURIZKIAN WIDAD ALIM PRANATA
A17: 8 | B17: 0098967601 / 15020 | C17: AYUDITA SANTINOVA SETIAWAN | D17: P | AD17: 105049596 | AE17: HAFIZA HUMAIRA WACHDIN | AF17: 84.82 | AG17: J | AH17: P | AJ17: =UPPER(C17) -> AYUDITA SANTINOVA SETIAWAN
A18: 9 | B18: 0092564881 / 15063 | C18: FIKI PUTRA RAMADHON | D18: L | AD18: 92295934 | AE18: KHANSA NUR FARITA | AF18: 85.36 | AG18: J | AH18: P | AJ18: =UPPER(C18) -> FIKI PUTRA RAMADHON
A19: 10 | B19: 0097930617 / 15074 | C19: GUSTI SATRIO PRATAMA FAJAR | D19: L | AD19: 0105498897 | AE19: laura Nurmaulidatul Febriani | AF19: 84.70 | AG19: J | AH19: P | AJ19: =UPPER(C19) -> GUSTI SATRIO PRATAMA FAJAR
A20: 11 | B20: 0092101230 / 15107 | C20: KHARISMA SALSABILA IZZATI | D20: P | AD20: 99246425 | AE20: M GIBRAN OKTAVIANO TAHER | AF20: 79.49 | AG20: J | AH20: L | AJ20: =UPPER(C20) -> KHARISMA SALSABILA IZZATI
A21: 12 | B21: 0099246425 / 15115 | C21: M. GIBRAN OKTAVIANO TAHER | D21: L | AD21: 106819845 | AE21: M Zulfan Fahlevi | AF21: 86.06 | AG21: J | AH21: L | AJ21: =UPPER(C21) -> M. GIBRAN OKTAVIANO TAHER
A22: 13 | B22: 0106158006 / 15124 | C22: MEYSITA PUTRI YANTO | D22: P | AD22: 98777177 | AE22: MOH RIFAL UKROMULLAH | AF22: 80.83 | AG22: J | AH22: L | AJ22: =UPPER(C22) -> MEYSITA PUTRI YANTO
A23: 14 | B23: '0098021802 / 15138 | C23: MOH RAFI NUR HIDAYAT | D23: L | AD23: 0092469073 | AE23: MOH SYAFRUDIN SYAFRI AZIZ | AF23: 87.24 | AG23: J | AH23: L | AJ23: =UPPER(C23) -> MOH RAFI NUR HIDAYAT
A24: 15 | B24: 0107743638 / 15136 | C24: MOH. NAZRUL PRAMANA | D24: L | AD24: 93475325 | AE24: MUHAMMAD ROYHAN ABRORI | AF24: 84.21 | AG24: J | AH24: L | AJ24: =UPPER(C24) -> MOH. NAZRUL PRAMANA
A25: 16 | B25: 0092249058 / 15155 | C25: MUHAMMAD JAVIER AL QORNI | D25: L | AD25: 0097537767 | AE25: Najwa Malaika Nur Shafa | AF25: 86.00 | AG25: J | AH25: P | AJ25: =UPPER(C25) -> MUHAMMAD JAVIER AL QORNI
A26: 17 | B26: 0104230146 / 15156 | C26: MUHAMMAD KHAN | D26: L | AD26: 0108261287 | AE26: NASYWA | AF26: 88.09 | AG26: J | AH26: P | AJ26: =UPPER('XI-F'!C14) -> AUDREY BELVA PUTRI PURNAMA
A27: 18 | B27: 0096668989 / 15162 | C27: NADA SYAHRIA THALLIB | D27: P | AD27: 93307160 | AE27: Nayla Khanza Syaztian | AF27: 83.54 | AG27: J | AH27: P | AJ27: =UPPER(C27) -> NADA SYAHRIA THALLIB
A28: 19 | B28: 0101346044 / | C28: NAJWA APRILIA FADILAH | D28: P | AD28: 0106063120 | AE28: NIKEISHA RAYYA SANDRICA | AF28: 86.58 | AG28: J | AH28: P | AJ28: =UPPER(C28) -> NAJWA APRILIA FADILAH
A29: 20 | B29: 0096561228 / 15178 | C29: NAURAH AMBAR LAILA | D29: P | AD29: 0115565645 | AE29: NURI JANUARITA PUTRI | AF29: 86.82 | AG29: J | AH29: P | AJ29: =UPPER(C29) -> NAURAH AMBAR LAILA
A30: 21 | B30: 0091793849 / 15191 | C30: NINDY SAFIRA MAHARANI | D30: P | AD30: 0101455019 | AE30: RAFA ALCANDER AZKARASHYA | AF30: 89.62 | AG30: J | AH30: L | AJ30: =UPPER(C30) -> NINDY SAFIRA MAHARANI
A31: 22 | B31: 0108367839 / 15213 | C31: RAFA SYAFRIYANDI | D31: L | AD31: 95784779 | AE31: RAIHAN AZZAMI PUTRA ARMANDA | AF31: 81.36 | AG31: J | AH31: L | AJ31: =UPPER(C31) -> RAFA SYAFRIYANDI
A32: 23 | B32: 0099080907 / 15222 | C32: RANIAH | D32: P | AD32: 0107810106 | AE32: Ratih Pratidina Ishak | AF32: 87.74 | AG32: J | AH32: L | AJ32: =UPPER('XI-B'!C44) -> WILBERT WANG
A33: 24 | B33: 0107171042 / 15230 | C33: RENITA TRIHAPSARI | D33: P | AD33: 0101227457 | AE33: REGINA KIRANA LARASATI | AF33: 88.85 | AG33: J | AH33: P | AJ33: =UPPER(C33) -> RENITA TRIHAPSARI
A34: 25 | B34: 0098974704 / 15234 | C34: REZKY RADHITYA RAMADHAN | D34: L | AD34: 0107171042 | AE34: RENITA TRIHAPSARI | AF34: 83.03 | AG34: J | AH34: P | AJ34: =UPPER(C34) -> REZKY RADHITYA RAMADHAN
A35: 26 | B35: 0094659446 / 15243 | C35: RUMANIA SALSABILA | D35: P | AD35: 0094658320 | AE35: REYHAN DWI PUTRA WAHYUDI | AF35: 86.74 | AG35: J | AH35: L | AJ35: =UPPER(C35) -> RUMANIA SALSABILA
A36: 27 | B36: 0097580240 / 15248 | C36: SAFITRI OKTAVIANI | D36: P | AD36: 0098974704 | AE36: REZKY RADHITYA RAMADHAN | AF36: 86.44 | AG36: J | AH36: P | AJ36: =UPPER(C36) -> SAFITRI OKTAVIANI
A37: 28 | B37: 0094963582 / 15268 | C37: SURYA HADI WIJAYA | D37: L | AD37: 3092351249 | AE37: SABRINA RAMADHANI | AF37: 87.36 | AG37: J | AH37: P | AJ37: =UPPER(C37) -> SURYA HADI WIJAYA
A38: 29 | B38: 0109726731 / | C38: TABRIZ CHELEBY RAYRAZIN | D38: L | AD38: 104393513 | AE38: SHAFA AQILAH WAHYUDI | AF38: 84.52 | AG38: J | AH38: L | AJ38: =UPPER(C38) -> TABRIZ CHELEBY RAYRAZIN
A39: 30 | B39: 0101495303 / 15289 | C39: WILDA FAGARINA | D39: P | AD39: 0106159891 | AE39: SHAKILA AYODYA | AF39: 86.95 | AG39: J | AH39: P | AJ39: =UPPER(C39) -> WILDA FAGARINA
A40: 31 | B40: 0097549501 / 15291 | C40: YORIS APRILIA NING TYAS | D40: P | AD40: 0102316553 | AE40: SYIFA ATI RATNADUHITA WIJAYANTI | AF40: 87.53 | AG40: J | AH40: P
A41: 32 | B41: 0095661548 / 15293 | C41: YUSUF ALVIS ABABIL | D41: L | AJ41: =UPPER(C41) -> YUSUF ALVIS ABABIL
A42: 33 | B42: 0103417543 / 15294 | C42: ZAHIERA YASMIN IMANI | D42: P | AJ42: =UPPER(C42) -> ZAHIERA YASMIN IMANI
A43: 34 | B43: 0093154478 / 15296 | C43: ZAKA PRAMADANI ABDILLAH | D43: L | AD43: 93154478 | AE43: ZAKA PRAMADANI ABDILLAH | AF43: 82.96 | AG43: J | AH43: L
B45: Paraf | C45: L : | D45: =COUNTIFS($D$10:$D$44,"L") -> 16
B46: Guru | C46: P : | D46: =COUNTIFS($D$10:$D$44,"P") -> 18
D47: =D45+D46 -> 34

Sheet Sheet3
A2: L | B2: ='XI-A1 '!D46+'XI-A2'!D46+'XI-A3'!D46+'XI-A4'!D46+'XI-A5'!D46+'XI-B'!D46+'XI-C'!D46+'XI-D'!D46+'XI-E'!D46+'XI-F'!D45 -> 128
A3: P | B3: ='XI-A1 '!D47+'XI-A2'!D47+'XI-A3'!D47+'XI-A4'!D47+'XI-A5'!D47+'XI-B'!D47+'XI-C'!D47+'XI-D'!D47+'XI-E'!D47+'XI-F'!D46 -> 230
B4: =SUM(B2:B3) -> 358

Sheet Sheet1
A1: AHMAD ALIEF MADANI
A2: AILSA SAHASIKA IRENE HAFIZHAH
A3: ALFA ADITYA MAHYUDIN
A4: ALVIONISA RESTU RANIASYAH
A5: ANINDITA SAYLA SAFIRA
A6: ARINI KHOIRUNNISA
A7: DENISHA FEBRIYANTI SANTOSO
A8: DESVITA INDRIANA SUKMAWATI
A9: DIVA TRI RUKMALA
A10: DWIANI NUR AULIA
A11: FADIA CAHYANI ALMUGHIRAH
A12: FAIRUSSYIFA IZZATI
... A356: ZALFA MAULIDINA ZAHRO

Sheet Data Siswa
A1: 0081600622 | B1: AFRA NAILA HIDAYATI | C1: P | D1: 84 | E1: IPA | F1: 1).Kelas IPA - Ekonomi dan Sastra Inggris | G1: SMPS SABILILLAH-KEC.SAMPANG-SAMPANG | I1: Pretasi Akademik
A2: 0071282729 | B2: AHMAD ALIEF MADANI | C2: L | D2: 74 | E2: IPA | F2: 1).Kelas IPA - Ekonomi dan Sastra Inggris | G2: SMPN 2 PAMEKASAN | H2: 087749402542 | I2: Zonasi
A3: 0078298156 | B3: AILSA SAHASIKA IRENE HAFIZHAH | C3: P | D3: 84 | E3: IPA | F3: 1).Kelas IPA - Ekonomi dan Sastra Inggris | G3: SMPN 2 PAMEKASAN | I3: Pretasi Akademik
A4: 0089062483 | B4: AISYAH RESCHA ANWAR | C4: P | D4: 50 | E4: IPA | F4: 1).Kelas IPA - Ekonomi dan Sastra Inggris | G4: SMP PLUS NURUL HIKMAH | H4: 082132051110 | I4: Akademik/Rapor
A5: 0089703268 | B5: ALDAFA RAJENDRA ASYIKIN | C5: L | D5: 62 | E5: IPA | F5: 1).Kelas IPA - Ekonomi dan Sastra Inggris | G5: SMPN 2 PAMEKASAN | H5: 081358754868 | I5: Akademik/Rapor
A6: 0081072718 | B6: ALFA ADITYA MAHYUDIN | C6: L | D6: 50 | E6: IPA | F6: 1).Kelas IPA - Ekonomi dan Sastra Inggris | G6: SMPN 2 PAMEKASAN | H6: 085330124402 | I6: Zonasi
A7: 0074906355 | B7: ALISYA PUSPITA NADIN WULANSARI | C7: P | D7: 72 | E7: IPA | F7: 1).Kelas IPA - Ekonomi dan Sastra Inggris | G7: SMPN 2 PAMEKASAN | H7: 089698975967 | I7: Zonasi
A8: 0098535169 | B8: ALVIONISA RESTU RANIASYAH | C8: P | D8: 56 | E8: IPA | F8: 1).Kelas IPA - Ekonomi dan Sastra Inggris | G8: MTSN 3 PAMEKASAN-KEC. PAKONG | H8: 087885537997 | I8: Akademik/Rapor
A9: 0095897175 | B9: ALYSIA AURYN NAJMI | C9: P | D9: 56 | E9: IPA | F9: 1).Kelas IPA - Ekonomi dan Sastra Inggris | G9: MTSN 3 PAMEKASAN-KEC. PAKONG | H9: 082333162221 | I9: Akademik/Rapor
A10: 0087079791 | B10: ANINDITA SAYLA SAFIRA | C10: P | D10: 94 | E10: IPA | F10: 1).Kelas IPA - Ekonomi dan Sastra Inggris | G10: SMPN 1 PAMEKASAN | I10: Pretasi Akademik
A11: 0073030912 | B11: ARINI KHOIRUNNISA | C11: P | D11: 54 | E11: IPA | F11: 1).Kelas IPA - Ekonomi dan Sastra Inggris | G11: SMPN 2 PAMEKASAN | H11: 081914772927 | I11: Zonasi
A12: 0073192449 | B12: AROFATUL JENNAH | C12: P | D12: 42 | E12: IPA | F12: 1).Kelas IPA - Ekonomi dan Sastra Inggris | G12: SMPN 5 PAMEKASAN | I12: Afirmasi/KIP/KIS/SKTM
A13: 0088347197 | B13: ARROW DAENG NAHYALOVA | C13: P | D13: 54 | E13: IPA | F13: 1).Kelas IPA - Ekonomi dan Sastra Inggris | G13: SMPN 2 PAMEKASAN | H13: 081217009023 | I13: Zonasi
A14: 0073888493 | B14: AULIA AZAHRA MUFIDA | C14: P | D14: 38 | E14: IPA | F14: 1).Kelas IPA - Ekonomi dan Sastra Inggris | G14: SMP PLUS NURUL HIKMAH | H14: 085954427076 | I14: Zonasi
A15: 0083577689 | B15: AUREL SEPTIANA WAHYUDI | C15: P | D15: 48 | E15: IPA | F15: 1).Kelas IPA - Ekonomi dan Sastra Inggris | G15: SMPN 2 PAMEKASAN | H15: 082141156854 | I15: Zonasi
A16: 0078387510 | B16: AXL CHRISTIANO MULJADI | C16: L | D16: 50 | E16: IPA | F16: 1).Kelas IPA - Ekonomi dan Sastra Inggris | G16: SMPN 2 PAMEKASAN | I16: Afirmasi/KIP/KIS/SKTM
A17: 0088187712 | B17: AZARIA ALTHAFUNNISA RUSLAN | C17: P | D17: 50 | E17: IPA | F17: 1).Kelas IPA - Ekonomi dan Sastra Inggris | G17: MTsN 2 Jembrana-Kec.Mendoyo-BALI | H17: 085935060944 | I17: Zonasi
A18: 0075815011 | B18: BALQIS ANNURY LUCKY MUKTI | C18: P | D18: 52 | E18: IPA | F18: 1).Kelas IPA - Ekonomi dan Sastra Inggris | G18: SMPS AL - ITTIHAD-CAMPLONG SAMPANG | H18: 082333999805 | I18: Zonasi
A19: 0079821526 | B19: BERLIAN AZALIA NAJMI | C19: P | D19: 90 | E19: IPA | F19: 1).Kelas IPA - Ekonomi dan Sastra Inggris | G19: SMP PLUS NURUL HIKMAH | I19: Pretasi Akademik
A20: 0081342543 | B20: BIAS IFTITA DEWANTARA | C20: L | D20: 48 | E20: IPA | F20: 1).Kelas IPA - Ekonomi dan Sastra Inggris | G20: SMPN 1 PAMEKASAN | H20: 081331905120 | I20: Akademik/Rapor
A21: 0088052016 | B21: DENISHA FEBRIYANTI SANTOSO | C21: P | D21: 70 | E21: IPA | F21: 1).Kelas IPA - Ekonomi dan Sastra Inggris | G21: SMPN 1 PAMEKASAN | I21: Afirmasi/KIP/KIS/SKTM
A22: 0077576999 | B22: DESTALIA DANIELLA RAHMAN | C22: P | D22: 58 | E22: IPA | F22: 1).Kelas IPA - Ekonomi dan Sastra Inggris | G22: SMPN 1 SUMENEP-KOTA SUMENEP-SUMENEP | H22: 081357633141 | I22: Akademik/Rapor
A23: 0087901503 | B23: DESVITA INDRIANA SUKMAWATI | C23: P | D23: 80 | E23: IPA | F23: 1).Kelas IPA - Ekonomi dan Sastra Inggris | G23: SMPN 3 PAMEKASAN | H23: 082334068163 | I23: Akademik/Rapor
A24: 0088136865 | B24: DIVA TRI RUKMALA | C24: P | D24: 58 | E24: IPA | F24: 1).Kelas IPA - Ekonomi dan Sastra Inggris | G24: SMPN 8 PAMEKASAN | I24: Pretasi Non Akademik
A25: 0084435462 | B25: DWIANI NUR AULIA | C25: P | D25: 66 | E25: IPA | F25: 1).Kelas IPA - Ekonomi dan Sastra Inggris | G25: SMPN 1 PAMEKASAN | H25: 082336402105 | I25: Akademik/Rapor
A26: 0072400371 | B26: EKA NURISKARDHANI | C26: L | D26: 34 | E26: IPA | F26: 1).Kelas IPA - Ekonomi dan Sastra Inggris | G26: SMPN 1 PAMEKASAN | H26: 082338971909 | I26: Zonasi
A27: 0078949694 | B27: EVELYN NATHANIA | C27: P | D27: 66 | E27: IPA | F27: 1).Kelas IPA - Ekonomi dan Sastra Inggris | G27: SMPK SANTO THOMAS | H27: 085257333902 | I27: Akademik/Rapor
A28: 0086823037 | B28: EZHAR AUFA BILLAH | C28: L | D28: 40 | E28: IPA | F28: 1).Kelas IPA - Ekonomi dan Sastra Inggris | G28: MTSN 3 PAMEKASAN-KEC. PAKONG | I28: Tenaga Medis/Covid-19
A29: 0089871473 | B29: FADIA CAHYANI ALMUGHIRAH | C29: P | D29: 68 | E29: IPA | F29: 1).Kelas IPA - Ekonomi dan Sastra Inggris | G29: SMPN 1 PAMEKASAN | H29: 082332718378 | I29: Zonasi
A30: 0072395681 | B30: FAIRUSSYIFA IZZATI | C30: P | D30: 78 | E30: IPA | F30: 1).Kelas IPA - Ekonomi dan Sastra Inggris | G30: SMPN 1 PAMEKASAN | I30: Tenaga Medis/Covid-19
A31: 0081990472 | B31: FARISHA FEBRIANA SHOLIHA | C31: P | D31: 38 | E31: IPA | F31: 1).Kelas IPA - Ekonomi dan Sastra Inggris | G31: SMPN 1 PAMEKASAN | I31: Afirmasi/KIP/KIS/SKTM
A32: 0085953862 | B32: FEBRIMA WINDI NATASYA | C32: P | D32: 48 | E32: IPA | F32: 1).Kelas IPA - Ekonomi dan Sastra Inggris | G32: SMPN 1 PAMEKASAN | H32: 082334170109 | I32: Zonasi
A33: 0076930724 | B33: FITRYAH ISMYATUL INDIANA | C33: P | D33: 58 | E33: IPA | F33: 1).Kelas IPA - Ekonomi dan Sastra Inggris | G33: SMPN 3 PAMEKASAN | I33: Pretasi Non Akademik
A34: 0088748725 | B34: GABRIEL FIRMANSYAH ARIFIN | C34: L | D34: 68 | E34: IPA | F34: 1).Kelas IPA - Ekonomi dan Sastra Inggris | G34: SMPN 2 PAMEKASAN | H34: 085855662934 | I34: Akademik/Rapor
A35: 0084497200 | B35: GALUH CHANDRA KIRANA | C35: P | D35: 82 | E35: IPA | F35: 1).Kelas IPA - Ekonomi dan Sastra Inggris | G35: SMPN 1 PAMEKASAN | H35: 082333337383 | I35: Akademik/Rapor
A36: 0074662876 | B36: GANESA PURNAMA PUTRI | C36: P | D36: 50 | E36: IPA | F36: 1).Kelas IPA - Ekonomi dan Sastra Inggris | G36: SMPN 1 PADEMAWU | H36: 089530445987 | I36: Akademik/Rapor
A37: 0076923932 | B37: GHAZY RASHIA NS | C37: L | D37: 50 | E37: IPA | F37: 1).Kelas IPA - Ekonomi dan Sastra Inggris | G37: SMPN 2 PAMEKASAN | I37: Pretasi Non Akademik
A38: 0087757164 | B38: GHEVIRA NUZULIS ARIFIN | C38: P | D38: 58 | E38: IPA | F38: 1).Kelas IPA - Ekonomi dan Sastra Inggris | G38: SMPN 1 PAMEKASAN | H38: 082140497813 | I38: Zonasi
A39: 0085474277 | B39: GUSTYA RACHMA SASMITA | C39: P | D39: 72 | E39: IPA | F39: 1).Kelas IPA - Ekonomi dan Sastra Inggris | G39: SMP PLUS NURUL HIKMAH | H39: 085230736506 | I39: Akademik/Rapor
A40: 0078248228 | B40: IKA NOVITASARI | C40: P | D40: 84 | E40: IPA | F40: 1).Kelas IPA - Ekonomi dan Sastra Inggris | G40: SMP PLUS NURUL HIKMAH | H40: 082234394411 | I40: Akademik/Rapor
A41: 0077677003 | B41: JAZIRA NUR ISNAINI | C41: P | D41: 64 | E41: IPA | F41: 1).Kelas IPA - Ekonomi dan Sastra Inggris | G41: SMPN 2 PAMEKASAN | H41: 085924638676 | I41: Akademik/Rapor
A42: 0076831015 | B42: KALINDA ZAHIRA HAKIM | C42: P | D42: 68 | E42: IPA | F42: 1).Kelas IPA - Ekonomi dan Sastra Inggris | G42: SMPN 2 PAMEKASAN | I42: Anak Guru
A43: 0086012301 | B43: KHOIROTUN NISA | C43: P | D43: 64 | E43: IPA | F43: 1).Kelas IPA - Ekonomi dan Sastra Inggris | G43: SMPN 3 SAMPANG-KEC.SAMPANG | H43: 087750736665 | I43: Akademik/Rapor
A44: 0081557501 | B44: KINARA OCTAVIA MMOHAMMAD | C44: P | D44: 74 | E44: IPA | F44: 1).Kelas IPA - Ekonomi dan Sastra Inggris | G44: SMPN 1 PAMEKASAN | H44: 087865671597 | I44: Akademik/Rapor
A45: 0089056838 | B45: LILA PUTRI RAMADHANI | C45: P | D45: 50 | E45: IPA | F45: 1).Kelas IPA - Ekonomi dan Sastra Inggris | G45: SMPN 1 OMBEN-OMBEN-SAMPANG | H45: 0881036477165 | I45: Akademik/Rapor
A46: 0079909792 | B46: M DIKA TRI HARYANI | C46: L | D46: 58 | E46: IPA | F46: 1).Kelas IPA - Ekonomi dan Sastra Inggris | G46: SMPN 2 PAMEKASAN | H46: 087862336277 | I46: Zonasi
A47: 0077991394 | B47: M DIKI TRI HARYANI | C47: L | D47: 52 | E47: IPA | F47: 1).Kelas IPA - Ekonomi dan Sastra Inggris | G47: SMPN 2 PAMEKASAN | H47: 081259379574 | I47: Zonasi
A48: 0083360786 | B48: MAULIDINA APRILIA PRATIWI | C48: P | D48: 68 | E48: IPA | F48: 1).Kelas IPA - Ekonomi dan Sastra Inggris | G48: MTSN 1 PAMEKASAN-KEC. PADEMAWU | H48: 085856710160 | I48: Akademik/Rapor
A49: 0075547059 | B49: MAULIEDYNA FADILAH | C49: P | D49: 38 | E49: IPA | F49: 1).Kelas IPA - Ekonomi dan Sastra Inggris | G49: SMPN 1 PADEMAWU | H49: 082331452536 | I49: Akademik/Rapor
A50: 0076845151 | B50: MOH ABDI LANGIT ARIFIN | C50: L | D50: 56 | E50: IPA | F50: 1).Kelas IPA - Ekonomi dan Sastra Inggris | G50: SMPN 2 PAMEKASAN | H50: 081916441003 | I50: Zonasi
A51: 0076458144 | B51: MOH ALFIN HARYANTO | C51: L | D51: 66 | E51: IPA | F51: 1).Kelas IPA - Ekonomi dan Sastra Inggris | G51: MTSN 2 PAMEKASAN-KEC. PAMEKASAN | H51: 089530511640 | I51: Zonasi
A52: 0077738800 | B52: MOH DANIEL FACHRILLAH | C52: L | D52: 62 | E52: IPA | F52: 1).Kelas IPA - Ekonomi dan Sastra Inggris | G52: SMPN 1 SAMPANG | H52: 082387731355 | I52: Akademik/Rapor
A53: 0071446754 | B53: MOH NADHIF APANDI | C53: L | D53: 66 | E53: IPA | F53: 1).Kelas IPA - Ekonomi dan Sastra Inggris | G53: SMP PLUS NURUL HIKMAH | I53: Tenaga Medis/Covid-19
A54: 0072618072 | B54: MOHAMMAD | C54: L | D54: 34 | E54: IPA | F54: 1).Kelas IPA - Ekonomi dan Sastra Inggris | G54: SMPN 1 PAMEKASAN | H54: 082331094419 | I54: Zonasi
A55: 0085520252 | B55: MUHAMMAD ALI PASHA | C55: L | D55: 80 | E55: IPA | F55: 1).Kelas IPA - Ekonomi dan Sastra Inggris | G55: SMPN 2 PAMEKASAN | I55: Pretasi Non Akademik
A56: 0089248308 | B56: MUHAMMAD MIRZA ALVIAN NUR | C56: L | D56: 58 | E56: IPA | F56: 1).Kelas IPA - Ekonomi dan Sastra Inggris | G56: SMPN 2 PAMEKASAN | H56: 081217008940 | I56: Zonasi
A57: 0085339799 | B57: NAADHIR FIRAS AMRULLAH | C57: L | D57: 62 | E57: IPA | F57: 1).Kelas IPA - Ekonomi dan Sastra Inggris | G57: SMPN 2 PAMEKASAN | H57: 085955294822 | I57: Akademik/Rapor
A58: 0087026420 | B58: NABILA PUTRI NUR AINI | C58: P | D58: 56 | E58: IPA | F58: 1).Kelas IPA - Ekonomi dan Sastra Inggris | G58: SMPN 2 PAMEKASAN | H58: 085225328683 | I58: Zonasi
A59: 0075437227 | B59: NADIRA RACHMA ARTANTI | C59: P | D59: 80 | E59: IPA | F59: 1).Kelas IPA - Ekonomi dan Sastra Inggris | G59: SMP PLUS NURUL HIKMAH | I59: Pretasi Akademik
A60: 0086175902 | B60: NAFILA MAYSHIERA ZAHRA | C60: P | D60: 58 | E60: IPA | F60: 1).Kelas IPA - Ekonomi dan Sastra Inggris | G60: SMP PLUS NURUL HIKMAH | I60: Pretasi Akademik
A61: 0087842910 | B61: NAJWA SYABILA FAQIH | C61: P | D61: 46 | E61: IPA | F61: 1).Kelas IPA - Ekonomi dan Sastra Inggris | G61: SMP MAARIF 4 PAMEKASAN-KEC. PAMEKASAN | H61: 081945825406 | I61: Zonasi
A62: 0082836094 | B62: NANDA MUTIA AMORETE FATIMAH | C62: P | D62: 62 | E62: IPA | F62: 1).Kelas IPA - Ekonomi dan Sastra Inggris | G62: SMPN 1 PAMEKASAN | H62: 081357818484 | I62: Zonasi
A63: 0076528607 | B63: NATASYA AMELIA RAMADANI | C63: P | D63: 40 | E63: IPA | F63: 1).Kelas IPA - Ekonomi dan Sastra Inggris | G63: SMP PLUS NURUL HIKMAH | H63: 082334177930 | I63: Zonasi
A64: 0083074349 | B64: NAYLA MUTIARA IZDIHAR | C64: P | D64: 60 | E64: IPA | F64: 1).Kelas IPA - Ekonomi dan Sastra Inggris | G64: SMPN 1 PAMEKASAN | I64: Anak Guru
A65: 0073986780 | B65: NEINDYRA ALTAREINA | C65: P | D65: 76 | E65: IPA | F65: 1).Kelas IPA - Ekonomi dan Sastra Inggris | G65: SMPN 1 PAMEKASAN | H65: 082330685100 | I65: Zonasi
A66: 0079520953 | B66: NIBRAS ABDILLAH HASMI | C66: L | D66: 52 | E66: IPA | F66: 1).Kelas IPA - Ekonomi dan Sastra Inggris | G66: SMPN 1 PAMEKASAN | H66: 085958062027 | I66: Zonasi
A67: 0076844608 | B67: NICHOLAS KALASNICHOV | C67: L | D67: 52 | E67: IPA | F67: 1).Kelas IPA - Ekonomi dan Sastra Inggris | G67: SMP PLUS NURUL HIKMAH | I67: Pindah Tugas Orang Tua
A68: 0083195140 | B68: NISRINA KAYYISA | C68: P | D68: 60 | E68: IPA | F68: 1).Kelas IPA - Ekonomi dan Sastra Inggris | G68: MTSN 3 PAMEKASAN-KEC. PAKONG | H68: 081937373437 | I68: Akademik/Rapor
A69: 0079724488 | B69: NURIZA AMRUL FAHMI | C69: L | D69: 68 | E69: IPA | F69: 1).Kelas IPA - Ekonomi dan Sastra Inggris | G69: SMPN 2 PAMEKASAN | H69: 085236813636 | I69: Akademik/Rapor
A70: 0088596387 | B70: NURRAFIE IQBAL DHIYAULRAHMAN | C70: L | D70: 42 | E70: IPA | F70: 1).Kelas IPA - Ekonomi dan Sastra Inggris | G70: SMPN 1 PAMEKASAN | H70: 081938764169 | I70: Zonasi
A71: 0084403528 | B71: PRABU ARYA SYAHPUTRA | C71: L | D71: 42 | E71: IPA | F71: 1).Kelas IPA - Ekonomi dan Sastra Inggris | G71: SMPN 2 PAMEKASAN | H71: 081247039925 | I71: Zonasi
A72: 0071667089 | B72: RADITYA DIANDRA KAYANA | C72: L | D72: 38 | E72: IPA | F72: 1).Kelas IPA - Ekonomi dan Sastra Inggris | G72: SMPN 2 PAMEKASAN | H72: 087747795884 | I72: Zonasi
A73: 0074878799 | B73: RAIHANI ISNA NUR MAGHRIBI | C73: P | D73: 86 | E73: IPA | F73: 1).Kelas IPA - Ekonomi dan Sastra Inggris | G73: SMPN 1 PAMEKASAN | H73: 085231198141 | I73: Zonasi
A74: 0089226050 | B74: RAISYA RADINHA | C74: P | D74: 74 | E74: IPA | F74: 1).Kelas IPA - Ekonomi dan Sastra Inggris | G74: SMPN 1 PAMEKASAN | I74: Pretasi Akademik
A75: 0087152671 | B75: RATIH NASYANINGRUM | C75: P | D75: 44 | E75: IPA | F75: 1).Kelas IPA - Ekonomi dan Sastra Inggris | G75: SMP NEGERI 15 DEPOK-KEC.CIMANGGIS | I75: Pindah Tugas Orang Tua
A76: 0074305834 | B76: REVANDRA MIRZA ISLAMY | C76: L | D76: 48 | E76: IPA | F76: 1).Kelas IPA - Ekonomi dan Sastra Inggris | G76: SMPIT AL HAROMAIN-KEC.PASEAN PAMEKASAN | H76: 087811600022 | I76: Akademik/Rapor
A77: 0088385333 | B77: RISKA ANGGRAINI MUFIDAH | C77: P | D77: 82 | E77: IPA | F77: 1).Kelas IPA - Ekonomi dan Sastra Inggris | G77: SMPN 2 PAMEKASAN | I77: Pretasi Akademik
A78: 0075957041 | B78: RISMA GITA NINGTYAS | C78: P | D78: 70 | E78: IPA | F78: 1).Kelas IPA - Ekonomi dan Sastra Inggris | G78: SMPN 1 PAMEKASAN | I78: Anak Guru
A79: 0077166801 | B79: RORO ZABRINA ANUGRAH NURRAMANIYA | C79: P | D79: 54 | E79: IPA | F79: 1).Kelas IPA - Ekonomi dan Sastra Inggris | G79: SMPN 2 PAMEKASAN | H79: 081917370903 | I79: Zonasi
A80: 0082116927 | B80: SITI KHALIDA YASMIN | C80: P | D80: 70 | E80: IPA | F80: 1).Kelas IPA - Ekonomi dan Sastra Inggris | G80: SMP PLUS NURUL HIKMAH | I80: Pretasi Akademik
A81: 0084128682 | B81: SYABIL RAFIF NABIL FADLILLAH | C81: L | D81: 74 | E81: IPA | F81: 1).Kelas IPA - Ekonomi dan Sastra Inggris | G81: MTSN 3 PAMEKASAN-KEC. PAKONG | H81: 085945615456 | I81: Akademik/Rapor
A82: 0081418396 | B82: SYAFINA AFRA AMATULLAH | C82: P | D82: 42 | E82: IPA | F82: 1).Kelas IPA - Ekonomi dan Sastra Inggris | G82: MTSN 3 PAMEKASAN-KEC. PAKONG | H82: 081913745751 | I82: Akademik/Rapor
A83: 0082896230 | B83: SYAKIRA AZIZATURRAHMA ABDILLAH | C83: P | D83: 58 | E83: IPA | F83: 1).Kelas IPA - Ekonomi dan Sastra Inggris | G83: SMPN 1 PAMEKASAN | H83: 085331610066 | I83: Akademik/Rapor
A84: 0077457454 | B84: SYARAFINA NUR DAMAYANTI | C84: P | D84: 44 | E84: IPA | F84: 1).Kelas IPA - Ekonomi dan Sastra Inggris | G84: SMPN 2 PAMEKASAN | H84: 081818136030 | I84: Zonasi
A85: 0075394346 | B85: TALITHA SALSABILA SY | C85: P | D85: 72 | E85: IPA | F85: 1).Kelas IPA - Ekonomi dan Sastra Inggris | G85: MTSN 1 PAMEKASAN-KEC. PADEMAWU | H85: 081917371884 | I85: Akademik/Rapor
A86: 0078774440 | B86: UBAIDILLAH HASYIM | C86: L | D86: 42 | E86: IPA | F86: 1).Kelas IPA - Ekonomi dan Sastra Inggris | G86: SMPN 2 PAMEKASAN | H86: 081359083762 | I86: Zonasi
A87: 0072804793 | B87: UMMU KULTSUM | C87: P | D87: 64 | E87: IPA | F87: 1).Kelas IPA - Ekonomi dan Sastra Inggris | G87: SMPN 2 PAMEKASAN | H87: 085932121942 | I87: Zonasi
A88: 0076503247 | B88: UZAILATUS SYAMSIAH HIDAYAT | C88: P | D88: 64 | E88: IPA | F88: 1).Kelas IPA - Ekonomi dan Sastra Inggris | G88: SMPN 2 PAMEKASAN | H88: 085171616024 | I88: Zonasi
A89: 0087603781 | B89: VALENSI ALROUUF UTAMA | C89: L | D89: 74 | E89: IPA | F89: 1).Kelas IPA - Ekonomi dan Sastra Inggris | G89: SMPN 1 PAMEKASAN | I89: Pretasi Akademik
A90: 0081005212 | B90: VANIA IZZATIZ ZAHRAH | C90: P | D90: 58 | E90: IPA | F90: 1).Kelas IPA - Ekonomi dan Sastra Inggris | G90: SMPN 2 LARANGAN | H90: 082228383414 | I90: Akademik/Rapor
A91: 0089226103 | B91: VIOLETTA AMARILLIS BRESSILIANE | C91: P | D91: 70 | E91: IPA | F91: 1).Kelas IPA - Ekonomi dan Sastra Inggris | G91: SMPN 2 PAMEKASAN | I91: Afirmasi/KIP/KIS/SKTM
A92: 0077198038 | B92: VIRANDA QURROTUL AINI SISWANTO | C92: P | D92: 68 | E92: IPA | F92: 1).Kelas IPA - Ekonomi dan Sastra Inggris | G92: SMPN 1 PAMEKASAN | H92: 082143029209 | I92: Akademik/Rapor
A93: 0081338675 | B93: WINDY AWALINA | C93: P | D93: 80 | E93: IPA | F93: 1).Kelas IPA - Ekonomi dan Sastra Inggris | G93: SMPN 2 PAMEKASAN | H93: 0895395869988 | I93: Akademik/Rapor
A94: 0074109063 | B94: ZAHIROH SIVA DINAYAH | C94: P | D94: 64 | E94: IPA | F94: 1).Kelas IPA - Ekonomi dan Sastra Inggris | G94: SMPN 2 PAMEKASAN | H94: 082338473009 | I94: Zonasi
A95: 0088068238 | B95: ZAHWA SYAIKHAH EFFENDI | C95: P | D95: 46 | E95: IPA | F95: 1).Kelas IPA - Ekonomi dan Sastra Inggris | G95: SMPN 2 PAMEKASAN | I95: Pretasi Non Akademik
A96: 0072708263 | B96: ZULAEKHA NASYWA HARTONO | C96: P | D96: 70 | E96: IPA | F96: 1).Kelas IPA - Ekonomi dan Sastra Inggris | G96: SMPN 2 PAMEKASAN | H96: 085392074447 | I96: Akademik/Rapor
A97: 0078407936 | B97: ZULVIA ZAKIYATI | C97: P | D97: 70 | E97: IPA | F97: 1).Kelas IPA - Ekonomi dan Sastra Inggris | G97: SMPN 1 LARANGAN | H97: 085717194215 | I97: Akademik/Rapor
A98: 0076107200 | B98: ABDIA NABILA RAMADIANTI | C98: P | D98: 54 | E98: IPA | F98: 2).Kelas IPA - Ekonomi dan Sosiologi | G98: SMPN 2 PAMEKASAN | I98: Pretasi Akademik
A99: 0088967352 | B99: ACHMAD ARYAPUTRA MAHARDIKA | C99: L | D99: 42 | E99: IPA | F99: 2).Kelas IPA - Ekonomi dan Sosiologi | G99: SMPN 2 PAMEKASAN | H99: 081232442196 | I99: Zonasi
A100: 0082830491 | B100: ADITYA MAULANA SETIABUDI | C100: L | D100: 74 | E100: IPA | F100: 2).Kelas IPA - Ekonomi dan Sosiologi | G100: SMP PLUS NURUL HIKMAH | H100: 082334177807 | I100: Akademik/Rapor
...

Sheet IPS
B1: 0082850933 | C1: DHIA NAURAH | D1: P | E1: 76 | F1: IPS | G1: Kelas IPS - FISIKA DAN KIMIA | H1: SMP PLUS NURUL HIKMAH | J1: Pretasi Akademik | K1: I
B2: 0082459290 | C2: LIFANYA FEBE NAYA WIBOWO | D2: P | E2: 66 | F2: IPS | G2: Kelas IPS - FISIKA DAN KIMIA | H2: SMPN 2 PAMEKASAN | I2: 081808468612 | J2: Akademik/Rapor | K2: I
B3: 0074283130 | C3: FITRIA SALSABILLA FATIMAH | D3: P | E3: 58 | F3: IPS | G3: Kelas IPS - FISIKA DAN KIMIA | H3: SMPN 2 PAMEKASAN | I3: 085331443884 | J3: Zonasi | K3: I
B4: 0074052913 | C4: RIZKA VIANZA PUTRI | D4: P | E4: 58 | F4: IPS | G4: Kelas IPS - FISIKA DAN KIMIA | H4: SMPN 2 PAMEKASAN | I4: 082333710008 | J4: Zonasi | K4: I
B5: 0083864513 | C5: AYU RAMADHANI | D5: P | E5: 52 | F5: IPS | G5: Kelas IPS - FISIKA DAN KIMIA | H5: SMPN 2 PAMEKASAN | J5: Afirmasi/KIP/KIS/SKTM | K5: I
B6: 0072957492 | C6: MUTIARA KIRANA ISNAINI | D6: P | E6: 52 | F6: IPS | G6: Kelas IPS - FISIKA DAN KIMIA | H6: MTSN 2 PAMEKASAN-KEC. PAMEKASAN | I6: 081703764777 | J6: Zonasi | K6: I
B7: 0085672984 | C7: LIEVIAN AGUSTIN PRAYOGO | D7: P | E7: 48 | F7: IPS | G7: Kelas IPS - FISIKA DAN KIMIA | H7: SMPK SANTO THOMAS | I7: 082139223123 | J7: Zonasi | K7: I
B8: 0089351996 | C8: GALANG ALMALIKI | D8: L | E8: 46 | F8: IPS | G8: Kelas IPS - FISIKA DAN KIMIA | H8: SMPN 2 PAMEKASAN | I8: 085232043443 | J8: Zonasi | K8: I
B9: 0073181086 | C9: FINANDIA ARDWIYANTI MAHDIYAR | D9: P | E9: 44 | F9: IPS | G9: Kelas IPS - FISIKA DAN KIMIA | H9: SMPN 2 PAMEKASAN | I9: 087756256591 | J9: Zonasi | K9: I
B10: 0071531082 | C10: IKA FERISSHA AMELIA | D10: P | E10: 42 | F10: IPS | G10: Kelas IPS - FISIKA DAN KIMIA | H10: SMPN 1 PAMEKASAN | I10: 085234465151 | J10: Zonasi | K10: I
B11: 0071558157 | C11: FARICCA SEFRINA TAUFAN | D11: P | E11: 34 | F11: IPS | G11: Kelas IPS - FISIKA DAN KIMIA | H11: SMPN 2 PAMEKASAN | I11: 081779345701 | J11: Zonasi | K11: I
B12: 0071571291 | C12: MILADIYA DWI SYAFFIRA IKMALA | D12: P | E12: 32 | F12: IPA | G12: 2).Kelas IPA - Ekonomi dan Sosiologi | H12: SMPN 1 PAMEKASAN | I12: 082228012450 | J12: Zonasi | K12: I
B13: 0087603353 | C13: FATIH PRATAMA ROBBANI | D13: L | E13: 32 | F13: IPS | G13: Kelas IPS - FISIKA DAN KIMIA | H13: SMPN 2 PAMEKASAN | I13: 087712763464 | J13: Zonasi | K13: I
B14: 0072150233 | C14: JASIR QADLIZAKA SAJID LASMONO | D14: L | E14: 32 | F14: IPA | G14: 3). Kelas IPA - Ekonomi dan Geografi. | H14: SMPN 2 PAMEKASAN | I14: 082140613554 | J14: Zonasi | K14: I
B15: 0078444643 | C15: RA ZUBAIDAH PUTRI ZAINAL ALIM | D15: P | E15: 32 | F15: IPA | G15: 2).Kelas IPA - Ekonomi dan Sosiologi | H15: SMPN 2 PAMEKASAN | I15: 087750697577 | J15: Zonasi | K15: I
B16: 0074129852 | C16: AULIA HARINA PUTRI | D16: P | E16: 30 | F16: IPS | G16: Kelas IPS - FISIKA DAN KIMIA | H16: SMPN 2 PAMEKASAN | I16: 085230985435 | J16: Zonasi | K16: I
B17: 0078426850 | C17: LAILATUL MUKARROMAH | D17: P | E17: 30 | F17: IPA | G17: 2).Kelas IPA - Ekonomi dan Sosiologi | H17: SMPN 2 PAMEKASAN | I17: 085235888133 | J17: Zonasi | K17: I
B18: 0069586255 | C18: MOH ALI IMRON | D18: L | E18: 30 | H18: MTSN 2 PAMEKASAN-KEC. PAMEKASAN | I18: 087865493588 | J18: Zonasi | K18: I
B19: 0071373857 | C19: PUTRI AVINA SYAFARINA | D19: P | E19: 30 | F19: IPA | G19: 2).Kelas IPA - Ekonomi dan Sosiologi | H19: SMPN 1 LARANGAN | I19: 087752305147 | J19: Akademik/Rapor | K19: I
B20: 0083357008 | C20: SABRINA BALQIS TRIANSARI | D20: P | E20: 30 | F20: IPS | G20: Kelas IPS - FISIKA DAN KIMIA | H20: SMPN 2 PAMEKASAN | I20: 081259801261 | J20: Zonasi | K20: I
B21: 0085828049 | C21: SHERLY FARISTIYANA | D21: P | E21: 30 | F21: IPS | G21: Kelas IPS - FISIKA DAN KIMIA | H21: SMPN 2 PAMEKASAN | I21: 087814955591 | J21: Zonasi | K21: I
B22: 0077070596 | C22: YUNITA PUAN AJENG PRATIWI | D22: P | E22: 30 | F22: IPA | G22: 2).Kelas IPA - Ekonomi dan Sosiologi | H22: SMPN 2 PAMEKASAN | I22: 087847077818 | J22: Zonasi | K22: I
B23: 0082146902 | C23: BELA PUTRI MELATI | D23: P | E23: 28 | F23: IPA | G23: 3). Kelas IPA - Ekonomi dan Geografi. | H23: SMPN 1 PAMEKASAN | I23: 081935644424 | J23: Zonasi | K23: I
B24: 0071506434 | C24: NABILAH EFFENDI | D24: P | E24: 28 | F24: IPA | G24: 1).Kelas IPA - Ekonomi dan Sastra Inggris | H24: SMPN 1 PAMEKASAN | I24: 082332983743 | J24: Zonasi | K24: I
B25: 0084424602 | C25: RAFLI ARYANATTA SYAHBANA | D25: L | E25: 28 | F25: IPA | G25: 1).Kelas IPA - Ekonomi dan Sastra Inggris | H25: SMPN 2 PAMEKASAN | I25: 081288482952 | J25: Zonasi | K25: I
B26: 0078715302 | C26: REZHA OKTAVIAN DWI RAMDANI | D26: L | E26: 28 | F26: IPA | G26: 3). Kelas IPA - Ekonomi dan Geografi. | H26: SMPN 1 PAMEKASAN | J26: Afirmasi/KIP/KIS/SKTM | K26: I
K27: I
B28: 0082364032 | C28: ZAIDAN RIZKI PRATAMA | D28: L | E28: 28 | F28: IPA | G28: 3). Kelas IPA - Ekonomi dan Geografi. | H28: SMPN 2 PAMEKASAN | I28: 081249402984 | J28: Zonasi | K28: I
B29: 0088960830 | C29: CINTA MULYA SYAKIRA | D29: P | E29: 26 | F29: IPA | G29: 3). Kelas IPA - Ekonomi dan Geografi. | H29: SMPN 5 PAMEKASAN | I29: 083853298351 | J29: Zonasi | K29: I
B30: 0063968673 | C30: MOH DAFA | D30: L | E30: 26 | F30: IPA | G30: 2).Kelas IPA - Ekonomi dan Sosiologi | H30: SMP MUHAMMADIYAH PAMEKASAN | I30: 085331241554 | J30: Zonasi | K30: I
B31: 0077613920 | C31: NABILLA ISNAINI HIDAYAT | D31: P | E31: 26 | F31: IPA | G31: 2).Kelas IPA - Ekonomi dan Sosiologi | H31: SMPN 2 PAMEKASAN | I31: 087861182304 | J31: Zonasi | K31: I
B32: 0082670481 | C32: ACH ALIF RAHMAN | D32: L | E32: 20 | F32: IPS | G32: Kelas IPS - FISIKA DAN KIMIA | H32: SMPN 2 PAMEKASAN | I32: 081615689693 | J32: Zonasi | K32: I
B33: 0079980451 | C33: BUNGA VIRANTI SINAR LESTARI | D33: P | E33: 20 | F33: IPS | G33: Kelas IPS - FISIKA DAN KIMIA | H33: SMPN 2 PAMEKASAN | I33: 085231900840 | J33: Zonasi | K33: I
B34: 0087669842 | C34: NAYLA HALWA FARADISA | D34: P | E34: 20 | F34: IPA | G34: 2).Kelas IPA - Ekonomi dan Sosiologi | H34: MTSS 1 PUTRI ANNUQAYAH-GULUK GULUK-SMNP | I34: 081703120806 | J34: Zonasi | K34: I
B35: 0082740349 | C35: RISKA AMELIA AGUSTIN | D35: P | E35: 16 | F35: IPA | G35: 2).Kelas IPA - Ekonomi dan Sosiologi | H35: MTSS MATSARATUL HUDA-KEC. PAMEKASAN | J35: Afirmasi/KIP/KIS/SKTM | K35: I
B36: 0087923752 | C36: M HABIBULLAH PRADANA | D36: L | E36: 14 | F36: IPA | G36: 2).Kelas IPA - Ekonomi dan Sosiologi | H36: SMPN 2 PAMEKASAN | I36: 081217060933 | J36: Zonasi | K36: I
B37: 0088106005 | C37: AMANAH ALIFIA FEBRIYANTI | D37: P | E37: 74 | F37: IPS | G37: Kelas IPS - FISIKA DAN KIMIA | H37: SMPN 2 PAMEKASAN | J37: Pretasi Non Akademik | K37: J
B38: 0078867533 | C38: RAMZI AHMAD MAULADI | D38: L | E38: 62 | F38: IPS | G38: Kelas IPS - FISIKA DAN KIMIA | H38: SMP PLUS NURUL HIKMAH | J38: Tenaga Medis/Covid-19 | K38: J
B39: 0084010171 | C39: NURSA BAITY JANNATY | D39: P | E39: 58 | F39: IPS | G39: Kelas IPS - FISIKA DAN KIMIA | H39: SMPN 2 PAMEKASAN | J39: Pretasi Akademik | K39: J
B40: 0089910901 | C40: WIDYA SUKMA HAYYU MAHRETA | D40: P | E40: 56 | F40: IPS | G40: Kelas IPS - FISIKA DAN KIMIA | H40: SMPN 2 PAMEKASAN | J40: Pretasi Akademik | K40: J
B41: 0089117071 | C41: ERFINA TRI MAULIDIA | D41: P | E41: 52 | F41: IPS | G41: Kelas IPS - FISIKA DAN KIMIA | H41: SMP PLUS NURUL HIKMAH | I41: 085233162352 | J41: Akademik/Rapor | K41: J
B42: 0085807122 | C42: APRILLIYANI FADILAH | D42: P | E42: 48 | F42: IPS | G42: Kelas IPS - FISIKA DAN KIMIA | H42: SMPN 2 PAMEKASAN | I42: 087752422376 | J42: Zonasi | K42: J
B43: 0078698378 | C43: FARIDATUR RAHMAH | D43: P | E43: 46 | F43: IPS | G43: Kelas IPS - FISIKA DAN KIMIA | H43: MTSN 1 PAMEKASAN-KEC. PADEMAWU | I43: 081222842950 | J43: Akademik/Rapor | K43: J
B44: 0077961804 | C44: AMILIA EKA SAFITRIH | D44: P | E44: 44 | F44: IPS | G44: Kelas IPS - FISIKA DAN KIMIA | H44: SMPN 5 PAMEKASAN | I44: 081703496580 | J44: Zonasi | K44: J
B45: 0088986107 | C45: NURI MAULIDIYA FITRIA | D45: P | E45: 44 | F45: IPS | G45: Kelas IPS - FISIKA DAN KIMIA | H45: SMPN 1 PAMEKASAN | J45: Pretasi Akademik | K45: J
B46: 0076141670 | C46: NAURA PUTRI FAKHRIYA | D46: P | E46: 38 | F46: IPS | G46: Kelas IPS - FISIKA DAN KIMIA | H46: SMPN 1 PAMEKASAN | I46: 081335394003 | J46: Zonasi | K46: J
B47: 0076192452 | C47: IKHWAL MAULANA SYARIF | D47: L | E47: 34 | F47: IPS | G47: Kelas IPS - FISIKA DAN KIMIA | H47: MTSS BUSTANUL MUBTADIIN-KEC. PROPPO | I47: 082132325151 | J47: Zonasi | K47: J
B48: 0084013963 | C48: ERSYIRA DIARA PUTRI | D48: P | E48: 32 | F48: IPA | G48: 3). Kelas IPA - Ekonomi dan Geografi. | H48: SMPN 1 PAMEKASAN | J48: Afirmasi/KIP/KIS/SKTM | K48: J
B49: 0087802803 | C49: IQLIMA RAHADATUL AISY | D49: P | E49: 32 | F49: IPA | G49: 3). Kelas IPA - Ekonomi dan Geografi. | H49: SMPN 2 PAMEKASAN | I49: 085236928728 | J49: Zonasi | K49: J
B50: 0083661007 | C50: MOH ROMAN ASSHIDDIK | D50: L | E50: 32 | F50: IPA | G50: 2).Kelas IPA - Ekonomi dan Sosiologi | H50: SMP PLUS NURUL HIKMAH | I50: 082331233314 | J50: Zonasi | K50: J
B51: 0076747562 | C51: ZAINAL MUHED ABDULLAH | D51: L | E51: 32 | F51: IPA | G51: 2).Kelas IPA - Ekonomi dan Sosiologi | H51: MTSN 1 PAMEKASAN-KEC. PADEMAWU | I51: 085335909877 | J51: Akademik/Rapor | K51: J
B52: 0078583354 | C52: IMELDA NOVITA WULANDARY | D52: P | E52: 30 | F52: IPA | G52: 3). Kelas IPA - Ekonomi dan Geografi. | H52: SMPN 2 PAMEKASAN | J52: Pretasi Non Akademik | K52: J
B53: 0088677884 | C53: LUTHFI DWI JULIYANTO | D53: L | E53: 30 | F53: IPS | G53: Kelas IPS - FISIKA DAN KIMIA | H53: SMPN 5 PAMEKASAN | I53: 081333433627 | J53: Zonasi | K53: J
B54: 0077394028 | C54: NAGITA SABILA AFANI | D54: P | E54: 30 | F54: IPS | G54: Kelas IPS - FISIKA DAN KIMIA | H54: SMPN 1 PAMEKASAN | I54: 089518822067 | J54: Zonasi | K54: J
B55: 0083925714 | C55: RANGGA RHAMADANI FEBRIYANSYAH | D55: L | E55: 30 | F55: IPA | G55: 2).Kelas IPA - Ekonomi dan Sosiologi | H55: SMPN 2 PAMEKASAN | I55: 085234819896 | J55: Zonasi | K55: J
B56: 0083600916 | C56: SALSABILA SETIA BUDI | D56: P | E56: 30 | F56: IPA | G56: 2).Kelas IPA - Ekonomi dan Sosiologi | H56: MTSN 1 PAMEKASAN-KEC. PADEMAWU | J56: Pretasi Akademik | K56: J
B57: 0079255797 | C57: YULI | D57: P | E57: 30 | F57: IPA | G57: 1).Kelas IPA - Ekonomi dan Sastra Inggris | H57: SMPN 1 PAMEKASAN | J57: Afirmasi/KIP/KIS/SKTM | K57: J
B58: 0088504353 | C58: ADITYA CATUR FIRMANSYAH | D58: L | E58: 28 | F58: IPA | G58: 3). Kelas IPA - Ekonomi dan Geografi. | H58: SMPN 1 PAMEKASAN | I58: 081216900245 | J58: Zonasi | K58: J
B59: 0079808271 | C59: M NIBRAAS PUTRA ANJANU A | D59: L | E59: 28 | F59: IPA | G59: 2).Kelas IPA - Ekonomi dan Sosiologi | H59: SMPN 2 PAMEKASAN | I59: 085335870196 | J59: Zonasi | K59: J
B60: 0086024702 | C60: NURUL HUSNAWATI | D60: P | E60: 28 | F60: IPA | G60: 3). Kelas IPA - Ekonomi dan Geografi. | H60: SMPN 1 PAMEKASAN | J60: Afirmasi/KIP/KIS/SKTM | K60: J
B61: 0074650274 | C61: RASYA RAFI AZIS | D61: L | E61: 28 | F61: IPA | G61: 2).Kelas IPA - Ekonomi dan Sosiologi | H61: SMPN 2 PAMEKASAN | I61: 087844167431 | J61: Zonasi | K61: J
B62: 0075332404 | C62: RIZQUNA RAIHAN ABDILLAH | D62: L | E62: 28 | F62: IPA | G62: 3). Kelas IPA - Ekonomi dan Geografi. | H62: SMPN 2 PAMEKASAN | I62: 082331272760 | J62: Zonasi | K62: J
B63: 0073908078 | C63: ZABRINA SAFIRA PUTRI YUNIAR | D63: P | E63: 28 | F63: IPA | G63: 2).Kelas IPA - Ekonomi dan Sosiologi | H63: SMPN 1 PAMEKASAN | J63: Afirmasi/KIP/KIS/SKTM | K63: J
B64: 0073545657 | C64: AMELIA OKTA WIDIA SYAFITRI | D64: P | E64: 26 | F64: IPA | G64: 2).Kelas IPA - Ekonomi dan Sosiologi | H64: SMPN 1 LARANGAN | I64: 087860023373 | J64: Akademik/Rapor | K64: J
B65: 0084901963 | C65: FAZHA YUNINTA ARISKA | D65: P | E65: 26 | F65: IPA | G65: 3). Kelas IPA - Ekonomi dan Geografi. | H65: SMPN 2 PAMEKASAN | I65: 085732752378 | J65: Zonasi | K65: J
B66: 0073007613 | C66: MOHAMMAD HAIKAL BAIDHOWI | D66: L | E66: 26 | F66: IPA | G66: 2).Kelas IPA - Ekonomi dan Sosiologi | H66: SMPN 2 PAMEKASAN | I66: 089513776929 | J66: Zonasi | K66: J
B67: 0082275043 | C67: MOH FERDINAN ALI AKBAR | D67: L | E67: 24 | F67: IPA | G67: 3). Kelas IPA - Ekonomi dan Geografi. | H67: MTSN 2 PAMEKASAN-KEC. PAMEKASAN | I67: 0895369926600 | J67: Zonasi | K67: J
B68: 0073143358 | C68: BIMA MEIDIAN WISESA | D68: L | E68: 20 | F68: IPA | G68: 3). Kelas IPA - Ekonomi dan Geografi. | H68: SMP PLUS NURUL HIKMAH | J68: Afirmasi/KIP/KIS/SKTM | K68: J
B69: 0081600623 | C69: NAUFAL PUTRA ASSAMSYAH | D69: L | E69: 20 | F69: IPA | G69: 2).Kelas IPA - Ekonomi dan Sosiologi | H69: SMPN 1 PAMEKASAN | I69: 081230369772 | J69: Zonasi | K69: J
B70: 0073918757 | C70: MUHAMMAD RAFI FAUZIE | D70: L | E70: 16 | F70: IPA | G70: 3). Kelas IPA - Ekonomi dan Geografi. | H70: SMPN 2 PAMEKASAN | I70: 082331013134 | J70: Zonasi | K70: J
B71: 0087501570 | C71: TALITHA SALWA | D71: P | E71: 16 | F71: IPS | G71: Kelas IPS - FISIKA DAN KIMIA | H71: SMPIT AL HAROMAIN-KEC.PASEAN PAMEKASAN | I71: 081252894646 | J71: Akademik/Rapor | K71: J
B72: 0071592792 | C72: ATTA SILVIA FIRYANANDA | D72: P | E72: 0 | F72: IPA | G72: 1).Kelas IPA - Ekonomi dan Sastra Inggris | H72: SMP NEGERI 1 GLENMORE-KAB. BANYUWANGI | J72: Pretasi Non Akademik | K72: J
B73: 0082097943 | C73: MAULANA YASIN AMRULLAH | D73: L | E73: 30 | F73: IPA | G73: 2).Kelas IPA - Ekonomi dan Sosiologi | H73: SMP PLUS NURUL HIKMAH | I73: 08520979942 | J73: Zonasi

Sheet Wali Kelas
A3: A | B3: FAHRIS SHIYAM S.Pd.I | C3: 199004082020122000
A4: B | B4: UKHIDAH YULIANI M.Pd | C4: 197807012006042025
A5: C | B5: JUWAIRIYAH S.Pd, | C5: 197701062006042013
A6: D | B6: PURNAMAWATI S.Pd., M.Pd. | C6: 197207252006042015
A7: E | B7: KHAIRUN NISAK S.Pd | C7: 198505082022212040
A8: F | B8: DWI SEPTIANA LIAN S, M.Pd.
A9: G | B9: NUR HIDAYAT M.Pd. | C9: 196708151989011003
A10: H | B10: FATIMATUS ZAHRAH S.Pd, | C10: 196811301996032003
A11: I | B11: TRIANA AGUSTIN S. Pd. | C11: 199408172022212019
A12: J | B12: EKA JUWITA WIJDANIYAH S.Pd. | C12: 199501282020122020

Sheet INDUK
A3: NO | B3: NIS | C3: NISN | D3: NAMA | E3: L/P | F3: KLAS
A4: 1 | B4: 14222 | C4: 0076107200 | D4: ABDIA NABILA RAMADIANTI | E4: P | F4: H
A5: 2 | B5: 14223 | C5: 0082670481 | D5: ACH ALIF RAHMAN | E5: L | F5: I
A6: 3 | B6: 14224 | C6: 0088967352 | D6: ACHMAD ARYAPUTRA MAHARDIKA | E6: L | F6: G
A7: 4 | B7: 14225 | C7: 0079461775 | D7: ACHMAD FAUZAN JAUZI | E7: L | F7: C
A8: 5 | B8: 14226 | C8: 0076719781 | D8: ACHMAD HASBI RAMADAN | E8: L | F8: C
A9: 6 | B9: 14227 | C9: 0088504353 | D9: ADITYA CATUR FIRMANSYAH | E9: L | F9: J
A10: 7 | B10: 14228 | C10: 0082830491 | D10: ADITYA MAULANA SETIABUDI | E10: L | F10: G
A11: 8 | B11: 14229 | C11: 0079782785 | D11: AFIF RAMADHANI ASAD | E11: L | F11: E
A12: 9 | B12: 14230 | C12: 0081600622 | D12: AFRA NAILA HIDAYATI | E12: P | F12: B
A13: 10 | B13: 14231 | C13: 0088013010 | D13: AGIL KURNIAWAN | E13: L | F13: E
A14: 11 | B14: 14232 | C14: 0071036796 | D14: AGNES SETIAWAN | E14: P | F14: D
A15: 12 | B15: 14233 | C15: 0071282729 | D15: AHMAD ALIEF MADANI | E15: L | F15: A
... A359: 36 | B359: 14577 | C359: 0078407936 | D359: ZULVIA ZAKIYATI | E359: P | F359: B
E360: =COUNTIFS($E$4:$E$359,"L") -> 132
E361: =COUNTIFS($E$4:$E$359,"P") -> 224

Sheet Sheet2
