Workbook

Sheet semua kls
AE1: ZONASI | AF1: 0097062522 | AG1: 20527197 | AH1: ACHMAD RIZQON JANUAR | AI1: L
AE2: ZONASI | AF2: 0093351007 | AG2: 20583363 | AH2: Adintya Djasmine Aulia | AI2: P
AE3: ZONASI | AF3: 0065403876 | AG3: 20527197 | AH3: AMIEN FIRDAUS | AI3: L
A4: Tahun Pelajaran 2025 / 2026 | AE4: RAPORT | AF4: 0099607321 | AG4: 20527180 | AH4: AUFA FIKRI FIRDAUS | AI4: L
AE5: ZONASI | AF5: 0087421628 | AG5: 20527202 | AH5: Bagas Mahardika Putra | AI5: L
AE6: ZONASI | AF6: 0088629626 | AG6: 20527180 | AH6: BELVA PRATISARA DIYAS | AI6: P
A7: No | B7: NIS | C7: NISN | D7: Nama Siswa | E7: L/P | F7: Wali Kelas : | I7: RATNAWATI SUDIARSIH, S.S.i | T7: NIP : | V7: 19780412 200604 2 018 | AE7: RAPORT | AF7: 0092639463 | AG7: 20527197 | AH7: DAFFA MAULIDAN PUTRA LAKSONO | AI7: L
F8: TGL : | N8: TGL : | V8: TGL : | AE8: KIP | AF8: 0085034059 | AG8: 20566545 | AH8: Desvita Anggraini | AI8: P
F9: 1 | G9: 2 | H9: 3 | I9: 4 | J9: 5 | K9: 6 | L9: 7 | M9: 8 | N9: 1 | O9: 2 | P9: 3 | Q9: 4 | R9: 5 | S9: 6 | T9: 7 | U9: 8 | V9: 1 | W9: 2 | X9: 3 | Y9: 4 | Z9: 5 | AA9: 6 | AB9: 7 | AC9: 8 | AE9: RAPORT | AF9: 0082864028 | AG9: 20527193 | AH9: Dirgantara Fairuz Iftikhori | AI9: L
A10: 1 | B10: 14596 | C10: 0097062522 | D10: ACHMAD RIZQON JANUAR | E10: L | G10: A | AE10: RAPORT | AF10: 0082847597 | AG10: 20527180 | AH10: FIYHIMA AINANI TAJRIYAN | AI10: P | AJ10: =UPPER(D10) -> ACHMAD RIZQON JANUAR | AY10: 1 | AZ10: 14591 | BA10: 0082986450 | BB10: ACH IMAM MURTADHO | BC10: L | BD10: A
A11: 2 | B11: 14600 | C11: 0088648714 | D11: ADINDA ZIFANNA OKTAFIA | E11: P | G11: A | AE11: AKDMK | AF11: 0093695374 | AG11: 20528609 | AH11: GILANG ALFAHRIZI | AI11: L | AJ11: =UPPER(D11) -> ADINDA ZIFANNA OKTAFIA | AY11: 2 | AZ11: 14601 | BA11: 0093351007 | BB11: ADINTYA DJASMINE AULIA | BC11: P | BD11: A
A12: 3 | B12: 14603 | C12: 0099522649 | D12: ADLI YUSUF ALIFDI | E12: L | G12: A | AE12: AKDMK | AF12: 0088601519 | AG12: 20583410 | AH12: HILMAN FUADI | AI12: L | AJ12: =UPPER(D12) -> ADLI YUSUF ALIFDI | AY12: 3 | AZ12: 14602 | BA12: 0087175500 | BB12: ADLI MOURA ADYTIA RAUF | BC12: L | BD12: A
A13: 4 | B13: 14609 | C13: 0096776269 | D13: AISYAH ANA HARIYANTO | E13: P | G13: A | AE13: KIP | AF13: 0092932213 | AG13: 20527185 | AH13: ISWAHYUDI ARIF SETIAWAN | AI13: L | AJ13: =UPPER(D13) -> AISYAH ANA HARIYANTO | AY13: 4 | AZ13: 14603 | BA13: 0099522649 | BB13: ADLI YUSUF ALIFDI | BC13: L | BD13: A
A14: 6 | B14: 14611 | C14: 0086109051 | D14: AISYAH AZZAHRA | E14: P | G14: A | AE14: ZONASI | AF14: 0083224313 | AG14: 20527197 | AH14: LATIFA SALMA | AI14: P | AJ14: =UPPER(D14) -> AISYAH AZZAHRA | AY14: 5 | AZ14: 14614 | BA14: 0095256057 | BB14: AKBAR RAHMATULLAH RAMADHAN | BC14: L | BD14: A
A15: 7 | B15: 14631 | C15: 3099859817 | D15: ANAS NUR ASMORI | E15: L | G15: A | AE15: RAPORT | AF15: 0098566431 | AG15: 20527197 | AH15: MARSYANAIRA VANESA CELIA | AI15: P | AJ15: =UPPER(D15) -> ANAS NUR ASMORI | AY15: 6 | AZ15: 14616 | BA15: 0084641835 | BB15: AKRAM ARKANANTA FIRDAUS | BC15: L | BD15: A
A16: 3 | B16: 14635 | C16: 0089933258 | D16: ANDREA NAUFAL SETIAWAN | E16: L | G16: A | AE16: RAPORT | AF16: 0099315210 | AG16: 20528625 | AH16: MIFTAHUL FADLI DANIAR | AI16: L | AJ16: =UPPER(D16) -> ANDREA NAUFAL SETIAWAN | AY16: 7 | AZ16: 14619 | BA16: 0095986339 | BB16: ALDO SUKMA MAULIDZI | BC16: L | BD16: A
A17: 9 | B17: 14640 | C17: 0095088946 | D17: ARIANNA FATHIA LATHIEFANI | E17: P | G17: A | AE17: ZONASI | AF17: 0099559196 | AG17: 20527180 | AH17: MOH FIKI ALAN FAJRI | AI17: L | AJ17: =UPPER(D17) -> ARIANNA FATHIA LATHIEFANI | AY17: 8 | AZ17: 14621 | BA17: 0096013702 | BB17: ALISHA RAMADHANI POERNOMO | BC17: P | BD17: A
A18: 3 | B18: 14643 | C18: 0083337131 | D18: ARINI ULFA HIDAYATI | E18: P | G18: A | AE18: ZONASI | AF18: 0087638152 | AG18: 20527197 | AH18: MOH RAFLI AMIRUL IMAN | AI18: L | AJ18: =UPPER(D18) -> ARINI ULFA HIDAYATI | AY18: 9 | AZ18: 14628 | BA18: 0083093788 | BB18: AMELIA RIZKI RAMADHANI SURYANTO | BC18: P | BD18: A
A19: 5 | B19: 14646 | C19: 0094498632 | D19: ARYA DEFIAN AL FARABI | E19: L | G19: A | AE19: ZONASI | AF19: 0087990908 | AG19: 20527197 | AH19: MOH RISHAL HIDAYAT | AI19: L | AJ19: =UPPER(D19) -> ARYA DEFIAN AL FARABI | AY19: 10 | AZ19: 14660 | BA19: 0098143816 | BB19: AZIMU NASYWA YATRIN | BC19: P | BD19: A
A20: 12 | B20: 14657 | C20: 0081651505 | D20: AURIGA SYAFHA FAIRUZ SYAHREZA | E20: L | G20: A | AE20: ZONASI | AF20: 0096039518 | AG20: 20527197 | AH20: MOHMASYRUR | AI20: L | AJ20: =UPPER(D20) -> AURIGA SYAFHA FAIRUZ SYAHREZA | AY20: 11 | AZ20: 14663 | BA20: 0088629626 | BB20: BELVA PRATISARA DIYAS | BC20: P | BD20: A
A21: 8 | B21: 14679 | C21: 0098040950 | D21: CHRISTOFFER CONSTANTINE SANTOSO | E21: L | G21: A | AE21: ZONASI | AF21: 0095615344 | AG21: 69816340 | AH21: MUHAMMAD FAKHRY HIDAYAT | AI21: L | AJ21: =UPPER(D21) -> CHRISTOFFER CONSTANTINE SANTOSO | AY21: 12 | AZ21: 14664 | BA21: 0093463371 | BB21: BENNETT WANG | BC21: L | BD21: A
... A27: 17 | B27: 14743 | C27: 0104564202 | D27: KAYLA AIKO MARITZA | E27: P | G27: A | AE27: KIP | AF27: 0086615669 | AG27: 20527202 | AH27: Oktarina Syawla Putri | AI27: P | AJ27: =UPPER(D27) -> KAYLA AIKO MARITZA | AY27: 18 | AZ27: 14713 | BA27: 0156061180 | BB27: FIRZA AMIRA EL FAIZA | BC27: P | BD27: A
A28: 12 | B28: 14764 | C28: 0085428877 | D28: MALIKA ALFATIA PUTRI | E28: P | G28: A | AE28: RAPORT | AF28: 3081834782 | AG28: 20528625 | AH28: RARA QONITA ROYHANI | AI28: P | AJ28: =UPPER(D28) -> MALIKA ALFATIA PUTRI | AY28: 19 | AZ28: 14728 | BA28: 0084133818 | BB28: HIFANI DWI ARFIANSYAH | BC28: L | BD28: A
A29: 20 | B29: 14767 | C29: 0083556423 | D29: MARVEL GILBERT VILIANTO | E29: L | G29: A | AE29: ZONASI | AF29: 0086255643 | AG29: 20527180 | AH29: REVIANA ZAHRA | AI29: P | AJ29: =UPPER(D29) -> MARVEL GILBERT VILIANTO | AY29: 20 | AZ29: 14746 | BA29: 3089324280 | BB29: KEYZHA LUCYANA ADHIA RINDA | BC29: P | BD29: A
A30: 21 | B30: 14790 | C30: 0099057804 | D30: MOH RIZKY ADITIANSYAH | E30: L | G30: A | AE30: NON AKD | AF30: 0095745897 | AG30: 20527193 | AH30: RIZKIANA INTANSARI | AI30: P | AJ30: =UPPER(D30) -> MOH RIZKY ADITIANSYAH | AY30: 21 | AZ30: 14765 | BA30: 0082984202 | BB30: MALIKA APRILIA SYAFIUN | BC30: P | BD30: A
A31: 22 | B31: 14793 | C31: 0093607543 | D31: MOH ZACKY MAULANA FIRDAUSI | E31: L | G31: A | AE31: AKDMK | AF31: 0083907588 | AG31: 20527180 | AH31: RUH SYAFIRA CAHYANING PAWASA | AI31: P | AJ31: =UPPER(D31) -> MOH ZACKY MAULANA FIRDAUSI | AY31: 22 | AZ31: 14768 | BA31: 0092796237 | BB31: MAULANA AINUL YAQIN | BC31: L | BD31: A
A32: 27 | B32: 14796 | C32: 0081411031 | D32: MOHAMMAD ALVI SYAHRIN | E32: L | G32: A | AE32: ZONASI | AF32: 0083041624 | AG32: 20527197 | AH32: SALSABILA PUTRI HIDAYAT | AI32: P | AJ32: =UPPER(D32) -> MOHAMMAD ALVI SYAHRIN | AY32: 23 | AZ32: 14772 | BA32: 0081442566 | BB32: MEITA NAJMI BERLIANTI | BC32: P | BD32: A
A33: 19 | B33: 14820 | C33: 0094289783 | D33: MUHAMMAD NADHIF AZARIA PUTRA | E33: L | G33: A | AE33: RAPORT | AF33: 0109424194 | AG33: 20583367 | AH33: SARAH SALSABILA | AI33: P | AJ33: =UPPER(D33) -> MUHAMMAD NADHIF AZARIA PUTRA | AY33: 24 | AZ33: 14799 | BA33: 0093901388 | BB33: MOHAMMAD GHAVIN AZZARYA TAMRIN | BC33: L | BD33: A
A34: 20 | B34: 14824 | C34: 0083986747 | D34: MUHAMMAD RIZQI MAULIDI | E34: L | G34: A | AE34: RAPORT | AF34: 0081315442 | AG34: 20527197 | AH34: SEPTI RAHMADIYANTI | AI34: P | AJ34: =UPPER(D34) -> MUHAMMAD RIZQI MAULIDI | AY34: 25 | AZ34: 14809 | BA34: 0098327801 | BB34: MUHAMMAD FAKHRULLAH AGIEL | BC34: L | BD34: A
A35: 29 | B35: 14836 | C35: 0093580431 | D35: NALANDA SYAHBANIA ARDHIANSYAH | E35: P | G35: A | AE35: ZONASI | AF35: 0085713874 | AG35: 20527180 | AH35: TANIA KHANZA FIRNANDA RAMADHANI | AI35: P | AJ35: =UPPER(D35) -> NALANDA SYAHBANIA ARDHIANSYAH | AY35: 26 | AZ35: 14821 | BA35: 0093657785 | BB35: MUHAMMAD NIBRAS FACHRULLAH | BC35: L | BD35: A
A36: 31 | B36: 14855 | C36: 0086800316 | D36: NUR RIZQA ZANJABILA | E36: P | G36: A | AE36: NON AKD | AF36: 0099637523 | AG36: 20527197 | AH36: Tulus Firmansyah | AI36: L | AJ36: =UPPER(D36) -> NUR RIZQA ZANJABILA | AY36: 27 | AZ36: 14839 | BA36: 0081216364 | BB36: NAUFAL ALWAN HAKIM | BC36: L | BD36: A
A37: 29 | B37: 14858 | C37: 0088066553 | D37: NURINDA NOVIANTI | E37: P | G37: A | AJ37: =UPPER(D37) -> NURINDA NOVIANTI | AY37: 28 | AZ37: 14843 | BA37: 0091667325 | BB37: NAURA WILDA SAFITRI | BC37: P | BD37: A
A38: 29 | B38: 14866 | C38: 0092243247 | D38: PATO ALTHAF MULYAWAN | E38: L | G38: A | AJ38: =UPPER(D38) -> PATO ALTHAF MULYAWAN | AY38: 29 | AZ38: 14847 | BA38: 0081449501 | BB38: NAYLA CLARESTA MEDISTYA | BC38: P | BD38: A
A39: 25 | B39: 14870 | C39: 0096807022 | D39: PUTRI RIZKI FAMADANI | E39: P | G39: A | AJ39: =UPPER(D39) -> PUTRI RIZKI FAMADANI | AY39: 30 | AZ39: 14848 | BA39: 0097064727 | BB39: NAYLA SHAFA AZZAHRA | BC39: P | BD39: A
A40: 30 | B40: 14871 | C40: 0098997217 | D40: R RAIHANUN FEBRIYANA SUGIHARTO | E40: P | G40: A | AJ40: =UPPER(D40) -> R RAIHANUN FEBRIYANA SUGIHARTO | AY40: 31 | AZ40: 14850 | BA40: 0097690860 | BB40: NAZWA AULIA NUR ROSIDAH | BC40: P | BD40: A
A41: 30 | B41: 14881 | C41: 0096094178 | D41: RAIS AULIA ATTAMIMY WIJAYA | E41: L | G41: A | AJ41: =UPPER(D41) -> RAIS AULIA ATTAMIMY WIJAYA | AY41: 32 | AZ41: 14863 | BA41: 0091784100 | BB41: OWEN FILIPO SANTOSO | BC41: L | BD41: A
A42: 29 | B42: 14886 | C42: 3081834782 | D42: RARA QONITA ROYHANI | E42: P | G42: A | AJ42: =UPPER(D42) -> RARA QONITA ROYHANI | AY42: 33 | AZ42: 14901 | BA42: 0081550255 | BB42: SABRINA YASMIN FIRYAL SISWANTO | BC42: P | BD42: A
A43: 34 | B43: 14894 | C43: 0099773502 | D43: RIANA MAULIDIA | E43: P | G43: A | AJ43: =UPPER(D43) -> RIANA MAULIDIA | AY43: 34 | AZ43: 14908 | BA43: 0088888355 | BB43: SAVIRA ELDIANA | BC43: P | BD43: A
A44: 36 | B44: 14934 | C44: 0089463780 | D44: UMI KULSUM WARDANI | E44: P | G44: A | AJ44: =UPPER(D44) -> UMI KULSUM WARDANI | AY44: 35 | AZ44: 14937 | BA44: 0093897835 | BB44: VINA ISTIANA | BC44: P | BD44: A
A45: 4 | B45: 14940 | C45: 0085106484 | D45: VIRGI AZMI YUSSININGTYAS | E45: P | G45: A | AJ45: =UPPER(D45) -> VIRGI AZMI YUSSININGTYAS | AY45: 36 | AZ45: 14947 | BA45: 0083715423 | BB45: ZAUMAR ABDURRAHMAN RITONGA | BC45: L | BD45: A
A46: 2 | B46: 14601 | C46: 0093351007 | D46: ADINTYA DJASMINE AULIA | E46: P | G46: B
A47: 4 | B47: 14624 | C47: 0105298760 | D47: ALVINA RIZKI ANDINI | E47: P | G47: B
A48: 4 | B48: 14641 | C48: 0082440195 | D48: ARIF RAHMAN ALFATHIR | E48: L | G48: B
A49: 7 | B49: 14649 | C49: 0095437804 | D49: ASYRA MARDHODILLAH SHAFA | E49: P | G49: B
A50: 8 | B50: 14651 | C50: 0088166851 | D50: AULIA FAIZAH | E50: P | G50: B
A51: 13 | B51: 14668 | C51: 0087658356 | D51: BIMA SATRIA PUTRA RISMAWAN | E51: L | G51: B
A52: 6 | B52: 14672 | C52: 3094339612 | D52: BUMI SUKMAWATI | E52: P | G52: B
A53: 14 | B53: 14681 | C53: 0092639463 | D53: DAFFA MAULIDAN PUTRA LAKSONO | E53: L | G53: B
A54: 5 | B54: 14684 | C54: 0085034059 | D54: DESVITA ANGGRAINI | E54: P | G54: B
A55: 9 | B55: 14685 | C55: 0091631646 | D55: DEVANI BAGUS ZAKIYAN | E55: L | G55: B
A56: 10 | B56: 14702 | C56: 0093488510 | D56: FARAND M YUNUS AL FARIZY | E56: L | G56: B
A57: 11 | B57: 14724 | C57: 0083785128 | D57: HANIK AWALIYATUN NANDINI | E57: P | G57: B
... A364: 35 | B364: 14931 | C364: 0096666857 | D364: TRIO LANANG PRAKOSO | E364: L | G364: J
A365: 16 | B365: 14747 | C365: 3082508031 | D365: KHAIRUNNAS ARRASYID | E365: L
A366: 32 | B366: 14910 | C366: 0086479528 | D366: SELVIA RAMADHANI | E366: L

Sheet KELAS
AE1: ZONASI | AF1: 0097062522 | AG1: 20527197 | AH1: ACHMAD RIZQON JANUAR | AI1: L
AE2: ZONASI | AF2: 0093351007 | AG2: 20583363 | AH2: Adintya Djasmine Aulia | AI2: P
AE3: ZONASI | AF3: 0065403876 | AG3: 20527197 | AH3: AMIEN FIRDAUS | AI3: L
A4: Tahun Pelajaran 2024 / 2025 | AE4: RAPORT | AF4: 0099607321 | AG4: 20527180 | AH4: AUFA FIKRI FIRDAUS | AI4: L
AE5: ZONASI | AF5: 0087421628 | AG5: 20527202 | AH5: Bagas Mahardika Putra | AI5: L
AE6: ZONASI | AF6: 0088629626 | AG6: 20527180 | AH6: BELVA PRATISARA DIYAS | AI6: P
A7: No | B7: NIS | C7: NISN | D7: Nama Siswa | E7: L/P | F7: Wali Kelas : | I7: SOEGIHARTO B.P., S.Pd. | T7: NIP : | V7: 197008312006041004 - III/c | AE7: RAPORT | AF7: 0092639463 | AG7: 20527197 | AH7: DAFFA MAULIDAN PUTRA LAKSONO | AI7: L
F8: TGL : | N8: TGL : | V8: TGL : | AE8: KIP | AF8: 0085034059 | AG8: 20566545 | AH8: Desvita Anggraini | AI8: P
F9: 1 | G9: 2 | H9: 3 | I9: 4 | J9: 5 | K9: 6 | L9: 7 | M9: 8 | N9: 1 | O9: 2 | P9: 3 | Q9: 4 | R9: 5 | S9: 6 | T9: 7 | U9: 8 | V9: 1 | W9: 2 | X9: 3 | Y9: 4 | Z9: 5 | AA9: 6 | AB9: 7 | AC9: 8 | AE9: RAPORT | AF9: 0082864028 | AG9: 20527193 | AH9: Dirgantara Fairuz Iftikhori | AI9: L
A10: 1 | B10: 14591 | C10: 0082986450 | D10: ACH IMAM MURTADHO | E10: L | AD10: A | AE10: RAPORT | AF10: 0082847597 | AG10: 20527180 | AH10: FIYHIMA AINANI TAJRIYAN | AI10: P | AJ10: =UPPER(D10) -> ACH IMAM MURTADHO
A11: 2 | B11: 14601 | C11: 0093351007 | D11: ADINTYA DJASMINE AULIA | E11: P | AD11: A | AE11: AKDMK | AF11: 0093695374 | AG11: 20528609 | AH11: GILANG ALFAHRIZI | AI11: L | AJ11: =UPPER(D11) -> ADINTYA DJASMINE AULIA
A12: 3 | B12: 14602 | C12: 0087175500 | D12: ADLI MOURA ADYTIA RAUF | E12: L | AD12: A | AE12: AKDMK | AF12: 0088601519 | AG12: 20583410 | AH12: HILMAN FUADI | AI12: L | AJ12: =UPPER(D12) -> ADLI MOURA ADYTIA RAUF
A13: 4 | B13: 14603 | C13: 0099522649 | D13: ADLI YUSUF ALIFDI | E13: L | AD13: A | AE13: KIP | AF13: 0092932213 | AG13: 20527185 | AH13: ISWAHYUDI ARIF SETIAWAN | AI13: L | AJ13: =UPPER(D13) -> ADLI YUSUF ALIFDI
A14: 5 | B14: 14614 | C14: 0095256057 | D14: AKBAR RAHMATULLAH RAMADHAN | E14: L | AD14: A | AE14: ZONASI | AF14: 0083224313 | AG14: 20527197 | AH14: LATIFA SALMA | AI14: P | AJ14: =UPPER(D14) -> AKBAR RAHMATULLAH RAMADHAN
A15: 6 | B15: 14616 | C15: 0084641835 | D15: AKRAM ARKANANTA FIRDAUS | E15: L | AD15: A | AE15: RAPORT | AF15: 0098566431 | AG15: 20527197 | AH15: MARSYANAIRA VANESA CELIA | AI15: P | AJ15: =UPPER(D15) -> AKRAM ARKANANTA FIRDAUS
A16: 7 | B16: 14619 | C16: 0095986339 | D16: ALDO SUKMA MAULIDZI | E16: L | AD16: A | AE16: RAPORT | AF16: 0099315210 | AG16: 20528625 | AH16: MIFTAHUL FADLI DANIAR | AI16: L | AJ16: =UPPER(D16) -> ALDO SUKMA MAULIDZI
A17: 8 | B17: 14621 | C17: 0096013702 | D17: ALISHA RAMADHANI POERNOMO | E17: P | AD17: A | AE17: ZONASI | AF17: 0099559196 | AG17: 20527180 | AH17: MOH FIKI ALAN FAJRI | AI17: L | AJ17: =UPPER(D17) -> ALISHA RAMADHANI POERNOMO
A18: 9 | B18: 14628 | C18: 0083093788 | D18: AMELIA RIZKI RAMADHANI SURYANTO | E18: P | AD18: A | AE18: ZONASI | AF18: 0087638152 | AG18: 20527197 | AH18: MOH RAFLI AMIRUL IMAN | AI18: L | AJ18: =UPPER(D18) -> AMELIA RIZKI RAMADHANI SURYANTO
A19: 10 | B19: 14660 | C19: 0098143816 | D19: AZIMU NASYWA YATRIN | E19: P | AD19: A | AE19: ZONASI | AF19: 0087990908 | AG19: 20527197 | AH19: MOH RISHAL HIDAYAT | AI19: L | AJ19: =UPPER(D19) -> AZIMU NASYWA YATRIN
A20: 11 | B20: 14663 | C20: 0088629626 | D20: BELVA PRATISARA DIYAS | E20: P | AD20: A | AE20: ZONASI | AF20: 0096039518 | AG20: 20527197 | AH20: MOHMASYRUR | AI20: L | AJ20: =UPPER(D20) -> BELVA PRATISARA DIYAS
A21: 12 | B21: 14664 | C21: 0093463371 | D21: BENNETT WANG | E21: L | AD21: A | AE21: ZONASI | AF21: 0095615344 | AG21: 69816340 | AH21: MUHAMMAD FAKHRY HIDAYAT | AI21: L | AJ21: =UPPER(D21) -> BENNETT WANG
... A27: 18 | B27: 14713 | C27: 0156061180 | D27: FIRZA AMIRA EL FAIZA | E27: P | AD27: A | AE27: KIP | AF27: 0086615669 | AG27: 20527202 | AH27: Oktarina Syawla Putri | AI27: P | AJ27: =UPPER(D27) -> FIRZA AMIRA EL FAIZA
A28: 19 | B28: 14728 | C28: 0084133818 | D28: HIFANI DWI ARFIANSYAH | E28: L | AD28: A | AE28: RAPORT | AF28: 3081834782 | AG28: 20528625 | AH28: RARA QONITA ROYHANI | AI28: P | AJ28: =UPPER(D28) -> HIFANI DWI ARFIANSYAH
A29: 20 | B29: 14746 | C29: 3089324280 | D29: KEYZHA LUCYANA ADHIA RINDA | E29: P | AD29: A | AE29: ZONASI | AF29: 0086255643 | AG29: 20527180 | AH29: REVIANA ZAHRA | AI29: P | AJ29: =UPPER(D29) -> KEYZHA LUCYANA ADHIA RINDA
A30: 21 | B30: 14765 | C30: 0082984202 | D30: MALIKA APRILIA SYAFIUN | E30: P | AD30: A | AE30: NON AKD | AF30: 0095745897 | AG30: 20527193 | AH30: RIZKIANA INTANSARI | AI30: P | AJ30: =UPPER(D30) -> MALIKA APRILIA SYAFIUN
A31: 22 | B31: 14768 | C31: 0092796237 | D31: MAULANA AINUL YAQIN | E31: L | AD31: A | AE31: AKDMK | AF31: 0083907588 | AG31: 20527180 | AH31: RUH SYAFIRA CAHYANING PAWASA | AI31: P | AJ31: =UPPER(D31) -> MAULANA AINUL YAQIN
A32: 23 | B32: 14772 | C32: 0081442566 | D32: MEITA NAJMI BERLIANTI | E32: P | AD32: A | AE32: ZONASI | AF32: 0083041624 | AG32: 20527197 | AH32: SALSABILA PUTRI HIDAYAT | AI32: P | AJ32: =UPPER(D32) -> MEITA NAJMI BERLIANTI
A33: 24 | B33: 14799 | C33: 0093901388 | D33: MOHAMMAD GHAVIN AZZARYA TAMRIN | E33: L | AD33: A | AE33: RAPORT | AF33: 0109424194 | AG33: 20583367 | AH33: SARAH SALSABILA | AI33: P | AJ33: =UPPER(D33) -> MOHAMMAD GHAVIN AZZARYA TAMRIN
A34: 25 | B34: 14809 | C34: 0098327801 | D34: MUHAMMAD FAKHRULLAH AGIEL | E34: L | AD34: A | AE34: RAPORT | AF34: 0081315442 | AG34: 20527197 | AH34: SEPTI RAHMADIYANTI | AI34: P | AJ34: =UPPER(D34) -> MUHAMMAD FAKHRULLAH AGIEL
A35: 26 | B35: 14821 | C35: 0093657785 | D35: MUHAMMAD NIBRAS FACHRULLAH | E35: L | AD35: A | AE35: ZONASI | AF35: 0085713874 | AG35: 20527180 | AH35: TANIA KHANZA FIRNANDA RAMADHANI | AI35: P | AJ35: =UPPER(D35) -> MUHAMMAD NIBRAS FACHRULLAH
A36: 27 | B36: 14839 | C36: 0081216364 | D36: NAUFAL ALWAN HAKIM | E36: L | AD36: A | AE36: NON AKD | AF36: 0099637523 | AG36: 20527197 | AH36: Tulus Firmansyah | AI36: L | AJ36: =UPPER(D36) -> NAUFAL ALWAN HAKIM
A37: 28 | B37: 14843 | C37: 0091667325 | D37: NAURA WILDA SAFITRI | E37: P | AD37: A | AJ37: =UPPER(D37) -> NAURA WILDA SAFITRI
A38: 29 | B38: 14847 | C38: 0081449501 | D38: NAYLA CLARESTA MEDISTYA | E38: P | AD38: A | AJ38: =UPPER(D38) -> NAYLA CLARESTA MEDISTYA
A39: 30 | B39: 14848 | C39: 0097064727 | D39: NAYLA SHAFA AZZAHRA | E39: P | AD39: A | AJ39: =UPPER(D39) -> NAYLA SHAFA AZZAHRA
A40: 31 | B40: 14850 | C40: 0097690860 | D40: NAZWA AULIA NUR ROSIDAH | E40: P | AD40: A | AJ40: =UPPER(D40) -> NAZWA AULIA NUR ROSIDAH
A41: 32 | B41: 14863 | C41: 0091784100 | D41: OWEN FILIPO SANTOSO | E41: L | AD41: A | AJ41: =UPPER(D41) -> OWEN FILIPO SANTOSO
A42: 33 | B42: 14901 | C42: 0081550255 | D42: SABRINA YASMIN FIRYAL SISWANTO | E42: P | AD42: A | AJ42: =UPPER(D42) -> SABRINA YASMIN FIRYAL SISWANTO
A43: 34 | B43: 14908 | C43: 0088888355 | D43: SAVIRA ELDIANA | E43: P | AD43: A | AJ43: =UPPER(D43) -> SAVIRA ELDIANA
A44: 35 | B44: 14937 | C44: 0093897835 | D44: VINA ISTIANA | E44: P | AD44: A | AJ44: =UPPER(D44) -> VINA ISTIANA
A45: 36 | B45: 14947 | C45: 0083715423 | D45: ZAUMAR ABDURRAHMAN RITONGA | E45: L | AD45: A | AJ45: =UPPER(D45) -> ZAUMAR ABDURRAHMAN RITONGA
A46: 1 | B46: 14618 | C46: 0083172664 | D46: AL FATIH WAHYU BASALAMAH | E46: L | AD46: B
A47: 2 | B47: 14622 | C47: 0083060697 | D47: ALLAFA ALYYUS SULTANSYAH WIDJAYA | E47: L | AD47: B
A48: 3 | B48: 14623 | C48: 0093440845 | D48: ALLENA GIOVANNY SUGIARTO | E48: P | AD48: B
A49: 4 | B49: 14626 | C49: 0089803534 | D49: ALYSSA RISMA PARAMITHA | E49: P | AD49: B
A50: 5 | B50: 14630 | C50: 0086518583 | D50: AMIRA MUBAROK | E50: P | AD50: B
A51: 6 | B51: 14639 | C51: 0091280055 | D51: ARFAN NUBAID | E51: L | AD51: B
A52: 7 | B52: 14650 | C52: 0099607321 | D52: AUFA FIKRI FIRDAUS | E52: L | AD52: B
A53: 8 | B53: 14656 | C53: 0089056135 | D53: AURIEL DWIVANI PUTRA | E53: L | AD53: B
A54: 9 | B54: 14671 | C54: 0082665512 | D54: BRILLIANT BRAMARGANTARA PM | E54: L | AD54: B
A55: 10 | B55: 14677 | C55: 0089365793 | D55: CAROLINA AGUSTIN ARYA SARI | E55: P | AD55: B
A56: 11 | B56: 14693 | C56: 0099667385 | D56: DZAKY APTA PRANAJA FEBRIYANTO | E56: L | AD56: B
A57: 12 | B57: 14695 | C57: 0085570129 | D57: ELLYSWATY SALSABILA | E57: P | AD57: B
... A368: 35 | B368: 14943 | C368: 0082833966 | D368: YULIA MAULIDINA ARIEF | E368: P | AD368: J

Sheet no-induk
AE1: ZONASI | AF1: 0097062522 | AG1: 20527197 | AH1: ACHMAD RIZQON JANUAR | AI1: L
AE2: ZONASI | AF2: 0093351007 | AG2: 20583363 | AH2: Adintya Djasmine Aulia | AI2: P
AE3: ZONASI | AF3: 0065403876 | AG3: 20527197 | AH3: AMIEN FIRDAUS | AI3: L
A4: Tahun Pelajaran 2024 / 2025 | AE4: RAPORT | AF4: 0099607321 | AG4: 20527180 | AH4: AUFA FIKRI FIRDAUS | AI4: L
AE5: ZONASI | AF5: 0087421628 | AG5: 20527202 | AH5: Bagas Mahardika Putra | AI5: L
AE6: ZONASI | AF6: 0088629626 | AG6: 20527180 | AH6: BELVA PRATISARA DIYAS | AI6: P
A7: No | B7: NIS | C7: NISN | D7: Nama Siswa | E7: L/P | F7: Wali Kelas : | I7: SOEGIHARTO B.P., S.Pd. | T7: NIP : | V7: 197008312006041004 - III/c | AE7: RAPORT | AF7: 0092639463 | AG7: 20527197 | AH7: DAFFA MAULIDAN PUTRA LAKSONO | AI7: L
F8: TGL : | N8: TGL : | V8: TGL : | AE8: KIP | AF8: 0085034059 | AG8: 20566545 | AH8: Desvita Anggraini | AI8: P
F9: 1 | G9: 2 | H9: 3 | I9: 4 | J9: 5 | K9: 6 | L9: 7 | M9: 8 | N9: 1 | O9: 2 | P9: 3 | Q9: 4 | R9: 5 | S9: 6 | T9: 7 | U9: 8 | V9: 1 | W9: 2 | X9: 3 | Y9: 4 | Z9: 5 | AA9: 6 | AB9: 7 | AC9: 8 | AE9: RAPORT | AF9: 0082864028 | AG9: 20527193 | AH9: Dirgantara Fairuz Iftikhori | AI9: L
A10: 1 | B10: 14589 | C10: 0099987267 | D10: ABD HAMID MANAF | E10: L | AD10: D | AE10: RAPORT | AF10: 0082847597 | AG10: 20527180 | AH10: FIYHIMA AINANI TAJRIYAN | AI10: P | AJ10: =UPPER(D10) -> ABD HAMID MANAF
A11: 2 | B11: 14590 | C11: 0095463618 | D11: ABDURRAHMAN | E11: L | AD11: D | AE11: AKDMK | AF11: 0093695374 | AG11: 20528609 | AH11: GILANG ALFAHRIZI | AI11: L | AJ11: =UPPER(D11) -> ABDURRAHMAN
A12: 3 | B12: 14591 | C12: 0082986450 | D12: ACH IMAM MURTADHO | E12: L | AD12: A | AE12: AKDMK | AF12: 0088601519 | AG12: 20583410 | AH12: HILMAN FUADI | AI12: L | AJ12: =UPPER(D12) -> ACH IMAM MURTADHO
A13: 4 | B13: 14592 | C13: 0096081695 | D13: ACH NURUL HIDAYAT | E13: L | AD13: D | AE13: KIP | AF13: 0092932213 | AG13: 20527185 | AH13: ISWAHYUDI ARIF SETIAWAN | AI13: L | AJ13: =UPPER(D13) -> ACH NURUL HIDAYAT
A14: 5 | B14: 14593 | C14: 0087980048 | D14: ACH RIZKY RAMADHANA R | E14: L | AD14: H | AE14: ZONASI | AF14: 0083224313 | AG14: 20527197 | AH14: LATIFA SALMA | AI14: P | AJ14: =UPPER(D14) -> ACH RIZKY RAMADHANA R
A15: 6 | B15: 14594 | C15: 0092559700 | D15: ACHMAD AFIM INTI ISTIQAM | E15: L | AD15: I | AE15: RAPORT | AF15: 0098566431 | AG15: 20527197 | AH15: MARSYANAIRA VANESA CELIA | AI15: P | AJ15: =UPPER(D15) -> ACHMAD AFIM INTI ISTIQAM
A16: 7 | B16: 14595 | C16: 0097637507 | D16: ACHMAD RAFI AKBAR | E16: L | AD16: J | AE16: RAPORT | AF16: 0099315210 | AG16: 20528625 | AH16: MIFTAHUL FADLI DANIAR | AI16: L | AJ16: =UPPER(D16) -> ACHMAD RAFI AKBAR
A17: 8 | B17: 14596 | C17: 0097062522 | D17: ACHMAD RIZQON JANUAR | E17: L | AD17: F | AE17: ZONASI | AF17: 0099559196 | AG17: 20527180 | AH17: MOH FIKI ALAN FAJRI | AI17: L | AJ17: =UPPER(D17) -> ACHMAD RIZQON JANUAR
A18: 9 | B18: 14597 | C18: 0091162442 | D18: ADELIA ZAHRA WIEGUNANDA | E18: P | AD18: I | AE18: ZONASI | AF18: 0087638152 | AG18: 20527197 | AH18: MOH RAFLI AMIRUL IMAN | AI18: L | AJ18: =UPPER(D18) -> ADELIA ZAHRA WIEGUNANDA
A19: 10 | B19: 14598 | C19: 0097358875 | D19: ADILA RASYADAH RAHMAN | E19: P | AD19: I | AE19: ZONASI | AF19: 0087990908 | AG19: 20527197 | AH19: MOH RISHAL HIDAYAT | AI19: L | AJ19: =UPPER(D19) -> ADILA RASYADAH RAHMAN
A20: 11 | B20: 14599 | C20: 0088105454 | D20: ADINDA AYU RISTIANTI | E20: P | AD20: I | AE20: ZONASI | AF20: 0096039518 | AG20: 20527197 | AH20: MOHMASYRUR | AI20: L | AJ20: =UPPER(D20) -> ADINDA AYU RISTIANTI
A21: 12 | B21: 14600 | C21: 0088648714 | D21: ADINDA ZIFANNA OKTAFIA | E21: P | AD21: H | AE21: ZONASI | AF21: 0095615344 | AG21: 69816340 | AH21: MUHAMMAD FAKHRY HIDAYAT | AI21: L | AJ21: =UPPER(D21) -> ADINDA ZIFANNA OKTAFIA
... A27: 18 | B27: 14606 | C27: 3082095795 | D27: AGUSDHANI WAFRI | E27: L | AD27: H | AE27: KIP | AF27: 0086615669 | AG27: 20527202 | AH27: Oktarina Syawla Putri | AI27: P | AJ27: =UPPER(D27) -> AGUSDHANI WAFRI
A28: 19 | B28: 14607 | C28: 0098516635 | D28: AHMAD FAIZ RAHMATILLAH | E28: L | AD28: E | AE28: RAPORT | AF28: 3081834782 | AG28: 20528625 | AH28: RARA QONITA ROYHANI | AI28: P | AJ28: =UPPER(D28) -> AHMAD FAIZ RAHMATILLAH
A29: 20 | B29: 14608 | C29: 0095865130 | D29: AHMAD FARHAN HAKIKI | E29: L | AD29: J | AE29: ZONASI | AF29: 0086255643 | AG29: 20527180 | AH29: REVIANA ZAHRA | AI29: P | AJ29: =UPPER(D29) -> AHMAD FARHAN HAKIKI
A30: 21 | B30: 14609 | C30: 0096776269 | D30: AISYAH ANA HARIYANTO | E30: P | AD30: E | AE30: NON AKD | AF30: 0095745897 | AG30: 20527193 | AH30: RIZKIANA INTANSARI | AI30: P | AJ30: =UPPER(D30) -> AISYAH ANA HARIYANTO
A31: 22 | B31: 14610 | C31: 0091238339 | D31: AISYAH ANI HARIYANTO | E31: P | AD31: J | AE31: AKDMK | AF31: 0083907588 | AG31: 20527180 | AH31: RUH SYAFIRA CAHYANING PAWASA | AI31: P | AJ31: =UPPER(D31) -> AISYAH ANI HARIYANTO
A32: 23 | B32: 14611 | C32: 0086109051 | D32: AISYAH AZZAHRA | E32: P | AD32: D | AE32: ZONASI | AF32: 0083041624 | AG32: 20527197 | AH32: SALSABILA PUTRI HIDAYAT | AI32: P | AJ32: =UPPER(D32) -> AISYAH AZZAHRA
A33: 24 | B33: 14612 | C33: 0085516582 | D33: AIZZA RAHMATIN NUR NADIN | E33: P | AD33: I | AE33: RAPORT | AF33: 0109424194 | AG33: 20583367 | AH33: SARAH SALSABILA | AI33: P | AJ33: =UPPER(D33) -> AIZZA RAHMATIN NUR NADIN
A34: 25 | B34: 14613 | C34: 0093808972 | D34: AJESIA PRABU ANGGORO HARIYANTO | E34: L | AD34: J | AE34: RAPORT | AF34: 0081315442 | AG34: 20527197 | AH34: SEPTI RAHMADIYANTI | AI34: P | AJ34: =UPPER(D34) -> AJESIA PRABU ANGGORO HARIYANTO
A35: 26 | B35: 14614 | C35: 0095256057 | D35: AKBAR RAHMATULLAH RAMADHAN | E35: L | AD35: A | AE35: ZONASI | AF35: 0085713874 | AG35: 20527180 | AH35: TANIA KHANZA FIRNANDA RAMADHANI | AI35: P | AJ35: =UPPER(D35) -> AKBAR RAHMATULLAH RAMADHAN
A36: 27 | B36: 14615 | C36: 0092554098 | D36: AKH. RASYA EFENDI PUTRA | E36: L | AD36: H | AE36: NON AKD | AF36: 0099637523 | AG36: 20527197 | AH36: Tulus Firmansyah | AI36: L | AJ36: =UPPER(D36) -> AKH. RASYA EFENDI PUTRA
A37: 28 | B37: 14616 | C37: 0084641835 | D37: AKRAM ARKANANTA FIRDAUS | E37: L | AD37: A | AJ37: =UPPER(D37) -> AKRAM ARKANANTA FIRDAUS
A38: 29 | B38: 14617 | C38: 0087180491 | D38: AKSA AHMAD | E38: L | AD38: G | AJ38: =UPPER(D38) -> AKSA AHMAD
A39: 30 | B39: 14618 | C39: 0083172664 | D39: AL FATIH WAHYU BASALAMAH | E39: L | AD39: B | AJ39: =UPPER(D39) -> AL FATIH WAHYU BASALAMAH
A40: 31 | B40: 14619 | C40: 0095986339 | D40: ALDO SUKMA MAULIDZI | E40: L | AD40: A | AJ40: =UPPER(D40) -> ALDO SUKMA MAULIDZI
A41: 32 | B41: 14620 | C41: 0102524441 | D41: ALFISA SYAHIRA SUTIKNO | E41: P | AD41: H | AJ41: =UPPER(D41) -> ALFISA SYAHIRA SUTIKNO
A42: 33 | B42: 14621 | C42: 0096013702 | D42: ALISHA RAMADHANI POERNOMO | E42: P | AD42: A | AJ42: =UPPER(D42) -> ALISHA RAMADHANI POERNOMO
A43: 34 | B43: 14622 | C43: 0083060697 | D43: ALLAFA ALYYUS SULTANSYAH WIDJAYA | E43: L | AD43: B | AJ43: =UPPER(D43) -> ALLAFA ALYYUS SULTANSYAH WIDJAYA
A44: 35 | B44: 14623 | C44: 0093440845 | D44: ALLENA GIOVANNY SUGIARTO | E44: P | AD44: B | AJ44: =UPPER(D44) -> ALLENA GIOVANNY SUGIARTO
A45: 36 | B45: 14624 | C45: 0105298760 | D45: ALVINA RIZKI ANDINI | E45: P | AD45: E | AJ45: =UPPER(D45) -> ALVINA RIZKI ANDINI
A46: 1 | B46: 14625 | C46: 0084176504 | D46: ALYA NISWA AFIFAH | E46: P | AD46: H
A47: 2 | B47: 14626 | C47: 0089803534 | D47: ALYSSA RISMA PARAMITHA | E47: P | AD47: B
A48: 3 | B48: 14627 | C48: 0096438872 | D48: AMELIA HERIYANTO | E48: P | AD48: E
A49: 4 | B49: 14628 | C49: 0083093788 | D49: AMELIA RIZKI RAMADHANI SURYANTO | E49: P | AD49: A
A50: 5 | B50: 14629 | C50: 0065403876 | D50: AMIEN FIRDAUS | E50: L | AD50: I
A51: 6 | B51: 14630 | C51: 0086518583 | D51: AMIRA MUBAROK | E51: P | AD51: B
A52: 7 | B52: 14631 | C52: 3099859817 | D52: ANAS NUR ASMORI | E52: L | AD52: E
A53: 8 | B53: 14632 | C53: 0096889903 | D53: ANDHIKA FERLY DARMAWAN | E53: L | AD53: C
A54: 9 | B54: 14633 | C54: 0082607776 | D54: ANDI ZAKY DANISH FIRMANSYAH | E54: L | AD54: D
A55: 10 | B55: 14634 | C55: 0098143746 | D55: ANDINI PUTRI SUGIONO | E55: P | AD55: E
A56: 11 | B56: 14635 | C56: 0089933258 | D56: ANDREA NAUFAL SETIAWAN | E56: L | AD56: I
A57: 12 | B57: 14636 | C57: 0096665378 | D57: ANGGUN KARUNIA PUTRI SASIKIRANA | E57: P | AD57: J
... A368: 35 | B368: 14947 | C368: 0083715423 | D368: ZAUMAR ABDURRAHMAN RITONGA | E368: L | AD368: A

Sheet XII-A-1
AE1: ZONASI | AF1: 0097062522 | AG1: 20527197 | AH1: ACHMAD RIZQON JANUAR | AI1: L
AE2: ZONASI | AF2: 0093351007 | AG2: 20583363 | AH2: Adintya Djasmine Aulia | AI2: P
AE3: ZONASI | AF3: 0065403876 | AG3: 20527197 | AH3: AMIEN FIRDAUS | AI3: L
A4: Tahun Pelajaran 2026 / 2027 | AE4: RAPORT | AF4: 0099607321 | AG4: 20527180 | AH4: AUFA FIKRI FIRDAUS | AI4: L
AE5: ZONASI | AF5: 0087421628 | AG5: 20527202 | AH5: Bagas Mahardika Putra | AI5: L
AE6: ZONASI | AF6: 0088629626 | AG6: 20527180 | AH6: BELVA PRATISARA DIYAS | AI6: P
A7: No | B7: NIS | C7: NISN | D7: Nama Siswa | E7: L/P | F7: Wali Kelas : | I7: RATNAWATI SUDIARSIH, S.S.i | T7: NIP : | V7: 19780412 200604 2 018 | AE7: RAPORT | AF7: 0092639463 | AG7: 20527197 | AH7: DAFFA MAULIDAN PUTRA LAKSONO | AI7: L
F8: Tanggal | AE8: KIP | AF8: 0085034059 | AG8: 20566545 | AH8: Desvita Anggraini | AI8: P
F9: 1 | G9: 2 | H9: 3 | I9: 4 | J9: 5 | K9: 6 | L9: 7 | M9: 8 | N9: 1 | O9: 2 | P9: 3 | Q9: 4 | R9: 5 | S9: 6 | T9: 7 | U9: 8 | V9: 1 | W9: 2 | X9: 3 | Y9: 4 | Z9: 5 | AA9: 6 | AB9: 7 | AC9: 8 | AE9: RAPORT | AF9: 0082864028 | AG9: 20527193 | AH9: Dirgantara Fairuz Iftikhori | AI9: L
A10: 1 | B10: 14596 | C10: 0097062522 | D10: ACHMAD RIZQON JANUAR | E10: L | AE10: RAPORT | AF10: 0082847597 | AG10: 20527180 | AH10: FIYHIMA AINANI TAJRIYAN | AI10: P | AJ10: =UPPER(D10) -> ACHMAD RIZQON JANUAR | AZ10: 1 | BA10: 0097062522 / 14596 | BB10: ACHMAD RIZQON JANUAR | BC10: L
A11: 2 | B11: 14600 | C11: 0088648714 | D11: ADINDA ZIFANNA OKTAFIA | E11: P | AE11: AKDMK | AF11: 0093695374 | AG11: 20528609 | AH11: GILANG ALFAHRIZI | AI11: L | AJ11: =UPPER(D11) -> ADINDA ZIFANNA OKTAFIA | AZ11: 2 | BA11: 0088648714 / 14600 | BB11: ADINDA ZIFANNA OKTAFIA | BC11: P
A12: 3 | B12: 14603 | C12: 0099522649 | D12: ADLI YUSUF ALIFDI | E12: L | AE12: AKDMK | AF12: 0088601519 | AG12: 20583410 | AH12: HILMAN FUADI | AI12: L | AJ12: =UPPER(D12) -> ADLI YUSUF ALIFDI | AZ12: 3 | BA12: 0099522649 / 14603 | BB12: ADLI YUSUF ALIFDI | BC12: L
A13: 4 | B13: 14609 | C13: 0096776269 | D13: AISYAH ANA HARIYANTO | E13: P | AE13: KIP | AF13: 0092932213 | AG13: 20527185 | AH13: ISWAHYUDI ARIF SETIAWAN | AI13: L | AJ13: =UPPER(D13) -> AISYAH ANA HARIYANTO | AZ13: 4 | BA13: 0096776269 / 14609 | BB13: AISYAH ANA HARIYANTO | BC13: P
A14: 5 | B14: 14611 | C14: 0086109051 | D14: AISYAH AZZAHRA | E14: P | AE14: ZONASI | AF14: 0083224313 | AG14: 20527197 | AH14: LATIFA SALMA | AI14: P | AJ14: =UPPER(D14) -> AISYAH AZZAHRA | AZ14: 5 | BA14: 0086109051 / 14611 | BB14: AISYAH AZZAHRA | BC14: P
A15: 6 | B15: 14631 | C15: 3099859817 | D15: ANAS NUR ASMORI | E15: L | AE15: RAPORT | AF15: 0098566431 | AG15: 20527197 | AH15: MARSYANAIRA VANESA CELIA | AI15: P | AJ15: =UPPER(D15) -> ANAS NUR ASMORI | AZ15: 6 | BA15: 3099859817 / 14631 | BB15: ANAS NUR ASMORI | BC15: L
A16: 7 | B16: 14635 | C16: 0089933258 | D16: ANDREA NAUFAL SETIAWAN | E16: L | AE16: RAPORT | AF16: 0099315210 | AG16: 20528625 | AH16: MIFTAHUL FADLI DANIAR | AI16: L | AJ16: =UPPER(D16) -> ANDREA NAUFAL SETIAWAN | AZ16: 7 | BA16: 0089933258 / 14635 | BB16: ANDREA NAUFAL SETIAWAN | BC16: L
A17: 8 | B17: 14640 | C17: 0095088946 | D17: ARIANNA FATHIA LATHIEFANI | E17: P | AE17: ZONASI | AF17: 0099559196 | AG17: 20527180 | AH17: MOH FIKI ALAN FAJRI | AI17: L | AJ17: =UPPER(D17) -> ARIANNA FATHIA LATHIEFANI | AZ17: 8 | BA17: 0095088946 / 14640 | BB17: ARIANNA FATHIA LATHIEFANI | BC17: P
A18: 9 | B18: 14643 | C18: 0083337131 | D18: ARINI ULFA HIDAYATI | E18: P | AE18: ZONASI | AF18: 0087638152 | AG18: 20527197 | AH18: MOH RAFLI AMIRUL IMAN | AI18: L | AJ18: =UPPER(D18) -> ARINI ULFA HIDAYATI | AZ18: 9 | BA18: 0083337131 / 14643 | BB18: ARINI ULFA HIDAYATI | BC18: P
A19: 10 | B19: 14646 | C19: 0094498632 | D19: ARYA DEFIAN AL FARABI | E19: L | AE19: ZONASI | AF19: 0087990908 | AG19: 20527197 | AH19: MOH RISHAL HIDAYAT | AI19: L | AJ19: =UPPER(D19) -> ARYA DEFIAN AL FARABI | AZ19: 10 | BA19: 0094498632 / 14646 | BB19: ARYA DEFIAN AL FARABI | BC19: L
A20: 11 | B20: 14657 | C20: 0081651505 | D20: AURIGA SYAFHA FAIRUZ SYAHREZA | E20: L | AE20: ZONASI | AF20: 0096039518 | AG20: 20527197 | AH20: MOHMASYRUR | AI20: L | AJ20: =UPPER(D20) -> AURIGA SYAFHA FAIRUZ SYAHREZA | AZ20: 11 | BA20: 0081651505 / 14657 | BB20: AURIGA SYAFHA FAIRUZ SYAHREZA | BC20: L
A21: 12 | B21: 14700 | C21: 0097949164 | D21: FAKHRILLAH HASAN | E21: L | AE21: ZONASI | AF21: 0083566346 | AG21: 20527197 | AH21: NADYA AZMI KHAIRUNNISA | AI21: P | AJ21: =UPPER(D21) -> FAKHRILLAH HASAN | AZ21: 13 | BA21: 0097949164 / 14700 | BB21: FAKHRILLAH HASAN | BC21: L
... A26: 17 | B26: 14743 | C26: 0104564202 | D26: KAYLA AIKO MARITZA | E26: P | AE26: KIP | AF26: 0086615669 | AG26: 20527202 | AH26: Oktarina Syawla Putri | AI26: P | AJ26: =UPPER(D26) -> KAYLA AIKO MARITZA | AZ26: 18 | BA26: 0104564202 / 14743 | BB26: KAYLA AIKO MARITZA | BC26: P
A27: 18 | B27: 14764 | C27: 0085428877 | D27: MALIKA ALFATIA PUTRI | E27: P | AE27: RAPORT | AF27: 3081834782 | AG27: 20528625 | AH27: RARA QONITA ROYHANI | AI27: P | AJ27: =UPPER(D27) -> MALIKA ALFATIA PUTRI | AZ27: 19 | BA27: 0085428877 / 14764 | BB27: MALIKA ALFATIA PUTRI | BC27: P
A28: 19 | B28: 14767 | C28: 0083556423 | D28: MARVEL GILBERT VILIANTO | E28: L | AE28: ZONASI | AF28: 0086255643 | AG28: 20527180 | AH28: REVIANA ZAHRA | AI28: P | AJ28: =UPPER(D28) -> MARVEL GILBERT VILIANTO | AZ28: 20 | BA28: 0083556423 / 14767 | BB28: Marvel Gilbert Vilianto | BC28: L
A29: 20 | B29: 14790 | C29: 0099057804 | D29: MOH RIZKY ADITIANSYAH | E29: L | AE29: NON AKD | AF29: 0095745897 | AG29: 20527193 | AH29: RIZKIANA INTANSARI | AI29: P | AJ29: =UPPER(D29) -> MOH RIZKY ADITIANSYAH | AZ29: 21 | BA29: 0099057804 / 14790 | BB29: MOH RIZKY ADITIANSYAH | BC29: L
A30: 21 | B30: 14793 | C30: 0093607543 | D30: MOH ZACKY MAULANA FIRDAUSI | E30: L | AE30: AKDMK | AF30: 0083907588 | AG30: 20527180 | AH30: RUH SYAFIRA CAHYANING PAWASA | AI30: P | AJ30: =UPPER(D30) -> MOH ZACKY MAULANA FIRDAUSI | AZ30: 22 | BA30: 0093607543 / 14793 | BB30: MOH ZACKY MAULANA FIRDAUSI | BC30: L
A31: 22 | B31: 14820 | C31: 0094289783 | D31: MUHAMMAD NADHIF AZARIA PUTRA | E31: L | AE31: RAPORT | AF31: 0109424194 | AG31: 20583367 | AH31: SARAH SALSABILA | AI31: P | AJ31: =UPPER(D31) -> MUHAMMAD NADHIF AZARIA PUTRA | AZ31: 24 | BA31: 0094289783 / 14820 | BB31: Muhammad Nadhif Azaria Putra | BC31: L
A32: 23 | B32: 14824 | C32: 0083986747 | D32: MUHAMMAD RIZQI MAULIDI | E32: L | AE32: RAPORT | AF32: 0081315442 | AG32: 20527197 | AH32: SEPTI RAHMADIYANTI | AI32: P | AJ32: =UPPER(D32) -> MUHAMMAD RIZQI MAULIDI | AZ32: 25 | BA32: 0083986747 / 14824 | BB32: MUHAMMAD RIZQI MAULIDI | BC32: L
A33: 24 | B33: 14836 | C33: 0093580431 | D33: NALANDA SYAHBANIA ARDHIANSYAH | E33: P | AE33: ZONASI | AF33: 0085713874 | AG33: 20527180 | AH33: TANIA KHANZA FIRNANDA RAMADHANI | AI33: P | AJ33: =UPPER(D33) -> NALANDA SYAHBANIA ARDHIANSYAH | AZ33: 26 | BA33: 0093580431 / 14836 | BB33: NALANDA SYAHBANIA ARDHIANSYAH | BC33: P
A34: 25 | B34: 14855 | C34: 0086800316 | D34: NUR RIZQA ZANJABILA | E34: P | AE34: NON AKD | AF34: 0099637523 | AG34: 20527197 | AH34: Tulus Firmansyah | AI34: L | AJ34: =UPPER(D34) -> NUR RIZQA ZANJABILA | AZ34: 27 | BA34: 0086800316 / 14855 | BB34: NUR RIZQA ZANJABILA | BC34: P
A35: 26 | B35: 14858 | C35: 0088066553 | D35: NURINDA NOVIANTI | E35: P | AJ35: =UPPER(D35) -> NURINDA NOVIANTI | AZ35: 28 | BA35: 0088066553 / 14858 | BB35: NURINDA NOVIANTI | BC35: P
A36: 27 | B36: 14866 | C36: 0092243247 | D36: PATO ALTHAF MULYAWAN | E36: L | AJ36: =UPPER(D36) -> PATO ALTHAF MULYAWAN | AZ36: 29 | BA36: 0092243247 / 14866 | BB36: PATO ALTHAF MULYAWAN | BC36: L
A37: 28 | B37: 14870 | C37: 0096807022 | D37: PUTRI RIZKI FAMADANI | E37: P | AJ37: =UPPER(D37) -> PUTRI RIZKI FAMADANI | AZ37: 30 | BA37: 0096807022 / 14870 | BB37: PUTRI RIZKI FAMADANI | BC37: P
A38: 29 | B38: 14871 | C38: 0098997217 | D38: R RAIHANUN FEBRIYANA SUGIHARTO | E38: P | AJ38: =UPPER(D38) -> R RAIHANUN FEBRIYANA SUGIHARTO | AZ38: 31 | BA38: 0098997217 / 14871 | BB38: R. RAIHANUN FEBRIYANA SUGIHARTO | BC38: P
A39: 30 | B39: 14881 | C39: 0096094178 | D39: RAIS AULIA ATTAMIMY WIJAYA | E39: L | AJ39: =UPPER(D39) -> RAIS AULIA ATTAMIMY WIJAYA | AZ39: 32 | BA39: 0096094178 / 14881 | BB39: RAIS AULIA ATTAMIMY WIJAYA | BC39: L
A40: 31 | B40: 14886 | C40: 3081834782 | D40: RARA QONITA ROYHANI | E40: P | AJ40: =UPPER(D40) -> RARA QONITA ROYHANI | AZ40: 33 | BA40: 3081834782 / 14886 | BB40: RARA QONITA ROYHANI | BC40: P
A41: 32 | B41: 14894 | C41: 0099773502 | D41: RIANA MAULIDIA | E41: P | AJ41: =UPPER(D41) -> RIANA MAULIDIA | AZ41: 34 | BA41: 0099773502 / 14894 | BB41: RIANA MAULIDIA | BC41: P
A42: 33 | B42: 14934 | C42: 0089463780 | D42: UMI KULSUM WARDANI | E42: P | AJ42: =UPPER(D42) -> UMI KULSUM WARDANI | AZ42: 35 | BA42: 0089463780 / 14934 | BB42: UMI KULSUM WARDANI | BC42: P
A43: 34 | B43: 14940 | C43: 0085106484 | D43: VIRGI AZMI YUSSININGTYAS | E43: P | AJ43: =UPPER(D43) -> VIRGI AZMI YUSSININGTYAS | AZ43: 36 | BA43: 0085106484 / 14940 | BB43: VIRGI AZMI YUSSININGTYAS | BC43: P
A44: Paraf | D44: L : | E44: =COUNTIFS($E$10:$E$43,"L") -> 16 | AJ44: =UPPER(D44) -> L :
A45: Guru | D45: P : | E45: =COUNTIFS($E$10:$E$43,"P") -> 18 | AJ45: =UPPER(D45) -> P :
E46: =E44+E45 -> 34

Sheet XII-A-2
AF1: AKDMK | AG1: 0091162442 | AH1: 20566545 | AI1: ADELIA ZAHRA WIEGUNANDA | AJ1: P
AF2: RAPORT | AG2: 0098516635 | AH2: 20583363 | AI2: Ahmad Faiz Rahmatillah | AJ2: L
AF3: KIP | AG3: 0095865130 | AH3: 20537422 | AI3: AHMAD FARHAN HAKIKI | AJ3: L
A4: Tahun Pelajaran 2026 / 2027 | AF4: ZONASI | AG4: 0085516582 | AH4: 20527180 | AI4: AIZZA RAHMATIN NUR NADIN | AJ4: P
AF5: ZONASI | AG5: 0095986339 | AH5: 20527197 | AI5: ALDO SUKMA MAULIDZI | AJ5: L
AF6: NON AKD | AG6: 0082440195 | AH6: 20527180 | AI6: ARIF RAHMAN ALFATHIR | AJ6: L
A7: No | B7: NISN | C7: NISN | D7: Nama Siswa | E7: L/P | F7: Wali Kelas : | I7: RORO RIRIS PRAWITASARI H.S.Pd | T7: NIP : | V7: 19871026 202321 2 014 | AF7: NON AKD | AG7: 0095153508 | AH7: 20527180 | AI7: ARSYIL CAHYA WIBISONO | AJ7: P
F8: Tanggal | AF8: RAPORT | AG8: 0083079329 | AH8: 20566545 | AI8: BUNGA EL SABRINA | AJ8: P
AF9: RAPORT | AG9: 0088600933 | AH9: 20527197 | AI9: CANDRA ADITIYA NURMANSAH | AJ9: L | AV9: b
A10: 1 | B10: 14601 | C10: 0093351007 | D10: ADINTYA DJASMINE AULIA | E10: P | AF10: ZONASI | AG10: 0085720766 | AH10: 20527180 | AI10: CHIKO HARDELIO TAHER | AJ10: L | AL10: =UPPER(D10) -> ADINTYA DJASMINE AULIA | AU10: 1 | AV10: 0093351007 / 14601 | AW10: Adintya Djasmine Aulia | AX10: P
A11: 2 | B11: 14624 | C11: 0105298760 | D11: ALVINA RIZKI ANDINI | E11: P | AF11: ZONASI | AG11: 0082153282 | AH11: 20527197 | AI11: ELMAS SULTHON SALIM | AJ11: L | AL11: =UPPER(D11) -> ALVINA RIZKI ANDINI | AU11: 2 | AV11: 0105298760 / 14624 | AW11: ALVINA RIZKI ANDINI | AX11: P
A12: 3 | B12: 14641 | C12: 0082440195 | D12: ARIF RAHMAN ALFATHIR | E12: L | AF12: ZONASI | AG12: 0081076234 | AH12: 20527197 | AI12: FAGHIRA CAYLA PUTRI | AJ12: P | AL12: =UPPER(D12) -> ARIF RAHMAN ALFATHIR | AU12: 3 | AV12: 0082440195 / 14641 | AW12: ARIF RAHMAN ALFATHIR | AX12: L
A13: 4 | B13: 14649 | C13: 0095437804 | D13: ASYRA MARDHODILLAH SHAFA | E13: P | AF13: RAPORT | AG13: 0085164886 | AH13: 20527197 | AI13: FATHIMAH AZ ZAHRA | AJ13: P | AL13: =UPPER(D13) -> ASYRA MARDHODILLAH SHAFA | AU13: 4 | AV13: 0095437804 / 14649 | AW13: Asyra Mardhodillah Shafa | AX13: P
A14: 5 | B14: 14651 | C14: 0088166851 | D14: AULIA FAIZAH | E14: P | AF14: ZONASI | AG14: 0093543547 | AH14: 20527197 | AI14: FENI ISTIGHFARINI | AJ14: P | AL14: =UPPER(D14) -> AULIA FAIZAH | AU14: 5 | AV14: 0088166851 / 14651 | AW14: AULIA FAIZAH | AX14: P
A15: 6 | B15: 14668 | C15: 0087658356 | D15: BIMA SATRIA PUTRA RISMAWAN | E15: L | AF15: ZONASI | AG15: 0087610741 | AH15: 20527197 | AI15: GUNTUR PRASTYO WIBOWO | AJ15: L | AL15: =UPPER(D15) -> BIMA SATRIA PUTRA RISMAWAN | AU15: 6 | AV15: 0087658356 / 14668 | AW15: BIMA SATRIA PUTRA RISMAWAN | AX15: L
A16: 7 | B16: 14672 | C16: 3094339612 | D16: BUMI SUKMAWATI | E16: P | AF16: RAPORT | AG16: 0086660138 | AH16: 20527197 | AI16: Juwita Riski Amalia | AJ16: P | AL16: =UPPER(D16) -> BUMI SUKMAWATI | AU16: 7 | AV16: 3094339612 / 14672 | AW16: BUMI SUKMAWATI | AX16: P
A17: 8 | B17: 14681 | C17: 0092639463 | D17: DAFFA MAULIDAN PUTRA LAKSONO | E17: L | AF17: ZONASI | AG17: 0089337623 | AH17: 20527197 | AI17: KEA APRILIA MEDIANA PUTRI | AJ17: P | AL17: =UPPER(D17) -> DAFFA MAULIDAN PUTRA LAKSONO | AU17: 8 | AV17: 0092639463 / 14681 | AW17: DAFFA MAULIDAN PUTRA LAKSONO | AX17: L
A18: 9 | B18: 14684 | C18: 0085034059 | D18: DESVITA ANGGRAINI | E18: P | AF18: KIP | AG18: 0082984202 | AH18: 20583410 | AI18: MALIKA APRILIA SYAFIUN | AJ18: P | AL18: =UPPER(D18) -> DESVITA ANGGRAINI | AU18: 9 | AV18: 0085034059 / 14684 | AW18: Desvita Anggraini | AX18: P
A19: 10 | B19: 14685 | C19: 0091631646 | D19: DEVANI BAGUS ZAKIYAN | E19: L | AF19: ZONASI | AG19: 0099057804 | AH19: 20527197 | AI19: MOH RIZKY ADITIANSYAH | AJ19: L | AL19: =UPPER(D19) -> DEVANI BAGUS ZAKIYAN | AU19: 10 | AV19: 0091631646 / 14685 | AW19: DEVANI BAGUS ZAKIYAN | AX19: L
A20: 11 | B20: 14702 | C20: 0093488510 | D20: FARAND M YUNUS AL FARIZY | E20: L | AF20: ZONASI | AG20: 0093162650 | AH20: 20527180 | AI20: MOHAMMAD DHORIF AFLAH FAISAL | AJ20: L | AL20: =UPPER(D20) -> FARAND M YUNUS AL FARIZY | AU20: 11 | AV20: 0093488510 / 14702 | AW20: FARAND M. YUNUS AL FARIZY | AX20: L
A21: 12 | B21: 14724 | C21: 0083785128 | D21: HANIK AWALIYATUN NANDINI | E21: P | AF21: ZONASI | AG21: 0086354265 | AH21: 20527197 | AI21: MUHAMMAD IQBAL RAIHANUN | AJ21: L | AL21: =UPPER(D21) -> HANIK AWALIYATUN NANDINI | AU21: 12 | AV21: 0083785128 / 14724 | AW21: HANIK AWALIYATUN NANDINI | AX21: P
... A32: 23 | B32: 14827 | C32: 0087918586 | D32: NABILA DAVID | E32: P | AF32: KIP | AG32: 0093513951 | AH32: 20527166 | AI32: Sitti Uswatun Hasanah | AJ32: P | AL32: =UPPER(D32) -> NABILA DAVID | AU32: 23 | AV32: 0087918586 / 14827 | AW32: NABILA DAVID | AX32: P
A33: 24 | B33: 14829 | C33: 0081535841 | D33: NADHIFA SUCIANI HUWAIDA | E33: P | AF33: NON AKD | AG33: 0089793791 | AH33: 20527195 | AI33: SULTAN FARAS AS SIDIK | AJ33: L | AL33: =UPPER('XII-B-1'!D22) -> KAYSAN AISEL ASYROF | AU33: 24 | AV33: 0081535841 / 14829 | AW33: NADHIFA SUCIANI HUWAIDA | AX33: P
A34: 25 | B34: 14851 | C34: 0093665863 | D34: NISRINA SALIM NUR ASY SYIFA | E34: P | AF34: RAPORT | AG34: 0094292897 | AH34: 20527197 | AI34: TASNIM KHAIRULLAH HIDAYAT | AJ34: L | AL34: =UPPER(D34) -> NISRINA SALIM NUR ASY SYIFA | AU34: 25 | AV34: 0093665863 / 14851 | AW34: NISRINA SALIM NUR ASY SYIFA | AX34: P
A35: 26 | B35: 14861 | C35: 0086615669 | D35: OKTARINA SYAWLA PUTRI | E35: P | AF35: RAPORT | AG35: 0093897835 | AH35: 20527197 | AI35: Vina Istiana | AJ35: P | AL35: =UPPER(D35) -> OKTARINA SYAWLA PUTRI | AU35: 26 | AV35: 0086615669 / 14861 | AW35: Oktarina Syawla Putri | AX35: P
A36: 27 | B36: 14862 | C36: 0092301710 | D36: OLIVIA DAMAYANTI LUQMAN | E36: P | AF36: T.ORTU | AG36: 0085106484 | AH36: 20527197 | AI36: VIRGI AZMI YUSSININGTYAS | AJ36: P | AL36: =UPPER(D36) -> OLIVIA DAMAYANTI LUQMAN | AU36: 27 | AV36: 0092301710 / 14862 | AW36: OLIVIA DAMAYANTI LUQMAN | AX36: P
A37: 28 | B37: 14865 | C37: 0082402810 | D37: PASHA DWI CHANDRADINATA | E37: L | AL37: =UPPER(D37) -> PASHA DWI CHANDRADINATA | AU37: 28 | AV37: 0082402810 / 14865 | AW37: PASHA DWI CHANDRADINATA | AX37: L
A38: 29 | B38: 14868 | C38: 0083245302 | D38: PRAMUDYA YUSUF SAPUTRA | E38: L | AL38: =UPPER(D38) -> PRAMUDYA YUSUF SAPUTRA | AU38: 29 | AV38: 0083245302 / 14868 | AW38: PRAMUDYA YUSUF SAPUTRA | AX38: L
A39: 30 | B39: 14885 | C39: 0087162622 | D39: RANGGA YUSIKA DEWANTARA | E39: L | AL39: =UPPER(D39) -> RANGGA YUSIKA DEWANTARA | AU39: 30 | AV39: 0087162622 / 14885 | AW39: RANGGA YUSIKA DEWANTARA | AX39: L
A40: 31 | B40: 14905 | C40: 0095300336 | D40: SANJAYA MALIK MAULANA | E40: L | AL40: =UPPER(D40) -> SANJAYA MALIK MAULANA | AU40: 31 | AV40: 0095300336 / 14905 | AW40: SANJAYA MALIK MAULANA | AX40: L
A41: 32 | B41: 14911 | C41: 0099249982 | D41: SELVIANA FEBIYANTI | E41: P | AL41: =UPPER(D41) -> SELVIANA FEBIYANTI | AU41: 32 | AV41: 0099249982 / 14911 | AW41: Selviana Febiyanti | AX41: P
A42: 33 | B42: 14915 | C42: 0083330053 | D42: SHELFIA PUTRI RAMADHANI | E42: P | AL42: =UPPER(D42) -> SHELFIA PUTRI RAMADHANI | AU42: 33 | AV42: 0083330053 / 14915 | AW42: SHELFIA PUTRI RAMADHANI | AX42: P
A43: 34 | B43: 14920 | C43: 0093513951 | D43: SITTI USWATUN HASANAH | E43: P | AL43: =UPPER(D43) -> SITTI USWATUN HASANAH | AU43: 34 | AV43: 0093513951 / 14920 | AW43: Sitti Uswatun Hasanah | AX43: P
A44: 35 | B44: 14927 | C44: 0077719009 | D44: SYAVIYOLA YENITHA CAHYONO | E44: P | AL44: =UPPER(D44) -> SYAVIYOLA YENITHA CAHYONO | AU44: 35 | AV44: 0077719009 / 14927 | AW44: SYAVIYOLA YENITHA CAHYONO | AX44: P
A45: 36 | B45: 14947 | C45: 0083715423 | D45: ZAUMAR ABDURRAHMAN RITONGA | E45: L | AL45: =UPPER(D45) -> ZAUMAR ABDURRAHMAN RITONGA | AU45: 36 | AV45: 0083715423 / 14947 | AW45: ZAUMAR ABDURRAHMAN RITONGA | AX45: L
A46: Paraf | D46: L : | E46: =COUNTIFS($E$10:$E$45,"L") -> 18
A47: Guru | D47: P : | E47: =COUNTIFS($E$10:$E$45,"P") -> 18
E48: =E46+E47 -> 36

Sheet XII-A-3
AF1: ZONASI | AG1: 0099987267 | AH1: 20527180 | AI1: ABD HAMID MANAF | AJ1: L
AF2: ZONASI | AG2: 0082986450 | AH2: 20527197 | AI2: ACH IMAM MURTADHO | AJ2: L
AF3: RAPORT | AG3: 0093908702 | AH3: 20527197 | AI3: ADLYANSYAH BUDIMAN | AJ3: L
A4: Tahun Pelajaran 2026 / 2027 | AF4: ZONASI | AG4: 0095256057 | AH4: 60729406 | AI4: AKBAR RAHMATULLAH RAMADHAN | AJ4: L
AF5: ZONASI | AG5: 0093440845 | AH5: 20527169 | AI5: ALLENA GIOVANNY SUGIARTO | AJ5: P
AF6: RAPORT | AG6: 0089803534 | AH6: 20527180 | AI6: ALYSSA RISMA PARAMITHA | AJ6: P
A7: No | B7: NIS | C7: NISN | D7: Nama Siswa | E7: L/P | F7: Wali Kelas : | I7: AMIRA YAHYA, M.Pd | T7: NIP : | V7: 19860304 200903 2 001 | AF7: ZONASI | AG7: 0082607776 | AH7: 20527197 | AI7: ANDI ZAKY DANISH FIRMANSYAH | AJ7: L
F8: Tanggal | AF8: RAPORT | AG8: 0095437804 | AH8: 20531242 | AI8: Asyra Mardhodillah Shafa | AJ8: P
AF9: AKDMK | AG9: 0081651505 | AH9: 20527197 | AI9: AURIGA SYAFHA FAIRUZ SYAHREZA | AJ9: P
A10: 1 | B10: 14618 | C10: 0083172664 | D10: AL FATIH WAHYU BASALAMAH | E10: L | AF10: RAPORT | AG10: 3094339612 | AH10: 20566545 | AI10: BUMI SUKMAWATI | AJ10: P | AM10: =UPPER(D10) -> AL FATIH WAHYU BASALAMAH | AT10: 1 | AU10: 0083172664 / 14618 | AV10: AL FATIH WAHYU BASALAMAH | AW10: L
A11: 2 | B11: 14633 | C11: 0082607776 | D11: ANDI ZAKY DANISH FIRMANSYAH | E11: L | AF11: ZONASI | AG11: 0089501886 | AH11: 20527193 | AI11: DHIMAS ADHA TRI SUSANTO | AJ11: L | AM11: =UPPER(D11) -> ANDI ZAKY DANISH FIRMANSYAH | AT11: 2 | AU11: 0082607776 / 14633 | AV11: ANDI ZAKY DANISH FIRMANSYAH | AW11: L
A12: 3 | B12: 14642 | C12: 0098581750 | D12: ARIKA ABADIA HAMAS | E12: P | AF12: RAPORT | AG12: 0089987994 | AH12: 20527197 | AI12: FARDAN ABDILLAH NUR FIRDAUS | AJ12: L | AM12: =UPPER(D12) -> ARIKA ABADIA HAMAS | AT12: 3 | AU12: 0098581750 / 14642 | AV12: Arika Abadia Hamas | AW12: P
A13: 4 | B13: 14654 | C13: 0094693693 | D13: AURA NADHIF HENDRA SYAHPUTRA | E13: L | AF13: ZONASI | AG13: 0083785128 | AH13: 69980589 | AI13: HANIK AWALIYATUN NANDINI | AJ13: P | AM13: =UPPER(D13) -> AURA NADHIF HENDRA SYAHPUTRA | AT13: 4 | AU13: 0094693693 / 14654 | AV13: AURA NADHIF HENDRA SYAHPUTRA | AW13: L
A14: 5 | B14: 14680 | C14: 0092560616 | D14: CICILYA LISTY NABILA S | E14: P | AF14: KIP | AG14: 0096593970 | AH14: 20527197 | AI14: HASNAH AL AFIYAH | AJ14: L | AM14: =UPPER(D14) -> CICILYA LISTY NABILA S | AT14: 5 | AU14: 0092560616 / 14680 | AV14: CICILYA LISTY NABILA S | AW14: P
A15: 6 | B15: 14683 | C15: 0096931249 | D15: DAVIN PRAMANA PUTRA YULIANTO | E15: L | AF15: RAPORT | AG15: 0104564202 | AH15: 20583367 | AI15: KAYLA AIKO MARITZA | AJ15: P | AM15: =UPPER(D15) -> DAVIN PRAMANA PUTRA YULIANTO | AT15: 6 | AU15: 0096931249 / 14683 | AV15: DAVIN PRAMANA PUTRA YULIANTO | AW15: L
A16: 7 | B16: 14705 | C16: 0093461236 | D16: FATHAN MUBINA | E16: L | AF16: RAPORT | AG16: 0091869182 | AH16: 20527197 | AI16: MAJENDRA FAREL RIZKY HARIYANTO | AJ16: L | AM16: =UPPER(D16) -> FATHAN MUBINA | AT16: 7 | AU16: 0093461236 / 14705 | AV16: FATHAN MUBINA | AW16: L
A17: 8 | B17: 14707 | C17: 0091164419 | D17: FATIMAH KASYAF FANIE WAHAB | E17: P | AF17: A.GURU | AG17: 0091835952 | AH17: 20527197 | AI17: Merisa Anggi Yulia Putri | AJ17: P | AM17: =UPPER(D17) -> FATIMAH KASYAF FANIE WAHAB | AT17: 8 | AU17: 0091164419 / 14707 | AV17: FATIMAH KASYAF FANIE WAHAB | AW17: P
A18: 9 | B18: 14717 | C18: 0088529897 | D18: GILANG AKBAR SYAHPUTRA NASSO | E18: L | AF18: ZONASI | AG18: 0093197545 | AH18: 20527180 | AI18: MILZI ALIFIA MAULIDA | AJ18: P | AM18: =UPPER(D18) -> GILANG AKBAR SYAHPUTRA NASSO | AT18: 9 | AU18: 0088529897 / 14717 | AV18: GILANG AKBAR SYAHPUTRA NASSO | AW18: L
A19: 10 | B19: 14740 | C19: 0086147736 | D19: JEVIAN STYA PRATAMA | E19: L | AF19: RAPORT | AG19: 0087858823 | AH19: 20527197 | AI19: MOH SAHRUL MAULIDI | AJ19: L | AM19: =UPPER(D19) -> JEVIAN STYA PRATAMA | AT19: 11 | AU19: 0086147736 / 14740 | AV19: JEVIAN STYA PRATAMA | AW19: L
A20: 11 | B20: 14750 | C20: 0094952897 | D20: KHAZWA FARIH IMTIYAZ MINDAS | E20: P | AF20: ZONASI | AG20: 0098382897 | AH20: 20527180 | AI20: MOHAMMAD IQBAL RISTRIANTO | AJ20: L | AM20: =UPPER(D20) -> KHAZWA FARIH IMTIYAZ MINDAS | AT20: 12 | AU20: 0094952897 / 14750 | AV20: Khazwa Farih Imtiyaz Mindas | AW20: P
A21: 12 | B21: 14751 | C21: 0087377583 | D21: LALA HERMANDA | E21: P | AF21: ZONASI | AG21: 0084713270 | AH21: 20527197 | AI21: MUHAMMAD YUSUF ADI PRATAMA | AJ21: L | AM21: =UPPER(D21) -> LALA HERMANDA | AT21: 13 | AU21: 0087377583 / 14751 | AV21: LALA HERMANDA | AW21: P
A22: 13 | B22: 14759 | C22: 0084705460 | D22: M ABYAN FAITH FAWAZEE | E22: L | AF22: ZONASI | AG22: 0091521750 | AH22: 20527180 | AI22: NAFIL BERYL FAIRUZ | AJ22: L | AM22: =UPPER(D22) -> M ABYAN FAITH FAWAZEE | AT22: 14 | AU22: 0084705460 / 14759 | AV22: M. ABYAN FAITH FAWAZEE | AW22: L
A23: 14 | B23: 14765 | C23: 0082984202 | D23: MALIKA APRILIA SYAFIUN | E23: P | AF23: RAPORT | AG23: 3082973214 | AH23: 20528625 | AI23: NAUFAL RAHMATULLOH N A | AJ23: L | AM23: =UPPER(D23) -> MALIKA APRILIA SYAFIUN | AT23: 15 | AU23: 0082984202 / 14765 | AV23: MALIKA APRILIA SYAFIUN | AW23: P
A24: 15 | B24: 14771 | C24: 0085989808 | D24: MEIDY ARYANTO WIGUNA | E24: L | AF24: KIP | AG24: 0091667325 | AH24: 20527202 | AI24: Naura Wilda Safitri | AJ24: P | AM24: =UPPER(D24) -> MEIDY ARYANTO WIGUNA | AT24: 16 | AU24: 0085989808 / 14771 | AV24: MEIDY ARYANTO WIGUNA | AW24: L
A25: 16 | B25: 14775 | C25: 0099315210 | D25: MIFTAHUL FADLI DANIAR | E25: L | AF25: RAPORT | AG25: 0097064727 | AH25: 20527197 | AI25: NAYLA SHAFA AZZAHRA | AJ25: P | AM25: =UPPER(D25) -> MIFTAHUL FADLI DANIAR | AT25: 17 | AU25: 0099315210 / 14775 | AV25: MIFTAHUL FADLI DANIAR | AW25: L
A26: 17 | B26: 14777 | C26: 0094896372 | D26: MIRANDA KUSUMA ATMAJA | E26: P | AF26: ZONASI | AG26: 0093422775 | AH26: 20527197 | AI26: RAFEYFA ZALFA ZAHIRA | AJ26: P | AM26: =UPPER(#REF!) -> #REF! | AT26: 18 | AU26: 0094896372 / 14777 | AV26: MIRANDA KUSUMA ATMAJA | AW26: P
A27: 18 | B27: 14794 | C27: 0087166431 | D27: MOH RAFI HIDAYATULLAH | E27: L | AF27: NON AKD | AG27: 3080968608 | AH27: 70027854 | AI27: RAFIF KEMAL AZIZI | AJ27: L | AM27: =UPPER(D27) -> MOH RAFI HIDAYATULLAH | AT27: 19 | AU27: 0087166431 / 14794 | AV27: MOH RAFI HIDAYATULLAH | AW27: L
A28: 19 | B28: 14798 | C28: 0093162650 | D28: MOHAMMAD DHORIF AFLAH FAISAL | E28: L | AF28: ZONASI | AG28: 0099672333 | AH28: 20527197 | AI28: RAHMI HUMAIRA | AJ28: P | AM28: =UPPER(D28) -> MOHAMMAD DHORIF AFLAH FAISAL | AT28: 20 | AU28: 0093162650 / 14798 | AV28: MOHAMMAD DHORIF AFLAH FAISAL | AW28: L
A29: 20 | B29: 14799 | C29: 0093901388 | D29: MOHAMMAD GHAVIN AZZARYA TAMRIN | E29: L | AF29: NON AKD | AG29: 0096094178 | AH29: 20527180 | AI29: RAIS AULIA ATTAMIMY WIJAYA | AJ29: L | AM29: =UPPER(D29) -> MOHAMMAD GHAVIN AZZARYA TAMRIN | AT29: 21 | AU29: 0093901388 / 14799 | AV29: MOHAMMAD GHAVIN AZZARYA TAMRIN | AW29: L
A30: 21 | B30: 14809 | C30: 0098327801 | D30: MUHAMMAD FAKHRULLAH AGIEL | E30: L | AF30: AKDMK | AG30: 0093455270 | AH30: 20527185 | AI30: REFATIA MIRZA VALENSI | AJ30: P | AM30: =UPPER(D30) -> MUHAMMAD FAKHRULLAH AGIEL | AT30: 22 | AU30: 0098327801 / 14809 | AV30: MUHAMMAD FAKHRULLAH AGIEL | AW30: L
A31: 22 | B31: 14826 | C31: 3099461393 | D31: MULIA ANNISA SETYA WARDANI | E31: P | AF31: ZONASI | AG31: 0086479528 | AH31: 20583411 | AI31: SELVIA RAMADHANI | AJ31: P | AM31: =UPPER(D31) -> MULIA ANNISA SETYA WARDANI | AT31: 24 | AU31: 3099461393 / 14826 | AV31: MULIA ANNISA SETYA WARDANI | AW31: P
A32: 23 | B32: 14831 | C32: 0098950100 | D32: NADIYAH ARINDA ALFIYANI | E32: P | AF32: ZONASI | AG32: 0087393847 | AH32: 20527185 | AI32: SHAHIBUL KAMALI RAHMAT HIDAYAT | AJ32: L | AM32: =UPPER(D32) -> NADIYAH ARINDA ALFIYANI | AT32: 25 | AU32: 0098950100 / 14831 | AV32: NADIYAH ARINDA ALFIYANI | AW32: P
A33: 24 | B33: 14838 | C33: 0095516794 | D33: NATHANIEL HIZKIA PANJAITAN | E33: L | AF33: ZONASI | AG33: 0097102519 | AH33: 20527180 | AI33: SHIVA MAULIDYA PRASETIYO | AJ33: P | AM33: =UPPER(D33) -> NATHANIEL HIZKIA PANJAITAN | AT33: 26 | AU33: 0095516794 / 14838 | AV33: NATHANIEL HIZKIA PANJAITAN | AW33: L
A34: 25 | B34: 14841 | C34: 0084036504 | D34: NAUFAL PUTRA HARDIANSYAH | E34: L | AF34: NON AKD | AG34: 0093962965 | AH34: 20583363 | AI34: SITI MAISHUROH ASSYIFA | AJ34: P | AM34: =UPPER(D34) -> NAUFAL PUTRA HARDIANSYAH | AT34: 27 | AU34: 0084036504 / 14841 | AV34: NAUFAL PUTRA HARDIANSYAH | AW34: L
A35: 26 | B35: 14853 | C35: 0085190125 | D35: NORUSSIFA NOVIYANA SYAFANI | E35: P | AM35: =UPPER(D35) -> NORUSSIFA NOVIYANA SYAFANI | AT35: 28 | AU35: 0085190125 / 14853 | AV35: NORUSSIFA NOVIYANA SYAFANI | AW35: P
A36: 27 | B36: 14872 | C36: 0088070697 | D36: R. AYU NOURA AZKIA | E36: P | AM36: =UPPER(D36) -> R. AYU NOURA AZKIA | AT36: 29 | AU36: 0088070697 / 14872 | AV36: R. AYU NOURA AZKIA | AW36: P
A37: 28 | B37: 14901 | C37: 0081550255 | D37: SABRINA YASMIN FIRYAL SISWANTO | E37: P | AM37: =UPPER(D37) -> SABRINA YASMIN FIRYAL SISWANTO | AT37: 30 | AU37: 0081550255 / 14901 | AV37: SABRINA YASMIN FIRYAL SISWANTO | AW37: P
A38: 29 | B38: 14908 | C38: 0088888355 | D38: SAVIRA ELDIANA | E38: P | AM38: =UPPER(D38) -> SAVIRA ELDIANA | AT38: 31 | AU38: 0088888355 / 14908 | AV38: SAVIRA ELDIANA | AW38: P
A39: 30 | B39: 14914 | C39: 0097120243 | D39: SHEBIA KINANTI AURELLUNA | E39: P | AM39: =UPPER(D39) -> SHEBIA KINANTI AURELLUNA | AT39: 32 | AU39: 0097120243 / 14914 | AV39: SHEBIA KINANTI AURELLUNA | AW39: P
A40: 31 | B40: 14928 | C40: 0085713874 | D40: TANIA KHANZA FIRNANDA RAMADHANI | E40: P | AM40: =UPPER(D40) -> TANIA KHANZA FIRNANDA RAMADHANI | AT40: 33 | AU40: 0085713874 / 14928 | AV40: TANIA KHANZA FIRNANDA RAMADHANI | AW40: P
A41: 32 | B41: 14937 | C41: 0093897835 | D41: VINA ISTIANA | E41: P | AM41: =UPPER(D41) -> VINA ISTIANA | AT41: 34 | AU41: 0093897835 / 14937 | AV41: Vina Istiana | AW41: P
A42: 33 | B42: 14939 | C42: 0084473234 | D42: VINCENTIUS SAMUEL CANDRA | E42: L | AM42: =UPPER(D42) -> VINCENTIUS SAMUEL CANDRA | AT42: 35 | AU42: 0084473234 / 14939 | AV42: Vincentius Samuel Candra | AW42: L
A43: 34 | B43: 14945 | C43: 0085662442 | D43: YUNIAR AL MIRA RAMADHANI | E43: P | AM43: =UPPER(D43) -> YUNIAR AL MIRA RAMADHANI | AT43: 36 | AU43: 0085662442 / 14945 | AV43: YUNIAR AL MIRA RAMADHANI | AW43: P
A44: Paraf | D44: L : | E44: =COUNTIFS($E$10:$E$43,"L") -> 17
A45: Guru | D45: P : | E45: =COUNTIFS($E$10:$E$43,"P") -> 17
E46: =E44+E45 -> 34

Sheet XII-A-4
AE1: RAPORT | AF1: 0096776269 | AG1: 20527197 | AH1: AISYAH ANA HARIYANTO | AI1: P
AE2: ZONASI | AF2: 0084641835 | AG2: 20566545 | AH2: AKRAM ARKANANTA FIRDAUS | AI2: L
AE3: ZONASI | AF3: 0083172664 | AG3: 20527180 | AH3: AL FATIH WAHYU BASALAMAH | AI3: L
A4: Tahun Pelajaran 2026 / 2027 | AE4: KIP | AF4: 0089933258 | AG4: 20527166 | AH4: ANDREA NAUFAL SETIAWAN | AI4: L
AE5: AKDMK | AF5: 0095415650 | AG5: 20527197 | AH5: APRILIA NURIL QOMARI | AI5: P
AE6: ZONASI | AF6: 0094693693 | AG6: 20566545 | AH6: AURA NADHIF HENDRA SYAHPUTRA | AI6: P
A7: No | B7: NIS | C7: NISN | D7: Nama Siswa | E7: L/P | F7: Wali Kelas : | I7: CHIKI EVA KRISTIYARA, S.Pd | T7: NIP : | V7: 19861108 202321 2 036 | AE7: ZONASI | AF7: 0098143816 | AG7: 20527180 | AH7: AZIMU NASYWA YATRIN | AI7: P
F8: Tanggal | AE8: RAPORT | AF8: 0082558863 | AG8: 20527185 | AH8: Bambang Fariaji | AI8: L
AE9: RAPORT | AF9: 0083494373 | AG9: 20527197 | AH9: CARISSA DWI PUTRI LARASATI | AI9: P
A10: 1 | B10: 14595 | C10: 0097637507 | D10: ACHMAD RAFI AKBAR | E10: L | AE10: AKDMK | AF10: 0098040950 | AG10: 20527180 | AH10: CHRISTOFFER CONSTANTINE SANTOSO | AI10: L | AM10: =UPPER('XII-A-7'!D10) -> ACH NURUL HIDAYAT | AV10: 1 | AW10: 0097637507 / 14595 | AX10: ACHMAD RAFI AKBAR | AY10: L
A11: 2 | B11: 14597 | C11: 0091162442 | D11: ADELIA ZAHRA WIEGUNANDA | E11: P | AE11: ZONASI | AF11: 0091164419 | AG11: 20527197 | AH11: FATIMAH KASYAF FANIE WAHAB | AI11: P | AM11: =UPPER('XII-B-3'!D14) -> AMELIA HERIYANTO | AV11: 2 | AW11: 0091162442 / 14597 | AX11: ADELIA ZAHRA WIEGUNANDA | AY11: P
A12: 3 | B12: 14614 | C12: 0095256057 | D12: AKBAR RAHMATULLAH RAMADHAN | E12: L | AE12: ZONASI | AF12: 0086888062 | AG12: 20527197 | AH12: HUMAIR DZIKRI SYAHLANA | AI12: L | AM12: =UPPER('XII-A-7'!D12) -> ADINDA AYU RISTIANTI | AV12: 3 | AW12: 0095256057 / 14614 | AX12: AKBAR RAHMATULLAH RAMADHAN | AY12: L
A13: 4 | B13: 14638 | C13: 0095415650 | D13: APRILIA NURIL QOMARI | E13: P | AE13: ZONASI | AF13: 3089324280 | AG13: 20566545 | AH13: Keyzha Lucyana Adhia Rinda | AI13: P | AM13: =UPPER('XII-A-7'!D13) -> ADLYANSYAH BUDIMAN | AV13: 4 | AW13: 0095415650 / 14638 | AX13: APRILIA NURIL QOMARI | AY13: P
A14: 5 | B14: 14660 | C14: 0098143816 | D14: AZIMU NASYWA YATRIN | E14: P | AE14: ZONASI | AF14: 0084247358 | AG14: 20527197 | AH14: LINDHA SYAFITRI | AI14: P | AM14: =UPPER('XII-A-7'!D14) -> AHMAD FAIZ RAHMATILLAH | AV14: 5 | AW14: 0098143816 / 14660 | AX14: AZIMU NASYWA YATRIN | AY14: P
A15: 6 | B15: 14665 | C15: 0081890474 | D15: BERLIANA OKTAVIA BELA | E15: P | AE15: RAPORT | AF15: 0098583778 | AG15: 20583367 | AH15: LIVIA AURATUS ORYZA SATIVA | AI15: P | AM15: =UPPER('XII-A-7'!D15) -> AHMAD GHOSI AKBAR | AV15: 6 | AW15: 0081890474 / 14665 | AX15: BERLIANA OKTAVIA BELA | AY15: P
A16: 7 | B16: 14671 | C16: 0082665512 | D16: BRILLIANT BRAMARGANTARA PM | E16: L | AE16: RAPORT | AF16: 0084705460 | AG16: 20583367 | AH16: M ABYAN FAITH FAWAZEE | AI16: L | AM16: =UPPER('XII-B-3'!D36) -> OWEN FILIPO SANTOSO | AV16: 7 | AW16: 0082665512 / 14671 | AX16: BRILLIANT BRAMARGANTARA P.M. | AY16: L
A17: 8 | B17: 14676 | C17: 0092032751 | D17: CARISSA GUSTI PUTRI | E17: P | AE17: RAPORT | AF17: 0085989808 | AG17: 20527197 | AH17: MEIDY ARYANTO WIGUNA | AI17: L | AM17: =UPPER('XII-A-7'!D17) -> AKSA AHMAD | AV17: 8 | AW17: 0092032751 / 14676 | AX17: Carissa Gusti Putri | AY17: P
A18: 9 | B18: 14678 | C18: 0085720766 | D18: CHIKO HARDELIO TAHER | E18: L | AE18: ZONASI | AF18: 0092567020 | AG18: 20579418 | AH18: MOH ADITYA MAULANA PUTRA | AI18: L | AM18: =UPPER('XII-A-7'!D18) -> ALDO SUKMA MAULIDZI | AV18: 9 | AW18: 0085720766 / 14678 | AX18: CHIKO HARDELIO TAHER | AY18: L
A19: 10 | B19: 14690 | C19: 0086730733 | D19: DYAH AYU RAMADHANI | E19: P | AE19: ZONASI | AF19: 0089276032 | AG19: 20527197 | AH19: MOH AFGAN BARLIYANTO | AI19: L | AM19: =UPPER('XII-A-7'!D19) -> ALISHA RAMADHANI POERNOMO | AV19: 10 | AW19: 0086730733 / 14690 | AX19: DYAH AYU RAMADHANI | AY19: P
A20: 11 | B20: 14696 | C20: 0082153282 | D20: ELMAS SULTHON SALIM | E20: L | AE20: NON AKD | AF20: 0085784500 | AG20: 20527195 | AH20: MOH ALFAN KURNIAWAN | AI20: L | AM20: =UPPER('XII-A-7'!D20) -> ANGGUN KARUNIA PUTRI SASIKIRANA | AV20: 11 | AW20: 0082153282 / 14696 | AX20: ELMAS SULTHON SALIM | AY20: L
A21: 12 | B21: 14706 | C21: 0085164886 | D21: FATHIMAH AZ ZAHRA | E21: P | AE21: ZONASI | AF21: 0092307512 | AG21: 20527180 | AH21: MOH ARAFA DWI PURWANTO | AI21: L | AM21: =UPPER('XII-A-7'!D21) -> ARKAN QUVI RAHAGIS | AV21: 12 | AW21: 0085164886 / 14706 | AX21: FATHIMAH AZ ZAHRA | AY21: P
A22: 13 | B22: 14719 | C22: 0093695374 | D22: GILANG ALFAHRIZI | E22: L | AE22: RAPORT | AF22: 0095526227 | AG22: 20528625 | AH22: MOH REZA FEBRILIYANTO | AI22: L | AM22: =UPPER('XII-A-7'!D22) -> ASSHIFA MAGHFIRAH | AV22: 13 | AW22: 0093695374 / 14719 | AX22: GILANG ALFAHRIZI | AY22: L
A23: 14 | B23: 14723 | C23: 0096047605 | D23: HANIEF RIZKIANSYAH ARIEF | E23: L | AE23: ZONASI | AF23: 0093901388 | AG23: 20527180 | AH23: MOHAMMAD GHAVIN AZZARYA TAMRIN | AI23: L | AM23: =UPPER('XII-A-7'!D23) -> AYDIN NARARYA TARIQ | AV23: 14 | AW23: 0096047605 / 14723 | AX23: HANIEF RIZKIANSYAH ARIEF | AY23: L
A24: 15 | B24: 14729 | C24: 0088601519 | D24: HILMAN FUADI | E24: L | AE24: ZONASI | AF24: 0094661980 | AG24: 20527180 | AH24: MOHAMMAD RIZQI FADILAH | AI24: L | AM24: =UPPER('XII-A-7'!D24) -> BETARIA WIFAN AGUSTA | AV24: 15 | AW24: 0088601519 / 14729 | AX24: HILMAN FUADI | AY24: L
A25: 16 | B25: 14733 | C25: 0098205189 | D25: IBRAHIM PUTRA BUDIYANTO | E25: L | AE25: ZONASI | AF25: 0088261483 | AG25: 20566545 | AH25: MUHAMMAD IQBAL LISMARTA | AI25: L | AM25: =UPPER('XII-A-7'!D25) -> BILQIS NABILA ZAHROH | AV25: 16 | AW25: 0098205189 / 14733 | AX25: IBRAHIM PUTRA BUDIYANTO | AY25: L
A26: 17 | B26: 14737 | C26: 0079472704 | D26: INTAN TARI RAMADHANI | E26: P | AE26: RAPORT | AF26: 3099461393 | AG26: 20528625 | AH26: MULIA ANNISA SETYA WARDANI | AI26: P | AM26: =UPPER('XII-A-7'!#REF!) -> #REF! | AV26: 17 | AW26: 0079472704 / 14737 | AX26: INTAN TARI R | AY26: P
A27: 18 | B27: 14749 | C27: 0096323695 | D27: KHANSA BUNGA ADELIA RIJANI | E27: P | AE27: NON AKD | AF27: 0081535841 | AG27: 20527197 | AH27: NADHIFA SUCIANI HUWAIDA | AI27: P | AM27: =UPPER('XII-A-4'!D35) -> MOHAMMAD IQBAL RISTRIANTO | AV27: 18 | AW27: 0096323695 / 14749 | AX27: KHANSA BUNGA ADELIA RIJANI | AY27: P
A28: 19 | B28: 14756 | C28: 0098583778 | D28: LIVIA AURATUS ORYZA SATIVA | E28: P | AE28: RAPORT | AF28: 0083375001 | AG28: 20527197 | AH28: NAZIFA SALSABILA | AI28: P | AM28: =UPPER('XII-A-7'!D28) -> IRMA NOVIANTI PUTRI NASIR | AV28: 19 | AW28: 0098583778 / 14756 | AX28: LIVIA AURATUS ORYZA SATIVA | AY28: P
A29: 20 | B29: 14757 | C29: 0084839529 | D29: LIVINA DZAKIRA NUGRAHA | E29: P | AE29: ZONASI | AF29: 0087193172 | AG29: 20527197 | AH29: NUR SYARIF | AI29: L | AM29: =UPPER('XII-A-7'!D29) -> KHANSA AISYAH SHABRINA | AV29: 20 | AW29: 0084839529 / 14757 | AX29: LIVINA DZAKIRA NUGRAHA | AY29: P
A30: 21 | B30: 14758 | C30: 0087903138 | D30: LUNA ZAHRATUS SHITA | E30: P | AE30: A.GURU | AF30: 0088070697 | AG30: 20527197 | AH30: R AYU NOURA AZKIA | AI30: P | AM30: =UPPER('XII-A-5'!D13) -> AISYAH ANI HARIYANTO | AV30: 21 | AW30: 0087903138 / 14758 | AX30: LUNA ZAHRATUS SHITA | AY30: P
A31: 22 | B31: 14762 | C31: 0099059716 | D31: MAISYAR MAULI NABILA FP | E31: P | AE31: ZONASI | AF31: 0098997217 | AG31: 20527197 | AH31: R RAIHANUN FEBRIYANA SUGIHARTO | AI31: P | AM31: =UPPER('XII-B-2'!D19) -> CAROLINA AGUSTIN ARYA SARI | AV31: 22 | AW31: 0099059716 / 14762 | AX31: MAISYAR MAULI NABILA F.P. | AY31: P
A32: 23 | B32: 14776 | C32: 0093197545 | D32: MILZI ALIFIA MAULIDA | E32: P | AE32: AKDMK | AF32: 0083012066 | AG32: 20529915 | AH32: REISYA SATYA AYU PRAMESWARI | AI32: P | AM32: =UPPER('XII-A-7'!D33) -> MUHAMMAD FAKHRY HIDAYAT | AV32: 23 | AW32: 0093197545 / 14776 | AX32: MILZI ALIFIA MAULIDA | AY32: P
A33: 24 | B33: 14781 | C33: 0094346939 | D33: MOH ALFIAN ZAINAL ARIF | E33: L | AE33: ZONASI | AF33: 0088888355 | AG33: 20583367 | AH33: SAVIRA ELDIANA | AI33: P | AM33: =UPPER('XII-A-7'!D34) -> MUHAMMAD FRITZ ZAHRAN VIRODILA | AV33: 24 | AW33: 0094346939 / 14781 | AX33: MOH. ALFIAN ZAINAL ARIF | AY33: L
A34: 25 | B34: 14792 | C34: 0108459456 | D34: MOH WILDAN RADITYA | E34: L | AE34: KIP | AF34: 0099249982 | AG34: 20527202 | AH34: Selviana Febiyanti | AI34: P | AM34: =UPPER('XII-A-7'!D35) -> MUHAMMAD INDRA RIZKY FAHREZA | AV34: 25 | AW34: 0108459456 / 14792 | AX34: MOH. WILDAN RADITYA | AY34: L
A35: 26 | B35: 14801 | C35: 0098382897 | D35: MOHAMMAD IQBAL RISTRIANTO | E35: L | AE35: NON AKD | AF35: 0084473234 | AG35: 20527169 | AH35: Vincentius Samuel Candra | AI35: L | AM35: =UPPER('XII-A-7'!D36) -> MUHAMMAD IQBAL LISMARTA | AV35: 26 | AW35: 0098382897 / 14801 | AX35: MOHAMMAD IQBAL RISTRIANTO | AY35: L
A36: 27 | B36: 14835 | C36: 0091755500 | D36: NAILA AZARINE RADHIA IRDIAWAN | E36: P | AE36: ZONASI | AF36: 0081529684 | AG36: 20527180 | AH36: YULIATUL QOMARIYAH | AI36: P | AM36: =UPPER('XII-A-7'!D37) -> NAURA YASMITA DWI SEPTIANDINA | AV36: 27 | AW36: 0091755500 / 14835 | AX36: NAILA AZARINE RADHIA IRDIAWAN | AY36: P
A37: 28 | B37: 14843 | C37: 0091667325 | D37: NAURA WILDA SAFITRI | E37: P | AM37: =UPPER('XII-A-7'!#REF!) -> #REF! | AV37: 28 | AW37: 0091667325 / 14843 | AX37: Naura Wilda Safitri | AY37: P
A38: 29 | B38: 14848 | C38: 0097064727 | D38: NAYLA SHAFA AZZAHRA | E38: P | AM38: =UPPER('XII-B-1'!D35) -> RANGGA ADITYA SUGIANTO | AV38: 29 | AW38: 0097064727 / 14848 | AX38: NAYLA SHAFA AZZAHRA | AY38: P
A39: 30 | B39: 14849 | C39: 0083375001 | D39: NAZIFA SALSABILA | E39: P | AM39: =UPPER('XII-A-7'!#REF!) -> #REF! | AV39: 30 | AW39: 0083375001 / 14849 | AX39: NAZIFA SALSABILA | AY39: P
A40: 31 | B40: 14874 | C40: 0086506804 | D40: RADITYA IKHSAN FIRDAUS | E40: L | AM40: =UPPER('XII-A-7'!D39) -> NURDIA BILQIS RAHMAISNAENY | AV40: 31 | AW40: 0086506804 / 14874 | AX40: RADITYA IKHSAN FIRDAUS | AY40: L
A41: 32 | B41: 14877 | C41: 0087880035 | D41: RAFI FACHRUDIN | E41: L | AM41: =UPPER('XII-A-7'!D40) -> NURUL JIHAN MAULIDIA | AV41: 32 | AW41: 0087880035 / 14877 | AX41: RAFI FACHRUDIN | AY41: L
A42: 33 | B42: 14899 | C42: 0083907588 | D42: RUH SYAFIRA CAHYANING PAWASA | E42: P | AM42: =UPPER('XII-A-7'!D41) -> SAFAIRA PUTERI MAEDIANSYAH | AV42: 33 | AW42: 0083907588 / 14899 | AX42: RUH SYAFIRA CAHYANING PAWASA | AY42: P
A43: 34 | B43: 14907 | C43: 0085453933 | D43: SATRYO MAHARDIKA SYAHBANA DH | E43: L | AV43: 34 | AW43: 0085453933 / 14907 | AX43: SATRYO MAHARDIKA SYAHBANA DH | AY43: L
A44: 35 | B44: 14916 | C44: 0087170874 | D44: SHERIN ANNISA RAHMANI | E44: P | AM44: =UPPER('XII-B-1'!D44) -> VEREN ALANA SUYONO | AV44: 35 | AW44: 0087170874 / 14916 | AX44: SHERIN ANNISA RAHMANI | AY44: P
A45: 36 | B45: 14933 | C45: 0099637523 | D45: TULUS FIRMANSYAH | E45: L | AM45: =UPPER('XII-A-7'!D43) -> TASNIM KHAIRULLAH HIDAYAT | AV45: 36 | AW45: 0099637523 / 14933 | AX45: Tulus Firmansyah | AY45: L
A46: Paraf | D46: L : | E46: =COUNTIFS($E$10:$E$45,"L") -> 16 | AM46: =UPPER('XII-A-7'!D44) -> VALENCIA PUTERI SUZANA
A47: Guru | D47: P : | E47: =COUNTIFS($E$10:$E$45,"P") -> 20 | AM47: =UPPER('XII-A-7'!D47) -> L :
E48: =E46+E47 -> 36

Sheet XII-A-5
AF1: RAPORT | AG1: 0091238339 | AH1: 20527197 | AI1: AISYAH ANI HARIYANTO | AJ1: P
AF2: RAPORT | AG2: 0092554098 | AH2: 20529909 | AI2: AKH RASYA EFENDI PUTRA | AJ2: L
AF3: RAPORT | AG3: 0083060697 | AH3: 20527197 | AI3: ALLAFA ALYYUS SULTANSYAH WIDJAYA | AJ3: L
A4: Tahun Pelajaran 2026 / 2027 | AF4: ZONASI | AG4: 0096438872 | AH4: 20527180 | AI4: AMELIA HERIYANTO | AJ4: P
AF5: KIP | AG5: 0098143746 | AH5: 20527166 | AI5: ANDINI PUTRI SUGIONO | AJ5: P
AF6: ZONASI | AG6: 0098573401 | AH6: 20566545 | AI6: ARKAN QUVI RAHAGIS | AJ6: L
A7: No | B7: NIS | C7: NISN | D7: Nama Siswa | E7: L/P | F7: Wali Kelas : | I7: IMAMI SOESIAWATI, S.Pd. | T7: NIP : | V7: 19760527 200604 2 017 | AF7: RAPORT | AG7: 0088166851 | AH7: 20500505 | AI7: AULIA FAIZAH | AJ7: P
F8: Tanggal | AF8: RAPORT | AG8: 0093826254 | AH8: 20527197 | AI8: AULIA RAHMAWATI | AJ8: P
AF9: ZONASI | AG9: 0095752316 | AH9: 20566545 | AI9: AURA NAVIS HENDRA SYAHPUTRA | AJ9: P
A10: 1 | B10: 14593 | C10: 0087980048 | D10: ACH RIZKY RAMADHANA R | E10: L | AF10: ZONASI | AG10: 0089056135 | AH10: 20527180 | AI10: AURIEL DWIVANI PUTERA | AJ10: L | AL10: =UPPER(D10) -> ACH RIZKY RAMADHANA R | AT10: 1 | AU10: 0087980048 / 14593 | AV10: ACH. RIZKY RAMADHANA R | AW10: L
A11: 2 | B11: 14605 | C11: 0085715335 | D11: AGUNG AULIA AKBAR | E11: L | AF11: NON AKD | AG11: 0087658356 | AH11: 20527180 | AI11: BIMA SATRIA PUTRA RISMAWAN | AJ11: L | AL11: =UPPER(D11) -> AGUNG AULIA AKBAR | AT11: 2 | AU11: 0085715335 / 14605 | AV11: AGUNG AULIA AKBAR | AW11: L
A12: 3 | B12: 14608 | C12: 0095865130 | D12: AHMAD FARHAN HAKIKI | E12: L | AF12: ZONASI | AG12: 0082665512 | AH12: 20527197 | AI12: BRILLIANT BRAMARGANTARA PM | AJ12: L | AL12: =UPPER(D12) -> AHMAD FARHAN HAKIKI | AT12: 3 | AU12: 0095865130 / 14608 | AV12: AHMAD FARHAN HAKIKI | AW12: L
A13: 4 | B13: 14610 | C13: 0091238339 | D13: AISYAH ANI HARIYANTO | E13: P | AF13: NON AKD | AG13: 0086730733 | AH13: 20527197 | AI13: DYAH AYU RAMADHANI | AJ13: P | AL13: =UPPER(#REF!) -> #REF! | AT13: 4 | AU13: 0091238339 / 14610 | AV13: AISYAH ANI HARIYANTO | AW13: P
A14: 5 | B14: 14620 | C14: 0102524441 | D14: ALFISA SYAHIRA SUTIKNO | E14: P | AF14: ZONASI | AG14: 0088529897 | AH14: 20527180 | AI14: GILANG AKBAR SYAHPUTRA NASSO | AJ14: L | AL14: =UPPER(D14) -> ALFISA SYAHIRA SUTIKNO | AT14: 5 | AU14: 0102524441 / 14620 | AV14: Alfisa Syahira Sutikno | AW14: P
A15: 6 | B15: 14622 | C15: 0083060697 | D15: ALLAFA ALYYUS SULTANSYAH WIDJAYA | E15: L | AF15: ZONASI | AG15: 0084346315 | AH15: 20527197 | AI15: GILANG AKMAL HIDAYAT | AJ15: L | AL15: =UPPER(D15) -> ALLAFA ALYYUS SULTANSYAH WIDJAYA | AT15: 6 | AU15: 0083060697 / 14622 | AV15: ALLAFA ALYYUS SULTANSYAH WIDJAYA | AW15: L
A16: 7 | B16: 14634 | C16: 0098143746 | D16: ANDINI PUTRI SUGIONO | E16: P | AF16: A.GURU | AG16: 0094952897 | AH16: 20527180 | AI16: Khazwa Farih Imtiyaz Mindas | AJ16: P | AL16: =UPPER(D16) -> ANDINI PUTRI SUGIONO | AT16: 7 | AU16: 0098143746 / 14634 | AV16: ANDINI PUTRI SUGIONO | AW16: P
A17: 8 | B17: 14647 | C17: 0092690551 | D17: ASRAFUL MIFTAH | E17: L | AF17: ZONASI | AG17: 0087377583 | AH17: 20527197 | AI17: LALA HERMANDA | AJ17: P | AL17: =UPPER(D17) -> ASRAFUL MIFTAH | AT17: 8 | AU17: 0092690551 / 14647 | AV17: ASRAFUL MIFTAH | AW17: L
A18: 9 | B18: 14664 | C18: 0093463371 | D18: BENNETT WANG | E18: L | AF18: RAPORT | AG18: 0099059716 | AH18: 20527197 | AI18: MAISYAR MAULI NABILA FP | AJ18: L | AL18: =UPPER(D18) -> BENNETT WANG | AT18: 9 | AU18: 0093463371 / 14664 | AV18: Bennett Wang | AW18: L
A19: 10 | B19: 14688 | C19: 0082864028 | D19: DIRGANTARA FAIRUZ IFTIKHORI | E19: L | AF19: RAPORT | AG19: 0085428877 | AH19: 20583367 | AI19: MALIKA ALFATIA PUTRI | AJ19: P | AL19: =UPPER(D19) -> DIRGANTARA FAIRUZ IFTIKHORI | AT19: 10 | AU19: 0082864028 / 14688 | AV19: Dirgantara Fairuz Iftikhori | AW19: L
A20: 11 | B20: 14691 | C20: 3097897632 | D20: DYAH SYAFARINA ROSAYANTI | E20: P | AF20: ZONASI | AG20: 0081404380 | AH20: 20583410 | AI20: MAULIDATUL KOFIFAH | AJ20: P | AL20: =UPPER(D20) -> DYAH SYAFARINA ROSAYANTI | AT20: 11 | AU20: 3097897632 / 14691 | AV20: DYAH SYAFARINA ROSAYANTI | AW20: P
A21: 12 | B21: 14698 | C21: 0082845989 | D21: FADEL RISQULLAH BAKRIE | E21: L | AF21: AKDMK | AG21: 0087953706 | AH21: 20583367 | AI21: MELDA MASTUFIL FADILA | AJ21: P | AL21: =UPPER(D21) -> FADEL RISQULLAH BAKRIE | AT21: 12 | AU21: 0082845989 / 14698 | AV21: Fadel Risqullah Bakrie | AW21: L
A22: 13 | B22: 14713 | C22: 0156061180 | D22: FIRZA AMIRA EL FAIZA | E22: P | AF22: ZONASI | AG22: 0094896372 | AH22: 20527197 | AI22: MIRANDA KUSUMA ATMAJA | AJ22: P | AL22: =UPPER(D22) -> FIRZA AMIRA EL FAIZA | AT22: 13 | AU22: 0156061180 / 14713 | AV22: FIRZA AMIRA EL FAIZA | AW22: P
A23: 14 | B23: 14714 | C23: 0082847597 | D23: FIYHIMA AINANI TAJRIYAN | E23: P | AF23: AKDMK | AG23: 0081411031 | AH23: 20527180 | AI23: MOHAMMAD ALVI SYAHRIN | AJ23: L | AL23: =UPPER(D23) -> FIYHIMA AINANI TAJRIYAN | AT23: 14 | AU23: 0082847597 / 14714 | AV23: FIYHIMA AINANI TAJRIYAN | AW23: P
A24: 15 | B24: 14718 | C24: 0084346315 | D24: GILANG AKMAL HIDAYAT | E24: L | AF24: ZONASI | AG24: 0084462888 | AH24: 20527180 | AI24: MOHAMMAD IBRA PRATAMA | AJ24: L | AL24: =UPPER(D24) -> GILANG AKMAL HIDAYAT | AT24: 15 | AU24: 0084346315 / 14718 | AV24: GILANG AKMAL HIDAYAT | AW24: L
A25: 16 | B25: 14732 | C25: 0085768344 | D25: HUMAIRA SHALSABILA FIRDAUZI | E25: P | AF25: NON AKD | AG25: 0085551439 | AH25: 20527193 | AI25: MUHAMMAD DAVID RIYADI | AJ25: L | AL25: =UPPER(D25) -> HUMAIRA SHALSABILA FIRDAUZI | AT25: 16 | AU25: 0085768344 / 14732 | AV25: HUMAIRA SHALSABILA FIRDAUZI | AW25: P
... A36: 27 | B36: 14839 | C36: 0081216364 | D36: NAUFAL ALWAN HAKIM | E36: L | AF36: AKDMK | AG36: 0084754773 | AH36: 20527185 | AI36: SITTI ZAHRATUS SIETA | AJ36: P | AL36: =UPPER(D36) -> NAUFAL ALWAN HAKIM | AT36: 27 | AU36: 0081216364 / 14839 | AV36: NAUFAL ALWAN HAKIM | AW36: L
A37: 28 | B37: 14869 | C37: 0094168761 | D37: PUTRI GARANITA ARDALIA WIBOWO | E37: P | AL37: =UPPER(D37) -> PUTRI GARANITA ARDALIA WIBOWO | AT37: 29 | AU37: 0094168761 / 14869 | AV37: PUTRI GARANITA ARDALIA WIBOWO | AW37: P
A38: 29 | B38: 14884 | C38: 0094946607 | D38: RANGGA MAULIDAN RAHMAN CPK | E38: L | AL38: =UPPER(D38) -> RANGGA MAULIDAN RAHMAN CPK | AT38: 30 | AU38: 0094946607 / 14884 | AV38: RANGGA MAULIDAN RAHMAN CPK | AW38: L
A39: 30 | B39: 14895 | C39: 0083852021 | D39: RIKI PUTRA RAIHAN | E39: L | AL39: =UPPER(D39) -> RIKI PUTRA RAIHAN | AT39: 32 | AU39: 0083852021 / 14895 | AV39: RIKI PUTRA RAIHAN | AW39: L
A40: 31 | B40: 14897 | C40: 0095745897 | D40: RIZKIANA INTANSARI | E40: P | AL40: =UPPER(D40) -> RIZKIANA INTANSARI | AT40: 33 | AU40: 0095745897 / 14897 | AV40: RIZKIANA INTANSARI | AW40: P
A41: 32 | B41: 14906 | C41: 0109424194 | D41: SARAH SALSABILA | E41: P | AL41: =UPPER(D41) -> SARAH SALSABILA | AT41: 34 | AU41: 0109424194 / 14906 | AV41: SARAH SALSABILA | AW41: P
A42: 33 | B42: 14938 | C42: 0091738402 | D42: VINA SAFRIYANI | E42: P | AL42: =UPPER(D42) -> VINA SAFRIYANI | AT42: 35 | AU42: 0091738402 / 14938 | AV42: VINA SAFRIYANI | AW42: P
A43: 34 | B43: 14942 | C43: 0099235377 | D43: YULIA EKA FITRIANSYAH | E43: P | AL43: =UPPER(D43) -> YULIA EKA FITRIANSYAH | AT43: 36 | AU43: 0099235377 / 14942 | AV43: YULIA EKA FITRIANSYAH | AW43: P
A44: Paraf | D44: L : | E44: =COUNTIFS($E$10:$E$43,"L") -> 16
A45: Guru | D45: P : | E45: =COUNTIFS($E$10:$E$43,"P") -> 18
E46: =E44+E45 -> 34

Sheet XII-A-6
A4: Tahun Pelajaran 2026 / 2027
A7: No | B7: NIS | C7: NISN | D7: Nama Siswa | E7: L/P | F7: Wali Kelas : | I7: SHELLY MARINI, S.Pd. | T7: NIP : | V7: 19861211 201101 2 012
F8: Tanggal
A10: 1 | B10: 14623 | C10: 0093440845 | D10: ALLENA GIOVANNY SUGIARTO | E10: P | AF10: 1 | AG10: 0093440845 / 14623 | AH10: ALLENA GIOVANNY SUGIARTO | AI10: P
A11: 2 | B11: 14628 | C11: 0083093788 | D11: AMELIA RIZKI RAMADHANI SURYANTO | E11: P | AF11: 2 | AG11: 0083093788 / 14628 | AH11: AMELIA RIZKI RAMADHANI SURYANTO | AI11: P
A12: 3 | B12: 14629 | C12: 0065403876 | D12: AMIEN FIRDAUS | E12: L | AF12: 3 | AG12: 0065403876 / 14629 | AH12: AMIEN FIRDAUS | AI12: L
A13: 4 | B13: 14645 | C13: 0095153508 | D13: ARSYIL CAHYA WIBISONO | E13: L | AF13: 4 | AG13: 0095153508 / 14645 | AH13: ARSYIL CAHYA WIBISONO | AI13: L
A14: 5 | B14: 14662 | C14: 0082558863 | D14: BAMBANG FARIAJI | E14: L | AF14: 5 | AG14: 0082558863 / 14662 | AH14: Bambang Fariaji | AI14: L
A15: 6 | B15: 14669 | C15: 0096137085 | D15: BIMA SETIAWAN RELA | E15: L | AF15: 6 | AG15: 0096137085 / 14669 | AH15: BIMA SETIAWAN RELA | AI15: L
A16: 7 | B16: 14670 | C16: 0088109228 | D16: BINTANG ACHMAD FAUZANI | E16: L | AF16: 7 | AG16: 0088109228 / 14670 | AH16: BINTANG ACHMAD FAUZANI | AI16: L
A17: 8 | B17: 14674 | C17: 0088600933 | D17: CANDRA ADITIYA NURMANSAH | E17: L | AF17: 8 | AG17: 0088600933 / 14674 | AH17: CANDRA ADITIYA NURMANSAH | AI17: L
A18: 9 | B18: 14675 | C18: 0083494373 | D18: CARISSA DWI PUTRI LARASATI | E18: P | AF18: 9 | AG18: 0083494373 / 14675 | AH18: CARISSA DWI PUTRI LARASATI | AI18: P
A19: 10 | B19: 14682 | C19: 0088204888 | D19: DANISH AZHAR ABDILLAH | E19: L | AF19: 10 | AG19: 0088204888 / 14682 | AH19: DANISH AZHAR ABDILLAH | AI19: L
A20: 11 | B20: 14689 | C20: 0095842198 | D20: DIVA TRI AYUNDA LESTARI | E20: P | AF20: 11 | AG20: 0095842198 / 14689 | AH20: DIVA TRI AYUNDA LESTARI | AI20: P
A21: 12 | B21: 14695 | C21: 0085570129 | D21: ELLYSWATY SALSABILA | E21: P | AF21: 12 | AG21: 0085570129 / 14695 | AH21: ELLYSWATY SALSABILA | AI21: P
... A45: 36 | B45: 14941 | C45: 0098446166 | D45: YASMIN ANGGITA UTOMO | E45: P | AF45: 36 | AG45: 0081529684 / 14944 | AH45: YULIATUL QOMARIYAH | AI45: P
A46: Paraf | D46: L : | E46: =COUNTIFS($E$10:$E$45,"L") -> 16
A47: Guru | D47: P : | E47: =COUNTIFS($E$10:$E$45,"P") -> 20
E48: =E46+E47 -> 36

Sheet XII-A-7
AF2: ZONASI | AG2: 0096081695 | AH2: 20527197 | AI2: ACH NURUL HIDAYAT | AJ2: L
AF3: ZONASI | AG3: 0088648714 | AH3: 20583410 | AI3: ADINDA ZIFANNA OKTAFIA | AJ3: P
A4: Tahun Pelajaran 2026 / 2027 | AF4: RAPORT | AG4: 0096665378 | AH4: 20527197 | AI4: ANGGUN KARUNIA PUTRI SASIKIRANA | AJ4: P
AF5: ZONASI | AG5: 0086865210 | AH5: 20527197 | AI5: ANNISA ALMAQFIRA | AJ5: P
AF6: ZONASI | AG6: 0092449638 | AH6: 20527197 | AI6: AURA DINDA TRY ZALIANTY | AJ6: P
A7: No | B7: NIS | C7: NISN | D7: Nama Siswa | E7: L/P | F7: Wali Kelas : | I7: SOFAYANTO, S.Pd | T7: NIP : | V7: 19930731 202012 1 016 | AF7: ZONASI | AG7: 0093463371 | AH7: 20566545 | AI7: Bennett Wang | AJ7: L
F8: Tanggal | AF8: NON AKD | AG8: 0088109228 | AH8: 20527180 | AI8: BINTANG ACHMAD FAUZANI | AJ8: L
AF9: A.GURU | AG9: 0096931249 | AH9: 20527197 | AI9: DAVIN PRAMANA PUTRA YULIANTO | AJ9: L
A10: 1 | B10: 14592 | C10: 0096081695 | D10: ACH NURUL HIDAYAT | E10: L | AR10: 1 | AS10: 0096081695 / 14592 | AT10: ACH. NURUL HIDAYAT | AU10: L
A11: 2 | B11: 14598 | C11: 0097358875 | D11: ADILA RASYADAH RAHMAN | E11: P | AR11: 2 | AS11: 0097358875 / 14598 | AT11: ADILA RASYADAH RAHMAN | AU11: P
A12: 3 | B12: 14599 | C12: 0088105454 | D12: ADINDA AYU RISTIANTI | E12: P | AR12: 3 | AS12: 0088105454 / 14599 | AT12: ADINDA AYU RISTIANTI | AU12: P
A13: 4 | B13: 14604 | C13: 0093908702 | D13: ADLYANSYAH BUDIMAN | E13: L | AR13: 4 | AS13: 0093908702 / 14604 | AT13: ADLYANSYAH BUDIMAN | AU13: L
A14: 5 | B14: 14607 | C14: 0098516635 | D14: AHMAD FAIZ RAHMATILLAH | E14: L | AR14: 5 | AS14: 0098516635 / 14607 | AT14: Ahmad Faiz Rahmatillah | AU14: L
A15: 6 | B15: 15304 | C15: 0087873856 | D15: AHMAD GHOSI AKBAR | E15: L | AR15: 6 | AS15: 0087873856 / 15304 | AT15: Ahmad Ghozi Akbar | AU15: L
A16: 7 | B16: 14615 | C16: 0092554098 | D16: AKH. RASYA EFENDI PUTRA | E16: L | AR16: 7 | AS16: 0092554098 / 14615 | AT16: AKH. RASYA EFENDI PUTRA | AU16: L
A17: 8 | B17: 14617 | C17: 0087180491 | D17: AKSA AHMAD | E17: L | AR17: 8 | AS17: 0087180491 / 14617 | AT17: Aksa Ahmad | AU17: L
A18: 9 | B18: 14619 | C18: 0095986339 | D18: ALDO SUKMA MAULIDZI | E18: L | AR18: 9 | AS18: 0095986339 / 14619 | AT18: ALDO SUKMA MAULIDZI | AU18: L
A19: 10 | B19: 14621 | C19: 0096013702 | D19: ALISHA RAMADHANI POERNOMO | E19: P | AR19: 10 | AS19: 0096013702 / 14621 | AT19: ALISHA RAMADHANI POERNOMO | AU19: P
A20: 11 | B20: 14636 | C20: 0096665378 | D20: ANGGUN KARUNIA PUTRI SASIKIRANA | E20: P | AR20: 11 | AS20: 0096665378 / 14636 | AT20: ANGGUN KARUNIA PUTRI SASIKIRANA | AU20: P
A21: 12 | B21: 14644 | C21: 0098573401 | D21: ARKAN QUVI RAHAGIS | E21: L | AR21: 12 | AS21: 0089967146 / 14648 | AT21: ASSHIFA MAGHFIRAH | AU21: P
... A44: 35 | B44: 14935 | C44: 0089075246 | D44: VALENCIA PUTERI SUZANA | E44: P | AR44: 35 | AS44: 0094292897 / 14929 | AT44: TASNIM KHAIRULLAH HIDAYAT | AU44: L
AR45: 36 | AS45: 0089075246 / 14935 | AT45: VALENCIA PUTERI SUZANA | AU45: P
A47: Paraf | D47: L : | E47: =COUNTIFS($E$10:$E$46,"L") -> 17
A48: Guru | D48: P : | E48: =COUNTIFS($E$10:$E$46,"P") -> 18 | AH48: =E47+E48 -> 35
E49: =E47+E48 -> 35

Sheet XII-B-1
A4: Tahun Pelajaran 2026 / 2027
A8: No | B8: NIS | C8: NISN | D8: Nama Siswa | E8: L/P | F8: Wali Kelas : | I8: ALIF AMALIA RISKI R. S.Pd | T8: NIP : | V8: 19840606 201001 2 013
F9: Tanggal
A11: 1 | B11: 14594 | C11: 0092559700 | D11: ACHMAD AFIM INTI ISTIQAM | E11: L | AF11: 1 | AG11: 0092559700 / 14594 | AH11: ACHMAD AFIM INTI ISTIQAM | AI11: L
A12: 2 | B12: 14949 | C12: 0084217342 | D12: AHMAD FAWWAS IRFANI | E12: L | AF12: 2 | AG12: 0084217342 / | AH12: AHMAD FAWWAS IRFANI | AI12: L
A13: 3 | B13: 14616 | C13: 0084641835 | D13: AKRAM ARKANANTA FIRDAUS | E13: L | AF13: 3 | AG13: 0084641835 / 14616 | AH13: AKRAM ARKANANTA FIRDAUS | AI13: L
A14: 4 | B14: 14626 | C14: 0089803534 | D14: ALYSSA RISMA PARAMITHA | E14: P | AF14: 4 | AG14: 0089803534 / 14626 | AH14: ALYSSA RISMA PARAMITHA | AI14: P
A15: 5 | B15: 14630 | C15: 0086518583 | D15: AMIRA MUBAROK | E15: P | AF15: 5 | AG15: 0086518583 / 14630 | AH15: AMIRA MUBAROK | AI15: P
A16: 6 | B16: 14639 | C16: 0091280055 | D16: ARFAN NUBAID | E16: L | AF16: 6 | AG16: 0091280055 / 14639 | AH16: ARFAN NUBAID | AI16: L
A17: 7 | B17: 14655 | C17: 0095752316 | D17: AURA NAVIS HENDRA SYAHPUTRA | E17: P | AF17: 7 | AG17: 0095752316 / 14655 | AH17: AURA NAVIS HENDRA SYAHPUTRA | AI17: L
A18: 8 | B18: 14687 | C18: 0089501886 | D18: DHIMAS ADHA TRI SUSANTO | E18: L | AF18: 8 | AG18: 0089501886 / 14687 | AH18: DHIMAS ADHA TRI SUSANTO | AI18: L
A19: 9 | B19: 14699 | C19: 0081076234 | D19: FAGHIRA CAYLA PUTRI | E19: P | AF19: 9 | AG19: 0081076234 / 14699 | AH19: FAGHIRA CAYLA PUTRI | AI19: P
A20: 10 | B20: 14720 | C20: 0091498870 | D20: GILANG HARTIANSYAH | E20: L | AF20: 10 | AG20: 0091498870 / 14720 | AH20: GILANG HARTIANSYAH | AI20: L
A21: 11 | B21: 14727 | C21: 0086785528 | D21: HERI ROMADHONI | E21: L | AF21: 11 | AG21: 0086785528 / 14727 | AH21: HERI ROMADHONI | AI21: L
A22: 12 | B22: 14744 | C22: 0088881095 | D22: KAYSAN AISEL ASYROF | E22: L | AF22: 12 | AG22: 0088881095 / 14744 | AH22: KAYSAN AISEL ASYROF | AI22: L
... A45: 35 | B45: 14943 | C45: 0082833966 | D45: YULIA MAULIDINA ARIEF | E45: P | AF45: 35 | AG45: 0082833966 / 14943 | AH45: YULIA MAULIDINA ARIEF | AI45: P
A47: Paraf | D47: L : | E47: =COUNTIFS($E$11:$E$46,"L") -> 18
A48: Guru | D48: P : | E48: =COUNTIFS($E$11:$E$46,"P") -> 17
E49: =E47+E48 -> 35

Sheet XII-B-2
A4: Tahun Pelajaran 2026 / 2027
A8: No | B8: NIS | C8: NISN | D8: Nama Siswa | E8: L/P | F8: Wali Kelas : | I8: FAHRIS SHIYAM, S.Pd.I | T8: NIP : | V8: 199004082020122016
F9: Tanggal
A11: 1 | B11: 14590 | C11: 0095463618 | D11: ABDURRAHMAN | E11: L | AF11: 1 | AG11: 0095463618 / 14590 | AH11: ABDURRAHMAN | AI11: L
A12: 2 | B12: 14602 | C12: 0087175500 | D12: ADLI MOURA ADYTIA RAUF | E12: L | AF12: 2 | AG12: 0087175500 / 14602 | AH12: ADLI MOURA ADYTIA RAUF | AI12: L
A13: 3 | B13: 14613 | C13: 0093808972 | D13: AJESIA PRABU ANGGORO HARIYANTO | E13: L | AF13: 3 | AG13: 0093808972 / 14613 | AH13: AJESIA PRABU ANGGORO HARIYANTO | AI13: L
A14: 4 | B14: 14632 | C14: 0096889903 | D14: ANDHIKA FERLY DARMAWAN | E14: L | AF14: 4 | AG14: 0096889903 / 14632 | AH14: ANDHIKA FERLY DARMAWAN | AI14: L
A15: 5 | B15: 14637 | C15: 0086865210 | D15: ANNISA ALMAQFIRA | E15: P | AF15: 5 | AG15: 0086865210 / 14637 | AH15: ANNISA ALMAQFIRA | AI15: P
A16: 6 | B16: 14656 | C16: 0089056135 | D16: AURIEL DWIVANI PUTRA | E16: L | AF16: 6 | AG16: 0089056135 / 14656 | AH16: AURIEL DWIVANI PUTERA | AI16: L
A17: 7 | B17: 14659 | C17: 0088585112 | D17: AYU NOVIANTI PRATIWI | E17: P | AF17: 7 | AG17: 0088585112 / 14659 | AH17: AYU NOVIANTI PRATIWI | AI17: P
A18: 8 | B18: 14663 | C18: 0088629626 | D18: BELVA PRATISARA DIYAS | E18: P | AF18: 8 | AG18: 0088629626 / 14663 | AH18: BELVA PRATISARA DIYAS | AI18: P
A19: 9 | B19: 14677 | C19: 0089365793 | D19: CAROLINA AGUSTIN ARYA SARI | E19: P | AF19: 9 | AG19: 0089365793 / 14677 | AH19: CAROLINA AGUSTIN ARYA SARI | AI19: P
A20: 10 | B20: 14686 | C20: 0089650616 | D20: DEWI NUR AZIZAH | E20: P | AF20: 10 | AG20: 0089650616 / 14686 | AH20: DEWI NUR AZIZAH | AI20: P
A21: 11 | B21: 14694 | C21: 3086768292 | D21: ELISYIA NOUR FAKHRANI | E21: P | AF21: 11 | AG21: 3086768292 / 14694 | AH21: ELISYIA NOUR FAKHRANI | AI21: P
A22: 12 | B22: 14697 | C22: 0098217448 | D22: EMIR BRILIAN HARIANTO | E22: L | AF22: 12 | AG22: 0098217448 / 14697 | AH22: EMIR BRILIAN HARIANTO | AI22: L
... A45: 35 | B45: 14926 | C45: 0087358232 | D45: SYAHREZI UBAYDILLAH | E45: L | AF45: 35 | AG45: 0087358232 / 14926 | AH45: Syahrezi Ubaydillah | AI45: L
A47: Paraf | D47: L : | E47: =COUNTIFS($E$11:$E$46,"L") -> 20
A48: Guru | D48: P : | E48: =COUNTIFS($E$11:$E$46,"P") -> 15
E49: =E47+E48 -> 35

Sheet XII-B-3
AF1: ZONASI | AG1: 0092559700 | AH1: 20527197 | AI1: ACHMAD AFIM INTI ISTIQAM | AJ1: L | AK1: 10
AF2: ZONASI | AG2: 0097637507 | AH2: 20527197 | AI2: ACHMAD RAFI AKBAR | AJ2: L | AK2: 10
AF3: AKDMK | AG3: 0099522649 | AH3: 20537422 | AI3: ADLI YUSUF ALIFDI | AJ3: L | AK3: 10
A4: Tahun Pelajaran 2026 / 2027 | AF4: ZONASI | AG4: 0085715335 | AH4: 20527180 | AI4: AGUNG AULIA AKBAR | AJ4: L | AK4: 10
AF5: RAPORT | AG5: 0087180491 | AH5: 20527197 | AI5: Aksa Ahmad | AJ5: L | AK5: 10
AF6: RAPORT | AG6: 0102524441 | AH6: 20583367 | AI6: Alfisa Syahira Sutikno | AJ6: P | AK6: 10
A7: No | B7: NIS | C7: NISN | D7: Nama Siswa | E7: L/P | F7: Wali Kelas : | I7: SULAIHAH, S.Pd | T7: NIP : | V7: 19940317 201903 2 018 | AF7: ZONASI | AG7: 0096013702 | AH7: 20527180 | AI7: ALISHA RAMADHANI POERNOMO | AJ7: P | AK7: 10
F8: Tanggal | AF8: ZONASI | AG8: 0095088946 | AH8: 20583363 | AI8: ARIANNA FATHIA LATHIEFANI | AJ8: P | AK8: 10
AF9: AKDMK | AG9: 0098581750 | AH9: 20527197 | AI9: Arika Abadia Hamas | AJ9: P | AK9: 10
A10: 1 | B10: 14589 | C10: 0099987267 | D10: ABD HAMID MANAF | E10: L | AV10: 0099987267 / 14589 | AW10: ABD. HAMID MANAF
A11: 2 | B11: 14591 | C11: 0082986450 | D11: ACH IMAM MURTADHO | E11: L | AV11: 0082986450 / 14591 | AW11: ACH IMAM MURTADHO
A12: 3 | B12: 14606 | C12: 3082095795 | D12: AGUSDHANI WAFRI | E12: L | AV12: 3082095795 / 14606 | AW12: AGUSDHANI WAFRI
A13: 4 | B13: 14612 | C13: 0085516582 | D13: AIZZA RAHMATIN NUR NADIN | E13: P | AV13: 0085516582 / 14612 | AW13: AIZZA RAHMATIN NUR NADIN
A14: 5 | B14: 14627 | C14: 0096438872 | D14: AMELIA HERIYANTO | E14: P | AV14: 0096438872 / 14627 | AW14: AMELIA HERIYANTO
A15: 6 | B15: 14650 | C15: 0099607321 | D15: AUFA FIKRI FIRDAUS | E15: L | AV15: 0098573401 / 14644 | AW15: ARKAN QUVI RAHAGIS
A16: 7 | B16: 14652 | C16: 0093826254 | D16: AULIA RAHMAWATI | E16: P | AV16: 0093826254 / 14652 | AW16: AULIA RAHMAWATI
A17: 8 | B17: 14653 | C17: 0092449638 | D17: AURA DINDA TRY ZALIANTY | E17: P | AV17: 0092449638 / 14653 | AW17: AURA DINDA TRY ZALIANTY
A18: 9 | B18: 14661 | C18: 0087421628 | D18: BAGAS MAHARDIKA PUTRA | E18: L | AV18: 0087421628 / 14661 | AW18: Bagas Mahardika Putra
A19: 10 | B19: 15301 | C19: 0093605280 | D19: CAHAYA INDAR NINGTYAS | E19: P | AV19: 0093605280 / 15301 | AW19: CAHAYA INDAR NINGTIYAS
A20: 11 | B20: 14692 | C20: 0082000972 | D20: DYRA DANISWARA PRADIPTA | E20: L | AV20: 0082000972 / 14692 | AW20: DYRA DANISWARA PRADIPTA
A21: 12 | B21: 14693 | C21: 0099667385 | D21: DZAKY APTA PRANAJA FEBRIYANTO | E21: L | AV21: 0099667385 / 14693 | AW21: DZAKY APTA PRANAJA FEBRIYANTO
... A30: 21 | B30: 14795 | C30: 0094714236 | D30: MOHAMMAD AL FAYYADL | E30: L | AV30: 0094714236 / 14795 | AW30: MOHAMMAD AL FAYYADL
A31: 22 | B31: 14811 | C31: 0088416817 | D31: MUHAMMAD FATHIR KHAWARZMI | E31: L | AV31: 0082776507 / 14813 | AW31: MUHAMMAD IKHLASUL AMAL RUKHUS | AZ31: NO.22 MUHAMMAD FATHIR KHAWARZMI
A32: 23 | B32: 14813 | C32: 0082776507 | D32: MUHAMMAD IKHLASUL AMAL RUKHUS | E32: L | AV32: 0085927765 / 14833 | AW32: NAFIIS DWI PUTRA DESTYAMIN
A33: 24 | B33: 14833 | C33: 0085927765 | D33: NAFIIS DWI PUTRA DESTYAMIN | E33: L | AV33: 0081745861 / 14840 | AW33: NAUFAL FERDYANSYAH
A34: 25 | B34: 14850 | C34: 0097690860 | D34: NAZWA AULIA NUR ROSIDAH | E34: P | AV34: 0089619651 / 14852 | AW34: NOER RISQI RAMADHANI
A35: 26 | B35: 14852 | C35: 0089619651 | D35: NOER RISQI RAMADHANI | E35: L | AV35: 0091784100 / 14863 | AW35: OWEN FILIPO SANTOSO
A36: 27 | B36: 14863 | C36: 0091784100 | D36: OWEN FILIPO SANTOSO | E36: L | AV36: 0096209388 / 14879 | AW36: RAFIKA PUTRI YUNIAR
A37: 28 | B37: 14879 | C37: 0096209388 | D37: RAFIKA PUTRI YUNIAR | E37: P | AV37: 0087109610 / 14887 | AW37: RASYA YUDHA ADHANDIKA
A38: 29 | B38: 14887 | C38: 0087109610 | D38: RASYA YUDHA ADHANDIKA | E38: L | AV38: 0093455270 / 14889 | AW38: REFATIA MIRZA VALENSI
A39: 30 | B39: 14889 | C39: 0093455270 | D39: REFATIA MIRZA VALENSI | E39: P | AV39: 0095865320 / 14893 | AW39: REZKY ANDIZA PRATAMA
A40: 31 | B40: 14893 | C40: 0095865320 | D40: REZKY ANDIZA PRATAMA | E40: L | AV40: 0093962965 / 14919 | AW40: SITI MAISHUROH ASSYIFA
A41: 32 | B41: 14919 | C41: 0093962965 | D41: SITI MAISHUROH ASSYIFA | E41: P | AV41: 0096666857 / 14931 | AW41: TRIO LANANG PRAKOSO
A42: 33 | B42: 14931 | C42: 0096666857 | D42: TRIO LANANG PRAKOSO | E42: L | AV42: 0092837700 / 14932 | AW42: TSALSA SHAFIRA DAMAYANTI
A43: 34 | B43: 14932 | C43: 0092837700 | D43: TSALSA SHAFIRA DAMAYANTI | E43: P | AV43: 0081588769 / 14946 | AW43: ZAHWA AQILLA GUFRON
A44: 35 | B44: 14946 | C44: 0081588769 | D44: ZAHWA AQILLA GUFRON | E44: P
A45: Paraf | D45: L : | E45: =COUNTIFS($E$10:$E$44,"L") -> 19 | AN45: =UPPER(D44) -> ZAHWA AQILLA GUFRON
A46: Guru | D46: P : | E46: =COUNTIFS($E$10:$E$44,"P") -> 16 | AN46: =UPPER(#REF!) -> #REF!
E47: =E45+E46 -> 35 | AN47: =UPPER(#REF!) -> #REF!

Sheet Sheet2 (2)
A1: KIP | B1: 0092932213 | C1: 20527185 | D1: ISWAHYUDI ARIF SETIAWAN | E1: L | F1: 1
A2: AKDMK | B2: 0088601519 | C2: 20583410 | D2: HILMAN FUADI | E2: L | F2: 1
A3: AKDMK | B3: 0093695374 | C3: 20528609 | D3: GILANG ALFAHRIZI | E3: L | F3: 1
A4: RAPORT | B4: 0092639463 | C4: 20527197 | D4: DAFFA MAULIDAN PUTRA LAKSONO | E4: L | F4: 1
A5: RAPORT | B5: 0099607321 | C5: 20527180 | D5: AUFA FIKRI FIRDAUS | E5: L | F5: 1
A6: RAPORT | B6: 0099315210 | C6: 20528625 | D6: MIFTAHUL FADLI DANIAR | E6: L | F6: 1
A7: RAPORT | B7: 0082864028 | C7: 20527193 | D7: Dirgantara Fairuz Iftikhori | E7: L | F7: 1
A8: ZONASI | B8: 0095615344 | C8: 69816340 | D8: MUHAMMAD FAKHRY HIDAYAT | E8: L | F8: 1
A9: ZONASI | B9: 0087638152 | C9: 20527197 | D9: MOH RAFLI AMIRUL IMAN | E9: L | F9: 1
A10: ZONASI | B10: 0065403876 | C10: 20527197 | D10: AMIEN FIRDAUS | E10: L | F10: 1
A11: ZONASI | B11: 0099559196 | C11: 20527180 | D11: MOH FIKI ALAN FAJRI | E11: L | F11: 1
A12: ZONASI | B12: 0087802844 | C12: 20527180 | D12: NUR IKHLAS ARIFIN | E12: L | F12: 1
... A26: RAPORT | B26: 0081315442 | C26: 20527197 | D26: SEPTI RAHMADIYANTI | E26: P | F26: 1
A27: RAPORT | B27: 3081834782 | C27: 20528625 | D27: RARA QONITA ROYHANI | E27: P | F27: 1
A28: ZONASI | B28: 0083566346 | C28: 20527197 | D28: NADYA AZMI KHAIRUNNISA | E28: P | F28: 1
A29: ZONASI | B29: 0083041624 | C29: 20527197 | D29: SALSABILA PUTRI HIDAYAT | E29: P | F29: 1
A30: ZONASI | B30: 0086255643 | C30: 20527180 | D30: REVIANA ZAHRA | E30: P | F30: 1
A31: ZONASI | B31: 0088629626 | C31: 20527180 | D31: BELVA PRATISARA DIYAS | E31: P | F31: 1
A32: ZONASI | B32: 0093351007 | C32: 20583363 | D32: Adintya Djasmine Aulia | E32: P | F32: 1
A33: ZONASI | B33: 0083224313 | C33: 20527197 | D33: LATIFA SALMA | E33: P | F33: 1
A34: ZONASI | B34: 0089202875 | C34: 20527193 | D34: NURISCHA AHDANIA | E34: P | F34: 1
A35: ZONASI | B35: 0085713874 | C35: 20527180 | D35: TANIA KHANZA FIRNANDA RAMADHANI | E35: P | F35: 1
A36: NON AKD | B36: 0095745897 | C36: 20527193 | D36: RIZKIANA INTANSARI | E36: P | F36: 1
A37: KIP | B37: 0095865130 | C37: 20537422 | D37: AHMAD FARHAN HAKIKI | E37: L | F37: 2
A38: AKDMK | B38: 0092355423 | C38: 20527197 | D38: NASHIFATUL LAYAL | E38: L | F38: 2
A39: AKDMK | B39: 0083243040 | C39: 20566545 | D39: MUHAMMAD RAMZY GUNAWAN | E39: L | F39: 2
... A77: RAPORT | B77: 0087858823 | C77: 20527197 | D77: MOH SAHRUL MAULIDI | E77: L | F77: 3
A78: RAPORT | B78: 3082973214 | C78: 20528625 | D78: NAUFAL RAHMATULLOH N A | E78: L | F78: 3
A79: RAPORT | B79: 0089987994 | C79: 20527197 | D79: FARDAN ABDILLAH NUR FIRDAUS | E79: L | F79: 3
A80: ZONASI | B80: 0087393847 | C80: 20527185 | D80: SHAHIBUL KAMALI RAHMAT HIDAYAT | E80: L | F80: 3
A81: ZONASI | B81: 0091521750 | C81: 20527180 | D81: NAFIL BERYL FAIRUZ | E81: L | F81: 3
A82: ZONASI | B82: 0084713270 | C82: 20527197 | D82: MUHAMMAD YUSUF ADI PRATAMA | E82: L | F82: 3
A83: ZONASI | B83: 0082607776 | C83: 20527197 | D83: ANDI ZAKY DANISH FIRMANSYAH | E83: L | F83: 3
A84: ZONASI | B84: 0082986450 | C84: 20527197 | D84: ACH IMAM MURTADHO | E84: L | F84: 3
A85: ZONASI | B85: 0098382897 | C85: 20527180 | D85: MOHAMMAD IQBAL RISTRIANTO | E85: L | F85: 3
A86: ZONASI | B86: 0095256057 | C86: 60729406 | D86: AKBAR RAHMATULLAH RAMADHAN | E86: L | F86: 3
A87: ZONASI | B87: 0089501886 | C87: 20527193 | D87: DHIMAS ADHA TRI SUSANTO | E87: L | F87: 3
A88: ZONASI | B88: 0099987267 | C88: 20527180 | D88: ABD HAMID MANAF | E88: L | F88: 3
A89: NON AKD | B89: 3080968608 | C89: 70027854 | D89: RAFIF KEMAL AZIZI | E89: L | F89: 3
A90: NON AKD | B90: 0096094178 | C90: 20527180 | D90: RAIS AULIA ATTAMIMY WIJAYA | E90: L | F90: 3
A91: KIP | B91: 0091667325 | C91: 20527202 | D91: Naura Wilda Safitri | E91: P | F91: 3
A92: A.GURU | B92: 0091835952 | C92: 20527197 | D92: Merisa Anggi Yulia Putri | E92: P | F92: 3
A93: AKDMK | B93: 0081651505 | C93: 20527197 | D93: AURIGA SYAFHA FAIRUZ SYAHREZA | E93: P | F93: 3
A94: AKDMK | B94: 0093455270 | C94: 20527185 | D94: REFATIA MIRZA VALENSI | E94: P | F94: 3
A95: RAPORT | B95: 0104564202 | C95: 20583367 | D95: KAYLA AIKO MARITZA | E95: P | F95: 3
A96: RAPORT | B96: 0089803534 | C96: 20527180 | D96: ALYSSA RISMA PARAMITHA | E96: P | F96: 3
A97: RAPORT | B97: 3094339612 | C97: 20566545 | D97: BUMI SUKMAWATI | E97: P | F97: 3
A98: RAPORT | B98: 0095437804 | C98: 20531242 | D98: Asyra Mardhodillah Shafa | E98: P | F98: 3
A99: RAPORT | B99: 0097064727 | C99: 20527197 | D99: NAYLA SHAFA AZZAHRA | E99: P | F99: 3
A100: ZONASI | B100: 0089426877 | C100: 20527197 | D100: SABRINA KIRANA AYU SUPRIYADI | E100: P | F100: 3
A101: ZONASI | B101: 0093197545 | C101: 20527180 | D101: MILZI ALIFIA MAULIDA | E101: P | F101: 3
A102: ZONASI | B102: 0099672333 | C102: 20527197 | D102: RAHMI HUMAIRA | E102: P | F102: 3
A103: ZONASI | B103: 0093440845 | C103: 20527169 | D103: ALLENA GIOVANNY SUGIARTO | E103: P | F103: 3
A104: ZONASI | B104: 0086479528 | C104: 20583411 | D104: SELVIA RAMADHANI | E104: P | F104: 3
A105: ZONASI | B105: 0093422775 | C105: 20527197 | D105: RAFEYFA ZALFA ZAHIRA | E105: P | F105: 3
A106: ZONASI | B106: 0097102519 | C106: 20527180 | D106: SHIVA MAULIDYA PRASETIYO | E106: P | F106: 3
A107: ZONASI | B107: 0083785128 | C107: 69980589 | D107: HANIK AWALIYATUN NANDINI | E107: P | F107: 3
A108: NON AKD | B108: 0093962965 | C108: 20583363 | D108: SITI MAISHUROH ASSYIFA | E108: P | F108: 3
A109: KIP | B109: 0089933258 | C109: 20527166 | D109: ANDREA NAUFAL SETIAWAN | E109: L | F109: 4
... A131: RAPORT | B131: 0098583778 | C131: 20583367 | D131: LIVIA AURATUS ORYZA SATIVA | E131: P | F131: 4
A132: RAPORT | B132: 3099461393 | C132: 20528625 | D132: MULIA ANNISA SETYA WARDANI | E132: P | F132: 4
A133: RAPORT | B133: 0096776269 | C133: 20527197 | D133: AISYAH ANA HARIYANTO | E133: P | F133: 4
A134: RAPORT | B134: 0083375001 | C134: 20527197 | D134: NAZIFA SALSABILA | E134: P | F134: 4
A135: RAPORT | B135: 0083494373 | C135: 20527197 | D135: CARISSA DWI PUTRI LARASATI | E135: P | F135: 4
A136: ZONASI | B136: 0084247358 | C136: 20527197 | D136: LINDHA SYAFITRI | E136: P | F136: 4
A137: ZONASI | B137: 0091164419 | C137: 20527197 | D137: FATIMAH KASYAF FANIE WAHAB | E137: P | F137: 4
A138: ZONASI | B138: 0088888355 | C138: 20583367 | D138: SAVIRA ELDIANA | E138: P | F138: 4
A139: ZONASI | B139: 0098143816 | C139: 20527180 | D139: AZIMU NASYWA YATRIN | E139: P | F139: 4
A140: ZONASI | B140: 0081529684 | C140: 20527180 | D140: YULIATUL QOMARIYAH | E140: P | F140: 4
A141: ZONASI | B141: 0098997217 | C141: 20527197 | D141: R RAIHANUN FEBRIYANA SUGIHARTO | E141: P | F141: 4
A142: ZONASI | B142: 0094693693 | C142: 20566545 | D142: AURA NADHIF HENDRA SYAHPUTRA | E142: P | F142: 4
A143: ZONASI | B143: 3089324280 | C143: 20566545 | D143: Keyzha Lucyana Adhia Rinda | E143: P | F143: 4
A144: NON AKD | B144: 0081535841 | C144: 20527197 | D144: NADHIFA SUCIANI HUWAIDA | E144: P | F144: 4
A145: KIP | B145: 0085927765 | C145: 20527197 | D145: NAFIIS DWI PUTRA DESTYAMIN | E145: L | F145: 5
A146: AKDMK | B146: 0081411031 | C146: 20527180 | D146: MOHAMMAD ALVI SYAHRIN | E146: L | F146: 5
A147: RAPORT | B147: 0083983673 | C147: 20583367 | D147: NAUVAL FARIZ RIZALDY AL ARIF | E147: L | F147: 5
A148: RAPORT | B148: 0099059716 | C148: 20527197 | D148: MAISYAR MAULI NABILA FP | E148: L | F148: 5
A149: RAPORT | B149: 0083060697 | C149: 20527197 | D149: ALLAFA ALYYUS SULTANSYAH WIDJAYA | E149: L | F149: 5
A150: RAPORT | B150: 0092554098 | C150: 20529909 | D150: AKH RASYA EFENDI PUTRA | E150: L | F150: 5
A151: ZONASI | B151: 0082776507 | C151: 20527197 | D151: MUHAMMAD IKHLASUL AMAL RUKHUS | E151: L | F151: 5
A152: ZONASI | B152: 0077777981 | C152: 20527190 | D152: RAMADANI | E152: L | F152: 5
A153: ZONASI | B153: 0089056135 | C153: 20527180 | D153: AURIEL DWIVANI PUTERA | E153: L | F153: 5
A154: ZONASI | B154: 0084346315 | C154: 20527197 | D154: GILANG AKMAL HIDAYAT | E154: L | F154: 5
A155: ZONASI | B155: 0088529897 | C155: 20527180 | D155: GILANG AKBAR SYAHPUTRA NASSO | E155: L | F155: 5
... A203: RAPORT | B203: 0092481335 | C203: 20527197 | D203: KHANSA AISYAH SHABRINA | E203: P | F203: 6
A204: RAPORT | B204: 3097897632 | C204: 20583363 | D204: DYAH SYAFARINA ROSAYANTI | E204: P | F204: 6
A205: RAPORT | B205: 0086540890 | C205: 20527197 | D205: SUCI MARETA ARIEF | E205: P | F205: 6
A206: RAPORT | B206: 0092032751 | C206: 20527197 | D206: Carissa Gusti Putri | E206: P | F206: 6
A207: RAPORT | B207: 0084839529 | C207: 20566545 | D207: LIVINA DZAKIRA NUGRAHA | E207: P | F207: 6
A208: ZONASI | B208: 0096807022 | C208: 20527197 | D208: PUTRI RIZKI FAMADANI | E208: P | F208: 6
A209: ZONASI | B209: 0091738402 | C209: 20527197 | D209: VINA SAFRIYANI | E209: P | F209: 6
A210: ZONASI | B210: 0084020082 | C210: 20527180 | D210: IRMA NOVIANTI PUTRI NASIR | E210: P | F210: 6
A211: ZONASI | B211: 0096563279 | C211: 20527197 | D211: MAYSATUL HASANAH | E211: P | F211: 6
A212: ZONASI | B212: 0092980783 | C212: 20527197 | D212: INDAH DWI SYAFITRI ALANSYAH | E212: P | F212: 6
A213: ZONASI | B213: 0098446166 | C213: 20527180 | D213: YASMIN ANGGITA UTOMO | E213: P | F213: 6
A214: ZONASI | B214: 0086800316 | C214: 20583685 | D214: NUR RIZQA ZANJABILA | E214: P | F214: 6
A215: ZONASI | B215: 0098116050 | C215: 69759022 | D215: ILFI NABILA WIYANTO | E215: P | F215: 6
A216: NON AKD | B216: 0089463780 | C216: 20527193 | D216: UMI KULSUM WARDANI | E216: P | F216: 6
... A301: ZONASI | B301: 0094946607 | C301: 20527197 | D301: RANGGA MAULIDAN RAHMAN CPK | E301: L | F301: 9
A302: ZONASI | B302: 3082095795 | C302: 20566545 | D302: AGUSDHANI WAFRI | E302: L | F302: 9
...

Sheet Sheet2
A1: KIP | B1: 0092932213 | C1: 20527185 | D1: ISWAHYUDI ARIF SETIAWAN | E1: L | F1: A.GURU | G1: 0091835952 | H1: 20527197 | I1: Merisa Anggi Yulia Putri | J1: P | K1: T.ORTU | L1: 0096323695 | M1: 20527197 | N1: KHANSA BUNGA ADELIA RIJANI | O1: P | P1: AKDMK | Q1: 0088601519 | R1: 20583410 | S1: HILMAN FUADI | T1: L | U1: RAPORT | V1: 0102524441 | W1: 20583367 | X1: Alfisa Syahira Sutikno | Y1: P | Z1: NON AKD | AA1: 0099637523 | AB1: 20527197 | AC1: Tulus Firmansyah | AD1: L | AE1: ZONASI | AF1: 0091784100 | AG1: 20527169 | AH1: OWEN FILIPO SANTOSO | AI1: P
A2: KIP | B2: 0085570129 | C2: 20527169 | D2: ELLYSWATY SALSABILA | E2: P | F2: A.GURU | G2: 0088070697 | H2: 20527197 | I2: R AYU NOURA AZKIA | J2: P | K2: T.ORTU | L2: 0096803290 | M2: 20528654 | N2: SYAFA ANAYA PUTRI JEFRINA | O2: P | P2: AKDMK | Q2: 0081651505 | R2: 20527197 | S2: AURIGA SYAFHA FAIRUZ SYAHREZA | T2: P | U2: RAPORT | V2: 0109424194 | W2: 20583367 | X2: SARAH SALSABILA | Y2: P | Z2: NON AKD | AA2: 0089793791 | AB2: 20527195 | AC2: SULTAN FARAS AS SIDIK | AD2: L | AE2: ZONASI | AF2: 0088105454 | AG2: 20527197 | AH2: ADINDA AYU RISTIANTI | AI2: P
A3: KIP | B3: 0086615669 | C3: 20527202 | D3: Oktarina Syawla Putri | E3: P | F3: A.GURU | G3: 0094952897 | H3: 20527180 | I3: Khazwa Farih Imtiyaz Mindas | J3: P | K3: T.ORTU | L3: 0086421409 | M3: 20566545 | N3: GRACIA IBANEZ | O3: P | P3: AKDMK | Q3: 0095415650 | R3: 20527197 | S3: APRILIA NURIL QOMARI | T3: P | U3: RAPORT | V3: 0093908702 | W3: 20527197 | X3: ADLYANSYAH BUDIMAN | Y3: L | Z3: NON AKD | AA3: 3080968608 | AB3: 70027854 | AC3: RAFIF KEMAL AZIZI | AD3: L | AE3: ZONASI | AF3: 0089967146 | AG3: 20527187 | AH3: ASSHIFA MAGHFIRAH | AI3: P
A4: KIP | B4: 0082984202 | C4: 20583410 | D4: MALIKA APRILIA SYAFIUN | E4: P | F4: A.GURU | G4: 0096458518 | H4: 20527197 | I4: PRABU MAHA KRISNA | J4: L | K4: T.ORTU | L4: 0096310193 | M4: 60725184 | N4: Muhammad Insan Kamil | O4: L | P4: AKDMK | Q4: 0092355423 | R4: 20527197 | S4: NASHIFATUL LAYAL | T4: L | U4: RAPORT | V4: 0093897835 | W4: 20527197 | X4: Vina Istiana | Y4: P | Z4: NON AKD | AA4: 0098882875 | AB4: 20527197 | AC4: Sunnita Abadila | AD4: P | AE4: ZONASI | AF4: 0092307512 | AG4: 20527180 | AH4: MOH ARAFA DWI PURWANTO | AI4: L
A5: KIP | B5: 0095865130 | C5: 20537422 | D5: AHMAD FARHAN HAKIKI | E5: L | F5: A.GURU | G5: 0096931249 | H5: 20527197 | I5: DAVIN PRAMANA PUTRA YULIANTO | J5: L | K5: T.ORTU | L5: 0085255932 | M5: 20528625 | N5: FAYULINSA DWI SYAFNI | O5: P | P5: AKDMK | Q5: 0082501965 | R5: 20527166 | S5: MOH GILANG MAULANA | T5: L | U5: RAPORT | V5: 0082558863 | W5: 20527185 | X5: Bambang Fariaji | Y5: L | Z5: NON AKD | AA5: 0085784500 | AB5: 20527195 | AC5: MOH ALFAN KURNIAWAN | AD5: L | AE5: ZONASI | AF5: 0082776507 | AG5: 20527197 | AH5: MUHAMMAD IKHLASUL AMAL RUKHUS | AI5: L
A6: KIP | B6: 0091667325 | C6: 20527202 | D6: Naura Wilda Safitri | E6: P | K6: T.ORTU | L6: 0095516794 | M6: 20527169 | N6: NATHANIEL HIZKIA PANJAITAN | O6: P | P6: AKDMK | Q6: 0087953706 | R6: 20583367 | S6: MELDA MASTUFIL FADILA | T6: P | U6: RAPORT | V6: 0104564202 | W6: 20583367 | X6: KAYLA AIKO MARITZA | Y6: P | Z6: NON AKD | AA6: 0085551439 | AB6: 20527193 | AC6: MUHAMMAD DAVID RIYADI | AD6: L | AE6: ZONASI | AF6: 0094714236 | AG6: 20527197 | AH6: MOHAMMAD AL FAYYADL | AI6: L
A7: KIP | B7: 0099249982 | C7: 20527202 | D7: Selviana Febiyanti | E7: P | K7: T.ORTU | L7: 0097690860 | M7: 20364507 | N7: NAZWA AULIA NUR ROSIDAH | O7: P | P7: AKDMK | Q7: 0098040950 | R7: 20527180 | S7: CHRISTOFFER CONSTANTINE SANTOSO | T7: L | U7: RAPORT | V7: 0083983673 | W7: 20583367 | X7: NAUVAL FARIZ RIZALDY AL ARIF | Y7: L | Z7: NON AKD | AA7: 0081745861 | AB7: 20527166 | AC7: NAUFAL FERDYANSYAH | AD7: L | AE7: ZONASI | AF7: 0088027837 | AG7: 20527193 | AH7: M RANGGA PUTRA KURNIAWAN | AI7: L
A8: KIP | B8: 0098143746 | C8: 20527166 | D8: ANDINI PUTRI SUGIONO | E8: P | K8: T.ORTU | L8: 0096339249 | M8: 20311088 | N8: RAUFLI HIBATULLAH | O8: L | P8: AKDMK | Q8: 0088066553 | R8: 20583363 | S8: NURINDA NOVIANTI | T8: P | U8: RAPORT | V8: 0098583778 | W8: 20583367 | X8: LIVIA AURATUS ORYZA SATIVA | Y8: P | Z8: NON AKD | AA8: 0095745897 | AB8: 20527193 | AC8: RIZKIANA INTANSARI | AD8: P | AE8: ZONASI | AF8: 0083566346 | AG8: 20527197 | AH8: NADYA AZMI KHAIRUNNISA | AI8: P
A9: KIP | B9: 0089200835 | C9: 20583363 | D9: PARAMARTA MAHARDIKA PERTIWI | E9: P | K9: T.ORTU | L9: 0085106484 | M9: 20527197 | N9: VIRGI AZMI YUSSININGTYAS | O9: P | P9: AKDMK | Q9: 0085768344 | R9: 20527180 | S9: HUMAIRA SHALSABILA FIRDAUZI | T9: P | U9: RAPORT | V9: 0085428877 | W9: 20583367 | X9: MALIKA ALFATIA PUTRI | Y9: P | Z9: NON AKD | AA9: 0095153508 | AB9: 20527180 | AC9: ARSYIL CAHYA WIBISONO | AD9: P | AE9: ZONASI | AF9: 0087980048 | AG9: 20527180 | AH9: ACH RIZKY RAMADHANA R | AI9: L
A10: KIP | B10: 0098357265 | C10: 20527182 | D10: NURUL JIHAN MAULIDIA | E10: P | P10: AKDMK | Q10: 0081411031 | R10: 20527180 | S10: MOHAMMAD ALVI SYAHRIN | T10: L | U10: RAPORT | V10: 0091178694 | W10: 20583367 | X10: MUH ZACKY MIRZA SUGANDA | Y10: L | Z10: NON AKD | AA10: 0093962965 | AB10: 20583363 | AC10: SITI MAISHUROH ASSYIFA | AD10: P | AE10: ZONASI | AF10: 0096209388 | AG10: 20583410 | AH10: RAFIKA PUTRI YUNIAR | AI10: P
A11: KIP | B11: 0096593970 | C11: 20527197 | D11: HASNAH AL AFIYAH | E11: L | P11: AKDMK | Q11: 0084273329 | R11: 20527197 | S11: MUHAMMAD NURIL FAZA FAWWAZI | T11: L | U11: RAPORT | V11: 0084170084 | W11: 20527197 | X11: GALIH RIZKYANSYAH PUTRA | Y11: L | Z11: NON AKD | AA11: 0088109228 | AB11: 20527180 | AC11: BINTANG ACHMAD FAUZANI | AD11: L | AE11: ZONASI | AF11: 0096889903 | AG11: 20527197 | AH11: ANDHIKA FERLY DARMAWAN | AI11: L
A12: KIP | B12: 0084176504 | C12: 20583410 | D12: ALYA NISWA AFIFAH | E12: P | P12: AKDMK | Q12: 0086785528 | R12: 20527180 | S12: HERI ROMADHONI | T12: L | U12: RAPORT | V12: 0085453933 | W12: 20527197 | X12: SATRYO MAHARDIKA SYAHBANA DH | Y12: L | Z12: NON AKD | AA12: 0081535841 | AB12: 20527197 | AC12: NADHIFA SUCIANI HUWAIDA | AD12: P | AE12: ZONASI | AF12: 0092559700 | AG12: 20527197 | AH12: ACHMAD AFIM INTI ISTIQAM | AI12: L
A13: KIP | B13: 0081588769 | C13: 20527197 | D13: ZAHWA AQILLA GUFRON | E13: P | P13: AKDMK | Q13: 0084133818 | R13: 20527180 | S13: HIFANI DWI ARFIANSYAH | T13: P | U13: RAPORT | V13: 0092481335 | W13: 20527197 | X13: KHANSA AISYAH SHABRINA | Y13: P | Z13: NON AKD | AA13: 0088204888 | AB13: 20552108 | AC13: DANISH AZHAR ABDILLAH | AD13: L | AE13: ZONASI | AF13: 0089426877 | AG13: 20527197 | AH13: SABRINA KIRANA AYU SUPRIYADI | AI13: P
A14: KIP | B14: 0092443114 | C14: 20527180 | D14: TRIA DINDA MAULIDIKA | E14: P | P14: AKDMK | Q14: 0086910015 | R14: 20527197 | S14: LATIFAH FATIMAH AZZAHRA | T14: P | U14: RAPORT | V14: 0096665378 | W14: 20527197 | X14: ANGGUN KARUNIA PUTRI SASIKIRANA | Y14: P | Z14: NON AKD | AA14: 0086506804 | AB14: 20527180 | AC14: RADITYA IKHSAN FIRDAUS | AD14: L | AE14: ZONASI | AF14: 0095615344 | AG14: 69816340 | AH14: MUHAMMAD FAKHRY HIDAYAT | AI14: L
A15: KIP | B15: 0085034059 | C15: 20566545 | D15: Desvita Anggraini | E15: P | P15: AKDMK | Q15: 0098581750 | R15: 20527197 | S15: Arika Abadia Hamas | T15: P | U15: RAPORT | V15: 0093461236 | W15: 20527197 | X15: FATHAN MUBINA | Y15: L | Z15: NON AKD | AA15: 0086730733 | AB15: 20527197 | AC15: DYAH AYU RAMADHANI | AD15: P | AE15: ZONASI | AF15: 0087610741 | AG15: 20527197 | AH15: GUNTUR PRASTYO WIBOWO | AI15: L
A16: KIP | B16: 0093513951 | C16: 20527166 | D16: Sitti Uswatun Hasanah | E16: P | P16: AKDMK | Q16: 0093488510 | R16: 20527180 | S16: FARAND M YUNUS AL FARIZY | T16: L | U16: RAPORT | V16: 0081442566 | W16: 20527197 | X16: MEITA NAJMI BERLIANTI | Y16: P | Z16: NON AKD | AA16: 0089463780 | AB16: 20527193 | AC16: UMI KULSUM WARDANI | AD16: P | AE16: ZONASI | AF16: 0087393847 | AG16: 20527185 | AH16: SHAHIBUL KAMALI RAHMAT HIDAYAT | AI16: L
A17: KIP | B17: 0089933258 | C17: 20527166 | D17: ANDREA NAUFAL SETIAWAN | E17: L | P17: AKDMK | Q17: 0083907588 | R17: 20527180 | S17: RUH SYAFIRA CAHYANING PAWASA | T17: P | U17: RAPORT | V17: 0087180491 | W17: 20527197 | X17: Aksa Ahmad | Y17: L | Z17: NON AKD | AA17: 3082508031 | AB17: 20583367 | AC17: KHAIRUNNAS ARRASYID | AD17: L | AE17: ZONASI | AF17: 0094661980 | AG17: 20527180 | AH17: MOHAMMAD RIZQI FADILAH | AI17: L
A18: KIP | B18: 0085927765 | C18: 20527197 | D18: NAFIIS DWI PUTRA DESTYAMIN | E18: L | P18: AKDMK | Q18: 0084168222 | R18: 20527197 | S18: MUHAMMAD FRITZ ZAHRAN VIRODILA | T18: L | U18: RAPORT | V18: 0095715483 | W18: 20583363 | X18: AYDIN NARARYA TARIQ | Y18: P | Z18: NON AKD | AA18: 0081216364 | AB18: 69991338 | AC18: NAUFAL ALWAN HAKIM | AD18: L | AE18: ZONASI | AF18: 0084247358 | AG18: 20527197 | AH18: LINDHA SYAFITRI | AI18: P
P19: AKDMK | Q19: 0099522649 | R19: 20537422 | S19: ADLI YUSUF ALIFDI | T19: L | U19: RAPORT | V19: 0083976891 | W19: 20529925 | X19: NADIA RAHMAWATI | Y19: P | Z19: NON AKD | AA19: 0082440195 | AB19: 20527180 | AC19: ARIF RAHMAN ALFATHIR | AD19: L | AE19: ZONASI | AF19: 0077777981 | AG19: 20527190 | AH19: RAMADANI | AI19: L
P20: AKDMK | Q20: 0091162442 | R20: 20566545 | S20: ADELIA ZAHRA WIEGUNANDA | T20: P | U20: RAPORT | V20: 0092639463 | W20: 20527197 | X20: DAFFA MAULIDAN PUTRA LAKSONO | Y20: L | Z20: NON AKD | AA20: 0096094178 | AB20: 20527180 | AC20: RAIS AULIA ATTAMIMY WIJAYA | AD20: L | AE20: ZONASI | AF20: 0087918586 | AG20: 20527197 | AH20: NABILA DAVID | AI20: P
P21: AKDMK | Q21: 0093455270 | R21: 20527185 | S21: REFATIA MIRZA VALENSI | T21: P | U21: RAPORT | V21: 0094292897 | W21: 20527197 | X21: TASNIM KHAIRULLAH HIDAYAT | Y21: L | Z21: NON AKD | AA21: 0084473234 | AB21: 20527169 | AC21: Vincentius Samuel Candra | AD21: L | AE21: ZONASI | AF21: 0096807022 | AG21: 20527197 | AH21: PUTRI RIZKI FAMADANI | AI21: P
P22: AKDMK | Q22: 0083012066 | R22: 20529915 | S22: REISYA SATYA AYU PRAMESWARI | T22: P | U22: RAPORT | V22: 0098566431 | W22: 20527197 | X22: MARSYANAIRA VANESA CELIA | Y22: P | Z22: NON AKD | AA22: 0087658356 | AB22: 20527180 | AC22: BIMA SATRIA PUTRA RISMAWAN | AD22: L | AE22: ZONASI | AF22: 0088648714 | AG22: 20583410 | AH22: ADINDA ZIFANNA OKTAFIA | AI22: P
P23: AKDMK | Q23: 0084754773 | R23: 20527185 | S23: SITTI ZAHRATUS SIETA | T23: P | U23: RAPORT | V23: 0091755500 | W23: 20527197 | X23: NAILA AZARINE RADHIA IRDIAWAN | Y23: P | Z23: NON AKD | AA23: 0099667385 | AB23: 20566545 | AC23: DZAKY APTA PRANAJA FEBRIYANTO | AD23: L | AE23: ZONASI | AF23: 0093808972 | AG23: 20527197 | AH23: AJESIA PRABU ANGGORO HARIYANTO | AI23: L
P24: AKDMK | Q24: 0093695374 | R24: 20528609 | S24: GILANG ALFAHRIZI | T24: L | U24: RAPORT | V24: 0091869182 | W24: 20527197 | X24: MAJENDRA FAREL RIZKY HARIYANTO | Y24: L | Z24: NON AKD | AA24: 0082666216 | AB24: 20537422 | AC24: Nawa Amelia Sholehah | AD24: P | AE24: ZONASI | AF24: 0086518583 | AG24: 20527180 | AH24: AMIRA MUBAROK | AI24: P
P25: AKDMK | Q25: 0083243040 | R25: 20566545 | S25: MUHAMMAD RAMZY GUNAWAN | T25: L | U25: RAPORT | V25: 0089803534 | W25: 20527180 | X25: ALYSSA RISMA PARAMITHA | Y25: P | Z25: NON AKD | AA25: 0082845989 | AB25: 20566545 | AC25: Fadel Risqullah Bakrie | AD25: L | AE25: ZONASI | AF25: 0089344976 | AG25: 20527180 | AH25: FARAH DIBA AGUS | AI25: P
P26: AKDMK | Q26: 0089642451 | R26: 20527197 | S26: NURDIA BILQIS RAHMAISNAENY | T26: P | U26: RAPORT | V26: 0084705460 | W26: 20583367 | X26: M ABYAN FAITH FAWAZEE | Y26: L | Z26: NON AKD | AA26: 0084390226 | AB26: 69980199 | AC26: SITI AISYA ZINNIRAH BAIRIZA | AD26: P | AE26: ZONASI | AF26: 0092560616 | AG26: 20527197 | AH26: CICILYA LISTY NABILA S | AI26: P
P27: AKDMK | Q27: 0081449501 | R27: 20527197 | S27: Nayla Claresta Medistya | T27: P | U27: RAPORT | V27: 0099059716 | W27: 20527197 | X27: MAISYAR MAULI NABILA FP | Y27: L | Z27: NON AKD | AA27: 0095300336 | AB27: 20566545 | AC27: SANJAYA MALIK MAULANA | AD27: L | AE27: ZONASI | AF27: 0098720998 | AG27: 20566545 | AH27: RANGGA ADITYA SUGIANTO | AI27: L
P28: AKDMK | Q28: 0081550255 | R28: 20527180 | S28: SABRINA YASMIN FIRYAL SISWANTO | T28: P | U28: RAPORT | V28: 3099461393 | W28: 20528625 | X28: MULIA ANNISA SETYA WARDANI | Y28: P | Z28: NON AKD | AA28: 3099859817 | AB28: 20527197 | AC28: ANAS NUR ASMORI | AD28: L | AE28: ZONASI | AF28: 0081599698 | AG28: 20527197 | AH28: MUHAMMAD JANZIBAR RIVANO | AI28: L
P29: AKDMK | Q29: 0081890474 | R29: 20527195 | S29: BERLIANA OKTAVIA BELA | T29: P | U29: RAPORT | V29: 0093826254 | W29: 20527197 | X29: AULIA RAHMAWATI | Y29: P | Z29: NON AKD | AA29: 0092837700 | AB29: 20527187 | AC29: TSALSA SHAFIRA DAMAYANTI | AD29: P | AE29: ZONASI | AF29: 0087166431 | AG29: 20527197 | AH29: MOH RAFI HIDAYATULLAH | AI29: L
P30: AKDMK | Q30: 0097949164 | R30: 20583363 | S30: FAKHRILLAH HASAN | T30: L | U30: RAPORT | V30: 3097897632 | W30: 20583363 | X30: DYAH SYAFARINA ROSAYANTI | Y30: P | AE30: ZONASI | AF30: 0087880035 | AG30: 20527197 | AH30: RAFI FACHRUDIN | AI30: L
U31: RAPORT | V31: 0098327801 | W31: 20527197 | X31: MUHAMMAD FAKHRULLAH AGIEL | Y31: L | AE31: ZONASI | AF31: 0083041624 | AG31: 20527197 | AH31: SALSABILA PUTRI HIDAYAT | AI31: P
U32: RAPORT | V32: 0095842198 | W32: 20527185 | X32: DIVA TRI AYUNDA LESTARI | Y32: P | AE32: ZONASI | AF32: 0087638152 | AG32: 20527197 | AH32: MOH RAFLI AMIRUL IMAN | AI32: L
U33: RAPORT | V33: 0083556423 | W33: 20527197 | X33: Marvel Gilbert Vilianto | Y33: L | AE33: ZONASI | AF33: 0081076234 | AG33: 20527197 | AH33: FAGHIRA CAYLA PUTRI | AI33: P
U34: RAPORT | V34: 0093403780 | W34: 20566545 | X34: BILQIS NABILA ZAHROH | Y34: P | AE34: ZONASI | AF34: 0093197545 | AG34: 20527180 | AH34: MILZI ALIFIA MAULIDA | AI34: P
U35: RAPORT | V35: 0087162622 | W35: 20527197 | X35: RANGGA YUSIKA DEWANTARA | Y35: L | AE35: ZONASI | AF35: 0085720766 | AG35: 20527180 | AH35: CHIKO HARDELIO TAHER | AI35: L
U36: RAPORT | V36: 0093665863 | W36: 20528625 | X36: NISRINA SALIM NUR ASY SYIFA | Y36: P | AE36: ZONASI | AF36: 0091521750 | AG36: 20527180 | AH36: NAFIL BERYL FAIRUZ | AI36: L
U37: RAPORT | V37: 0089075246 | W37: 20566545 | X37: VALENCIA PUTERI SUZANA | Y37: P | AE37: ZONASI | AF37: 0091164419 | AG37: 20527197 | AH37: FATIMAH KASYAF FANIE WAHAB | AI37: P
U38: RAPORT | V38: 0082402810 | W38: 20527197 | X38: PASHA DWI CHANDRADINATA | Y38: L | AE38: ZONASI | AF38: 0084878097 | AG38: 20527180 | AH38: NAURA YASMITA DWI SEPTIANDINA | AI38: P
U39: RAPORT | V39: 0082847597 | W39: 20527180 | X39: FIYHIMA AINANI TAJRIYAN | Y39: P | AE39: ZONASI | AF39: 0083172664 | AG39: 20527180 | AH39: AL FATIH WAHYU BASALAMAH | AI39: L
U40: RAPORT | V40: 0096137085 | W40: 20583363 | X40: BIMA SETIAWAN RELA | Y40: L | AE40: ZONASI | AF40: 0089056135 | AG40: 20527180 | AH40: AURIEL DWIVANI PUTERA | AI40: L
U41: RAPORT | V41: 0099607321 | W41: 20527180 | X41: AUFA FIKRI FIRDAUS | Y41: L | AE41: ZONASI | AF41: 0091738402 | AG41: 20527197 | AH41: VINA SAFRIYANI | AI41: P
U42: RAPORT | V42: 0083079329 | W42: 20566545 | X42: BUNGA EL SABRINA | Y42: P | AE42: ZONASI | AF42: 0099235377 | AG42: 20527193 | AH42: YULIA EKA FITRIANSYAH | AI42: P
U43: RAPORT | V43: 3094339612 | W43: 20566545 | X43: BUMI SUKMAWATI | Y43: P | AE43: ZONASI | AF43: 0091280055 | AG43: 20527180 | AH43: ARFAN NUBAID | AI43: L
U44: RAPORT | V44: 0096776269 | W44: 20527197 | X44: AISYAH ANA HARIYANTO | Y44: P | AE44: ZONASI | AF44: 0092243247 | AG44: 20527180 | AH44: PATO ALTHAF MULYAWAN | AI44: L
U45: RAPORT | V45: 0091238339 | W45: 20527197 | X45: AISYAH ANI HARIYANTO | Y45: P | AE45: ZONASI | AF45: 0088416817 | AG45: 20527180 | AH45: MUHAMMAD FATHIR KHAWARIZMI | AI45: L
U46: RAPORT | V46: 0098516635 | W46: 20583363 | X46: Ahmad Faiz Rahmatillah | Y46: L | AE46: ZONASI | AF46: 0097433698 | AG46: 20527197 | AH46: MOHAMMAD DAFFANSYAH ROIS | AI46: L
U47: RAPORT | V47: 0087858823 | W47: 20527197 | X47: MOH SAHRUL MAULIDI | Y47: L | AE47: ZONASI | AF47: 3087463662 | AG47: 20583363 | AH47: SAYYID AHMAD ALFANSORI | AI47: L
U48: RAPORT | V48: 0086540890 | W48: 20527197 | X48: SUCI MARETA ARIEF | Y48: P | AE48: ZONASI | AF48: 0065403876 | AG48: 20527197 | AH48: AMIEN FIRDAUS | AI48: L
U49: RAPORT | V49: 0085989808 | W49: 20527197 | X49: MEIDY ARYANTO WIGUNA | Y49: L | AE49: ZONASI | AF49: 0089650480 | AG49: 20528654 | AH49: HAYZA DINA AULIYA | AI49: P
U50: RAPORT | V50: 0083060697 | W50: 20527197 | X50: ALLAFA ALYYUS SULTANSYAH WIDJAYA | Y50: L | AE50: ZONASI | AF50: 0085662442 | AG50: 20527197 | AH50: YUNIAR AL MIRA RAMADHANI
U51: RAPORT | V51: 0087903138 | W51: 20527180 | X51: LUNA ZAHRATUS SHITA | Y51: P | AE51: ZONASI | AF51: 0093162650 | AG51: 20527180 | AH51: MOHAMMAD DHORIF AFLAH FAISAL | AI51: L
U52: RAPORT | V52: 0085676521 | W52: 20532770 | X52: VEREN ALANA SUYONO | Y52: P | AE52: ZONASI | AF52: 0084713270 | AG52: 20527197 | AH52: MUHAMMAD YUSUF ADI PRATAMA | AI52: L
U53: RAPORT | V53: 0083093788 | W53: 20527197 | X53: AMELIA RIZKI RAMADHANI SURYANTO | Y53: P | AE53: ZONASI | AF53: 0088623988 | AG53: 20527197 | AH53: FIRA OKTAVIA HIDAYATI | AI53: P
U54: RAPORT | V54: 0083337131 | W54: 20527197 | X54: ARINI ULFA HIDAYATI | Y54: P | AE54: ZONASI | AF54: 0087170874 | AG54: 20527197 | AH54: SHERIN ANNISA RAHMANI | AI54: P
U55: RAPORT | V55: 0093607543 | W55: 20527197 | X55: MOH ZACKY MAULANA FIRDAUSI | Y55: L | AE55: ZONASI | AF55: 0089276032 | AG55: 20527197 | AH55: MOH AFGAN BARLIYANTO | AI55: L
U56: RAPORT | V56: 0081315442 | W56: 20527197 | X56: SEPTI RAHMADIYANTI | Y56: P | AE56: ZONASI | AF56: 0086255643 | AG56: 20527180 | AH56: REVIANA ZAHRA | AI56: P
U57: RAPORT | V57: 0085164886 | W57: 20527197 | X57: FATHIMAH AZ ZAHRA | Y57: P | AE57: ZONASI | AF57: 0084346315 | AG57: 20527197 | AH57: GILANG AKMAL HIDAYAT | AI57: L
U58: RAPORT | V58: 0095437804 | W58: 20531242 | X58: Asyra Mardhodillah Shafa | Y58: P | AE58: ZONASI | AF58: 0091631646 | AG58: 20527180 | AH58: DEVANI BAGUS ZAKIYAN | AI58: L
U59: RAPORT | V59: 0092976748 | W59: 20529897 | X59: MUHAMMAD DAFA ARRIFAI | Y59: L | AE59: ZONASI | AF59: 0096081695 | AG59: 20527197 | AH59: ACH NURUL HIDAYAT | AI59: L
U60: RAPORT | V60: 0083375001 | W60: 20527197 | X60: NAZIFA SALSABILA | Y60: P | AE60: ZONASI | AF60: 0095865320 | AG60: 20527197 | AH60: REZKY ANDIZA PRATAMA | AI60: L
U61: RAPORT | V61: 0088166851 | W61: 20500505 | X61: AULIA FAIZAH | Y61: P | AE61: ZONASI | AF61: 0093543547 | AG61: 20527197 | AH61: FENI ISTIGHFARINI | AI61: P
U62: RAPORT | V62: 0108459456 | W62: 20583367 | X62: MOH WILDAN RADITYA | Y62: L | AE62: ZONASI | AF62: 0099672333 | AG62: 20527197 | AH62: RAHMI HUMAIRA | AI62: P
... U68: RAPORT | V68: 0091451514 | W68: 20527197 | X68: SAFAIRA PUTERI MAEDIANSYAH | Y68: P | AE68: ZONASI | AF68: 0099559196 | AG68: 20527180 | AH68: MOH FIKI ALAN FAJRI | AI68: L
U69: RAPORT | V69: 3082973214 | W69: 20528625 | X69: NAUFAL RAHMATULLOH N A | Y69: L | AE69: ZONASI | AF69: 0084036504 | AG69: 20527180 | AH69: NAUFAL PUTRA HARDIANSYAH | AI69: L
U70: RAPORT | V70: 0095526227 | W70: 20528625 | X70: MOH REZA FEBRILIYANTO | Y70: L | AE70: ZONASI | AF70: 0082607776 | AG70: 20527197 | AH70: ANDI ZAKY DANISH FIRMANSYAH | AI70: L
U71: RAPORT | V71: 0092554098 | W71: 20529909 | X71: AKH RASYA EFENDI PUTRA | Y71: L | AE71: ZONASI | AF71: 0084641835 | AG71: 20566545 | AH71: AKRAM ARKANANTA FIRDAUS | AI71: L
U72: RAPORT | V72: 0087754345 | W72: 20527197 | X72: Nabila Novalinda Ali Wafa | Y72: P | AE72: ZONASI | AF72: 0092449638 | AG72: 20527197 | AH72: AURA DINDA TRY ZALIANTY | AI72: P
U73: RAPORT | V73: 0156061180 | W73: 69867917 | X73: FIRZA AMIRA EL FAIZA | Y73: P | AE73: ZONASI | AF73: 0081665724 | AG73: 20527180 | AH73: ICHA YUNITA PURNAMA | AI73: P
U74: RAPORT | V74: 0083852021 | W74: 20527185 | X74: RIKI PUTRA RAIHAN | Y74: L | AE74: ZONASI | AF74: 0088529897 | AG74: 20527180 | AH74: GILANG AKBAR SYAHPUTRA NASSO | AI74: L
U75: RAPORT | V75: 0095598740 | W75: 20528625 | X75: MUHAMMAD INDRA RIZKY FAHREZA | Y75: L | AE75: ZONASI | AF75: 0097358875 | AG75: 20527197 | AH75: ADILA RASYADAH RAHMAN | AI75: P
U76: RAPORT | V76: 0087693410 | W76: 20566545 | X76: BETARIA WIFAN AGUSTA | Y76: P | AE76: ZONASI | AF76: 0083715423 | AG76: 20566545 | AH76: ZAUMAR ABDURRAHMAN RITONGA | AI76: L
U77: RAPORT | V77: 3081834782 | W77: 20528625 | X77: RARA QONITA ROYHANI | Y77: P | AE77: ZONASI | AF77: 0095088946 | AG77: 20583363 | AH77: ARIANNA FATHIA LATHIEFANI | AI77: P
U78: RAPORT | V78: 0086660138 | W78: 20527197 | X78: Juwita Riski Amalia | Y78: P | AE78: ZONASI | AF78: 0094346939 | AG78: 20527180 | AH78: MOH ALFIAN ZAINAL ARIF | AI78: L
U79: RAPORT | V79: 0097064727 | W79: 20527197 | X79: NAYLA SHAFA AZZAHRA | Y79: P | AE79: ZONASI | AF79: 0088629626 | AG79: 20527180 | AH79: BELVA PRATISARA DIYAS | AI79: P
U80: RAPORT | V80: 0085484405 | W80: 20573043 | X80: Muhammad Mikhail Al Farizy | Y80: L | AE80: ZONASI | AF80: 0089337623 | AG80: 20527197 | AH80: KEA APRILIA MEDIANA PUTRI | AI80: P
U81: RAPORT | V81: 0083494373 | W81: 20527197 | X81: CARISSA DWI PUTRI LARASATI | Y81: P | AE81: ZONASI | AF81: 0093440845 | AG81: 20527169 | AH81: ALLENA GIOVANNY SUGIARTO | AI81: P
U82: RAPORT | V82: 0098950100 | W82: 20527197 | X82: NADIYAH ARINDA ALFIYANI | Y82: P | AE82: ZONASI | AF82: 0095502237 | AG82: 20213948 | AH82: SANDRICA MENTARI WIDYADHANA | AI82: L
U83: RAPORT | V83: 0083986747 | W83: 20527197 | X83: MUHAMMAD RIZQI MAULIDI | Y83: L | AE83: ZONASI | AF83: 0081452355 | AG83: 20527197 | AH83: MUHAMMAD BINTANG PUTRA DARMAWAN | AI83: L
U84: RAPORT | V84: 0091798089 | W84: 20527197 | X84: FEBRI NURIA FAJRIN | Y84: L | AE84: ZONASI | AF84: 0098143816 | AG84: 20527180 | AH84: AZIMU NASYWA YATRIN | AI84: P
U85: RAPORT | V85: 0082864028 | W85: 20527193 | X85: Dirgantara Fairuz Iftikhori | Y85: L | AE85: ZONASI | AF85: 0081404380 | AG85: 20583410 | AH85: MAULIDATUL KOFIFAH | AI85: P
U86: RAPORT | V86: 0092111132 | W86: 20527197 | X86: R NEVAN BASWARA DAUD | Y86: L | AE86: ZONASI | AF86: 0085664492 | AG86: 20527180 | AH86: MUHAMMAD FAIZAL ALFAJRI | AI86: L
U87: RAPORT | V87: 0084839529 | W87: 20566545 | X87: LIVINA DZAKIRA NUGRAHA | Y87: P | AE87: ZONASI | AF87: 0087802844 | AG87: 20527180 | AH87: NUR IKHLAS ARIFIN | AI87: L
U88: RAPORT | V88: 0089987994 | W88: 20527197 | X88: FARDAN ABDILLAH NUR FIRDAUS | Y88: L | AE88: ZONASI | AF88: 0099057804 | AG88: 20527197 | AH88: MOH RIZKY ADITIANSYAH | AI88: L
U89: RAPORT | V89: 0086327756 | W89: 20527197 | X89: REVALINA DEWI AGUSTIN | Y89: P | AE89: ZONASI | AF89: 0082986450 | AG89: 20527197 | AH89: ACH IMAM MURTADHO | AI89: L
AE90: ZONASI | AF90: 0087193172 | AG90: 20527197 | AH90: NUR SYARIF | AI90: L
AE91: ZONASI | AF91: 0084462888 | AG91: 20527180 | AH91: MOHAMMAD IBRA PRATAMA | AI91: L
AE92: ZONASI | AF92: 0078105152 | AG92: 20527197 | AH92: RIYADHATUS SHOLIHIN | AI92: L
AE93: ZONASI | AF93: 0093657785 | AG93: 20579418 | AH93: Muhammad Nibras Fachrullah | AI93: L
AE94: ZONASI | AF94: 0096563279 | AG94: 20527197 | AH94: MAYSATUL HASANAH | AI94: P
AE95: ZONASI | AF95: 0083962670 | AG95: 20527180 | AH95: HOLIZATUL AMALIA | AI95: P
AE96: ZONASI | AF96: 0086109051 | AG96: 20527197 | AH96: AISYAH AZZAHRA | AI96: P
AE97: ZONASI | AF97: 3086768292 | AG97: 20527202 | AH97: ELISYIA NOUR FAKHRANI | AI97: P
AE98: ZONASI | AF98: 0084107821 | AG98: 20527197 | AH98: GEUREL RADIENA PHOEBIE | AI98: L
AE99: ZONASI | AF99: 0083185864 | AG99: 20527197 | AH99: M FAKHRI ALIEF OKTAVIAN | AI99: L
AE100: ZONASI | AF100: 0094168761 | AG100: 20527180 | AH100: PUTRI GARANITA ARDALIA WIBOWO | AI100: P
AE101: ZONASI | AF101: 0093351007 | AG101: 20583363 | AH101: Adintya Djasmine Aulia | AI101: P
AE102: ZONASI | AF102: 0086147736 | AG102: 20527180 | AH102: JEVIAN STYA PRATAMA | AI102: L
AE103: ZONASI | AF103: 0083330053 | AG103: 20527197 | AH103: SHELFIA PUTRI RAMADHANI | AI103: P
AE104: ZONASI | AF104: 0086479528 | AG104: 20583411 | AH104: SELVIA RAMADHANI | AI104: P
AE105: ZONASI | AF105: 0081529684 | AG105: 20527180 | AH105: YULIATUL QOMARIYAH | AI105: P
...

Sheet Sheet1
B2: 1 | C2: AISYAH AZZAHRA | D2: P | E2: d
B3: 2 | C3: MEIDY ARYANTO WIGUNA | D3: L | E3: d
B4: 3 | C4: AGUNG AULIA AKBAR | D4: L | E4: e
B5: 4 | C5: HUMAIRA SHALSABILA FIRDAUZI | D5: P | E5: e
B6: 5 | C6: CHIKO HARDELIO TAHER | D6: L | E6: f
B7: 6 | C7: ROBIATUL HUMAIROH | D7: P | E7: f
B8: 7 | C8: SELVIA RAMADHANI | D8: P | E8: g
B9: 8 | C9: MOH ALFAN KURNIAWAN | D9: L | E9: h
B10: 9 | C10: MUHAMMAD FAIZAL ALFAJRI | D10: L | E10: i
B11: 10 | C11: VEREN ALANA SUYONO | D11: P | E11: i
B12: 11 | C12: NAFIIS DWI PUTRA DESTYAMIN | D12: L | E12: j
